"ProductId","Brand","ProductName","Color","FirstVariantImage","BackImage","QueryUrl"
"1","Apple","iPhone 17 Pro Max","Black Titanium","iphone-17-pro-max-8gb-256gb-black-titanium.jpg","iphone-17-pro-max-black-titanium-back.jpg","https://tse1.mm.bing.net/th?q=iPhone%2017%20Pro%20Max%20Black%20Titanium%20official%20product%20phone%20white%20background&w=700&h=700&c=7&rs=1&p=0"
"1","Apple","iPhone 17 Pro Max","White Titanium","iphone-17-pro-max-8gb-256gb-white-titanium.jpg","iphone-17-pro-max-white-titanium-back.jpg","https://tse1.mm.bing.net/th?q=iPhone%2017%20Pro%20Max%20White%20Titanium%20official%20product%20phone%20white%20background&w=700&h=700&c=7&rs=1&p=0"
"1","Apple","iPhone 17 Pro Max","Blue Titanium","iphone-17-pro-max-8gb-256gb-blue-titanium.jpg","iphone-17-pro-max-blue-titanium-back.jpg","https://tse1.mm.bing.net/th?q=iPhone%2017%20Pro%20Max%20Blue%20Titanium%20official%20product%20phone%20white%20background&w=700&h=700&c=7&rs=1&p=0"
"1","Apple","iPhone 17 Pro Max","Natural Titanium","iphone-17-pro-max-8gb-256gb-natural-titanium.jpg","iphone-17-pro-max-natural-titanium-back.jpg","https://tse1.mm.bing.net/th?q=iPhone%2017%20Pro%20Max%20Natural%20Titanium%20official%20product%20phone%20white%20background&w=700&h=700&c=7&rs=1&p=0"
"2","Apple","iPhone 17 Pro","Black Titanium","iphone-17-pro-8gb-256gb-black-titanium.jpg","iphone-17-pro-black-titanium-back.jpg","https://tse1.mm.bing.net/th?q=iPhone%2017%20Pro%20Black%20Titanium%20official%20product%20phone%20white%20background&w=700&h=700&c=7&rs=1&p=0"
"2","Apple","iPhone 17 Pro","White Titanium","iphone-17-pro-8gb-256gb-white-titanium.jpg","iphone-17-pro-white-titanium-back.jpg","https://tse1.mm.bing.net/th?q=iPhone%2017%20Pro%20White%20Titanium%20official%20product%20phone%20white%20background&w=700&h=700&c=7&rs=1&p=0"
"2","Apple","iPhone 17 Pro","Blue Titanium","iphone-17-pro-8gb-256gb-blue-titanium.jpg","iphone-17-pro-blue-titanium-back.jpg","https://tse1.mm.bing.net/th?q=iPhone%2017%20Pro%20Blue%20Titanium%20official%20product%20phone%20white%20background&w=700&h=700&c=7&rs=1&p=0"
"2","Apple","iPhone 17 Pro","Natural Titanium","iphone-17-pro-8gb-256gb-natural-titanium.jpg","iphone-17-pro-natural-titanium-back.jpg","https://tse1.mm.bing.net/th?q=iPhone%2017%20Pro%20Natural%20Titanium%20official%20product%20phone%20white%20background&w=700&h=700&c=7&rs=1&p=0"
"3","Apple","iPhone Air","Black","iphone-air-8gb-256gb-black.jpg","iphone-air-black-back.jpg","https://tse1.mm.bing.net/th?q=iPhone%20Air%20Black%20official%20product%20phone%20white%20background&w=700&h=700&c=7&rs=1&p=0"
"3","Apple","iPhone Air","White","iphone-air-8gb-256gb-white.jpg","iphone-air-white-back.jpg","https://tse1.mm.bing.net/th?q=iPhone%20Air%20White%20official%20product%20phone%20white%20background&w=700&h=700&c=7&rs=1&p=0"
"3","Apple","iPhone Air","Blue","iphone-air-8gb-256gb-blue.jpg","iphone-air-blue-back.jpg","https://tse1.mm.bing.net/th?q=iPhone%20Air%20Blue%20official%20product%20phone%20white%20background&w=700&h=700&c=7&rs=1&p=0"
"3","Apple","iPhone Air","Pink","iphone-air-8gb-256gb-pink.jpg","iphone-air-pink-back.jpg","https://tse1.mm.bing.net/th?q=iPhone%20Air%20Pink%20official%20product%20phone%20white%20background&w=700&h=700&c=7&rs=1&p=0"
"4","Apple","iPhone 17","Black","iphone-17-8gb-256gb-black.jpg","iphone-17-black-back.jpg","https://tse1.mm.bing.net/th?q=iPhone%2017%20Black%20official%20product%20phone%20white%20background&w=700&h=700&c=7&rs=1&p=0"
"4","Apple","iPhone 17","White","iphone-17-8gb-256gb-white.jpg","iphone-17-white-back.jpg","https://tse1.mm.bing.net/th?q=iPhone%2017%20White%20official%20product%20phone%20white%20background&w=700&h=700&c=7&rs=1&p=0"
"4","Apple","iPhone 17","Blue","iphone-17-8gb-256gb-blue.jpg","iphone-17-blue-back.jpg","https://tse1.mm.bing.net/th?q=iPhone%2017%20Blue%20official%20product%20phone%20white%20background&w=700&h=700&c=7&rs=1&p=0"
"4","Apple","iPhone 17","Pink","iphone-17-8gb-256gb-pink.jpg","iphone-17-pink-back.jpg","https://tse1.mm.bing.net/th?q=iPhone%2017%20Pink%20official%20product%20phone%20white%20background&w=700&h=700&c=7&rs=1&p=0"
"5","Apple","iPhone 17e","Black","iphone-17e-8gb-256gb-black.jpg","iphone-17e-black-back.jpg","https://tse1.mm.bing.net/th?q=iPhone%2017e%20Black%20official%20product%20phone%20white%20background&w=700&h=700&c=7&rs=1&p=0"
"5","Apple","iPhone 17e","White","iphone-17e-8gb-256gb-white.jpg","iphone-17e-white-back.jpg","https://tse1.mm.bing.net/th?q=iPhone%2017e%20White%20official%20product%20phone%20white%20background&w=700&h=700&c=7&rs=1&p=0"
"5","Apple","iPhone 17e","Blue","iphone-17e-8gb-256gb-blue.jpg","iphone-17e-blue-back.jpg","https://tse1.mm.bing.net/th?q=iPhone%2017e%20Blue%20official%20product%20phone%20white%20background&w=700&h=700&c=7&rs=1&p=0"
"5","Apple","iPhone 17e","Pink","iphone-17e-8gb-256gb-pink.jpg","iphone-17e-pink-back.jpg","https://tse1.mm.bing.net/th?q=iPhone%2017e%20Pink%20official%20product%20phone%20white%20background&w=700&h=700&c=7&rs=1&p=0"
"6","Apple","iPhone 16 Pro Max","Black Titanium","iphone-16-pro-max-8gb-256gb-black-titanium.jpg","iphone-16-pro-max-black-titanium-back.jpg","https://tse1.mm.bing.net/th?q=iPhone%2016%20Pro%20Max%20Black%20Titanium%20official%20product%20phone%20white%20background&w=700&h=700&c=7&rs=1&p=0"
"6","Apple","iPhone 16 Pro Max","White Titanium","iphone-16-pro-max-8gb-256gb-white-titanium.jpg","iphone-16-pro-max-white-titanium-back.jpg","https://tse1.mm.bing.net/th?q=iPhone%2016%20Pro%20Max%20White%20Titanium%20official%20product%20phone%20white%20background&w=700&h=700&c=7&rs=1&p=0"
"6","Apple","iPhone 16 Pro Max","Blue Titanium","iphone-16-pro-max-8gb-256gb-blue-titanium.jpg","iphone-16-pro-max-blue-titanium-back.jpg","https://tse1.mm.bing.net/th?q=iPhone%2016%20Pro%20Max%20Blue%20Titanium%20official%20product%20phone%20white%20background&w=700&h=700&c=7&rs=1&p=0"
"6","Apple","iPhone 16 Pro Max","Natural Titanium","iphone-16-pro-max-8gb-256gb-natural-titanium.jpg","iphone-16-pro-max-natural-titanium-back.jpg","https://tse1.mm.bing.net/th?q=iPhone%2016%20Pro%20Max%20Natural%20Titanium%20official%20product%20phone%20white%20background&w=700&h=700&c=7&rs=1&p=0"
"7","Apple","iPhone 16 Pro","Black Titanium","iphone-16-pro-8gb-256gb-black-titanium.jpg","iphone-16-pro-black-titanium-back.jpg","https://tse1.mm.bing.net/th?q=iPhone%2016%20Pro%20Black%20Titanium%20official%20product%20phone%20white%20background&w=700&h=700&c=7&rs=1&p=0"
"7","Apple","iPhone 16 Pro","White Titanium","iphone-16-pro-8gb-256gb-white-titanium.jpg","iphone-16-pro-white-titanium-back.jpg","https://tse1.mm.bing.net/th?q=iPhone%2016%20Pro%20White%20Titanium%20official%20product%20phone%20white%20background&w=700&h=700&c=7&rs=1&p=0"
"7","Apple","iPhone 16 Pro","Natural Titanium","iphone-16-pro-8gb-256gb-natural-titanium.jpg","iphone-16-pro-natural-titanium-back.jpg","https://tse1.mm.bing.net/th?q=iPhone%2016%20Pro%20Natural%20Titanium%20official%20product%20phone%20white%20background&w=700&h=700&c=7&rs=1&p=0"
"8","Apple","iPhone 16 Plus","Black","iphone-16-plus-8gb-256gb-black.jpg","iphone-16-plus-black-back.jpg","https://tse1.mm.bing.net/th?q=iPhone%2016%20Plus%20Black%20official%20product%20phone%20white%20background&w=700&h=700&c=7&rs=1&p=0"
"8","Apple","iPhone 16 Plus","White","iphone-16-plus-8gb-256gb-white.jpg","iphone-16-plus-white-back.jpg","https://tse1.mm.bing.net/th?q=iPhone%2016%20Plus%20White%20official%20product%20phone%20white%20background&w=700&h=700&c=7&rs=1&p=0"
"8","Apple","iPhone 16 Plus","Blue","iphone-16-plus-8gb-256gb-blue.jpg","iphone-16-plus-blue-back.jpg","https://tse1.mm.bing.net/th?q=iPhone%2016%20Plus%20Blue%20official%20product%20phone%20white%20background&w=700&h=700&c=7&rs=1&p=0"
"8","Apple","iPhone 16 Plus","Pink","iphone-16-plus-8gb-256gb-pink.jpg","iphone-16-plus-pink-back.jpg","https://tse1.mm.bing.net/th?q=iPhone%2016%20Plus%20Pink%20official%20product%20phone%20white%20background&w=700&h=700&c=7&rs=1&p=0"
"9","Apple","iPhone 16","Black","iphone-16-8gb-256gb-black.jpg","iphone-16-black-back.jpg","https://tse1.mm.bing.net/th?q=iPhone%2016%20Black%20official%20product%20phone%20white%20background&w=700&h=700&c=7&rs=1&p=0"
"9","Apple","iPhone 16","White","iphone-16-8gb-256gb-white.jpg","iphone-16-white-back.jpg","https://tse1.mm.bing.net/th?q=iPhone%2016%20White%20official%20product%20phone%20white%20background&w=700&h=700&c=7&rs=1&p=0"
"9","Apple","iPhone 16","Blue","iphone-16-8gb-256gb-blue.jpg","iphone-16-blue-back.jpg","https://tse1.mm.bing.net/th?q=iPhone%2016%20Blue%20official%20product%20phone%20white%20background&w=700&h=700&c=7&rs=1&p=0"
"9","Apple","iPhone 16","Pink","iphone-16-8gb-256gb-pink.jpg","iphone-16-pink-back.jpg","https://tse1.mm.bing.net/th?q=iPhone%2016%20Pink%20official%20product%20phone%20white%20background&w=700&h=700&c=7&rs=1&p=0"
"10","Apple","iPhone 16e","Black","iphone-16e-8gb-256gb-black.jpg","iphone-16e-black-back.jpg","https://tse1.mm.bing.net/th?q=iPhone%2016e%20Black%20official%20product%20phone%20white%20background&w=700&h=700&c=7&rs=1&p=0"
"10","Apple","iPhone 16e","White","iphone-16e-8gb-256gb-white.jpg","iphone-16e-white-back.jpg","https://tse1.mm.bing.net/th?q=iPhone%2016e%20White%20official%20product%20phone%20white%20background&w=700&h=700&c=7&rs=1&p=0"
"10","Apple","iPhone 16e","Blue","iphone-16e-8gb-256gb-blue.jpg","iphone-16e-blue-back.jpg","https://tse1.mm.bing.net/th?q=iPhone%2016e%20Blue%20official%20product%20phone%20white%20background&w=700&h=700&c=7&rs=1&p=0"
"10","Apple","iPhone 16e","Pink","iphone-16e-8gb-256gb-pink.jpg","iphone-16e-pink-back.jpg","https://tse1.mm.bing.net/th?q=iPhone%2016e%20Pink%20official%20product%20phone%20white%20background&w=700&h=700&c=7&rs=1&p=0"
"11","Apple","iPhone 15 Pro Max","Black Titanium","iphone-15-pro-max-8gb-256gb-black-titanium.jpg","iphone-15-pro-max-black-titanium-back.jpg","https://tse1.mm.bing.net/th?q=iPhone%2015%20Pro%20Max%20Black%20Titanium%20official%20product%20phone%20white%20background&w=700&h=700&c=7&rs=1&p=0"
"11","Apple","iPhone 15 Pro Max","White Titanium","iphone-15-pro-max-8gb-256gb-white-titanium.jpg","iphone-15-pro-max-white-titanium-back.jpg","https://tse1.mm.bing.net/th?q=iPhone%2015%20Pro%20Max%20White%20Titanium%20official%20product%20phone%20white%20background&w=700&h=700&c=7&rs=1&p=0"
"11","Apple","iPhone 15 Pro Max","Blue Titanium","iphone-15-pro-max-8gb-256gb-blue-titanium.jpg","iphone-15-pro-max-blue-titanium-back.jpg","https://tse1.mm.bing.net/th?q=iPhone%2015%20Pro%20Max%20Blue%20Titanium%20official%20product%20phone%20white%20background&w=700&h=700&c=7&rs=1&p=0"
"11","Apple","iPhone 15 Pro Max","Natural Titanium","iphone-15-pro-max-8gb-256gb-natural-titanium.jpg","iphone-15-pro-max-natural-titanium-back.jpg","https://tse1.mm.bing.net/th?q=iPhone%2015%20Pro%20Max%20Natural%20Titanium%20official%20product%20phone%20white%20background&w=700&h=700&c=7&rs=1&p=0"
"12","Apple","iPhone 15 Pro","Black Titanium","iphone-15-pro-8gb-256gb-black-titanium.jpg","iphone-15-pro-black-titanium-back.jpg","https://tse1.mm.bing.net/th?q=iPhone%2015%20Pro%20Black%20Titanium%20official%20product%20phone%20white%20background&w=700&h=700&c=7&rs=1&p=0"
"12","Apple","iPhone 15 Pro","White Titanium","iphone-15-pro-8gb-256gb-white-titanium.jpg","iphone-15-pro-white-titanium-back.jpg","https://tse1.mm.bing.net/th?q=iPhone%2015%20Pro%20White%20Titanium%20official%20product%20phone%20white%20background&w=700&h=700&c=7&rs=1&p=0"
"12","Apple","iPhone 15 Pro","Blue Titanium","iphone-15-pro-8gb-256gb-blue-titanium.jpg","iphone-15-pro-blue-titanium-back.jpg","https://tse1.mm.bing.net/th?q=iPhone%2015%20Pro%20Blue%20Titanium%20official%20product%20phone%20white%20background&w=700&h=700&c=7&rs=1&p=0"
"12","Apple","iPhone 15 Pro","Natural Titanium","iphone-15-pro-8gb-256gb-natural-titanium.jpg","iphone-15-pro-natural-titanium-back.jpg","https://tse1.mm.bing.net/th?q=iPhone%2015%20Pro%20Natural%20Titanium%20official%20product%20phone%20white%20background&w=700&h=700&c=7&rs=1&p=0"
"13","Apple","iPhone 15 Plus","Black","iphone-15-plus-8gb-256gb-black.jpg","iphone-15-plus-black-back.jpg","https://tse1.mm.bing.net/th?q=iPhone%2015%20Plus%20Black%20official%20product%20phone%20white%20background&w=700&h=700&c=7&rs=1&p=0"
"13","Apple","iPhone 15 Plus","White","iphone-15-plus-8gb-256gb-white.jpg","iphone-15-plus-white-back.jpg","https://tse1.mm.bing.net/th?q=iPhone%2015%20Plus%20White%20official%20product%20phone%20white%20background&w=700&h=700&c=7&rs=1&p=0"
"13","Apple","iPhone 15 Plus","Blue","iphone-15-plus-8gb-256gb-blue.jpg","iphone-15-plus-blue-back.jpg","https://tse1.mm.bing.net/th?q=iPhone%2015%20Plus%20Blue%20official%20product%20phone%20white%20background&w=700&h=700&c=7&rs=1&p=0"
"13","Apple","iPhone 15 Plus","Pink","iphone-15-plus-8gb-256gb-pink.jpg","iphone-15-plus-pink-back.jpg","https://tse1.mm.bing.net/th?q=iPhone%2015%20Plus%20Pink%20official%20product%20phone%20white%20background&w=700&h=700&c=7&rs=1&p=0"
"14","Apple","iPhone 15","Black","iphone-15-6gb-128gb-black.jpg","iphone-15-black-back.jpg","https://tse1.mm.bing.net/th?q=iPhone%2015%20Black%20official%20product%20phone%20white%20background&w=700&h=700&c=7&rs=1&p=0"
"14","Apple","iPhone 15","White","iphone-15-6gb-128gb-white.jpg","iphone-15-white-back.jpg","https://tse1.mm.bing.net/th?q=iPhone%2015%20White%20official%20product%20phone%20white%20background&w=700&h=700&c=7&rs=1&p=0"
"14","Apple","iPhone 15","Blue","iphone-15-6gb-128gb-blue.jpg","iphone-15-blue-back.jpg","https://tse1.mm.bing.net/th?q=iPhone%2015%20Blue%20official%20product%20phone%20white%20background&w=700&h=700&c=7&rs=1&p=0"
"14","Apple","iPhone 15","Pink","iphone-15-6gb-128gb-pink.jpg","iphone-15-pink-back.jpg","https://tse1.mm.bing.net/th?q=iPhone%2015%20Pink%20official%20product%20phone%20white%20background&w=700&h=700&c=7&rs=1&p=0"
"15","Apple","iPhone 14 Pro Max","Black","iphone-14-pro-max-6gb-128gb-black.jpg","iphone-14-pro-max-black-back.jpg","https://tse1.mm.bing.net/th?q=iPhone%2014%20Pro%20Max%20Black%20official%20product%20phone%20white%20background&w=700&h=700&c=7&rs=1&p=0"
"15","Apple","iPhone 14 Pro Max","White","iphone-14-pro-max-6gb-128gb-white.jpg","iphone-14-pro-max-white-back.jpg","https://tse1.mm.bing.net/th?q=iPhone%2014%20Pro%20Max%20White%20official%20product%20phone%20white%20background&w=700&h=700&c=7&rs=1&p=0"
"15","Apple","iPhone 14 Pro Max","Blue","iphone-14-pro-max-6gb-128gb-blue.jpg","iphone-14-pro-max-blue-back.jpg","https://tse1.mm.bing.net/th?q=iPhone%2014%20Pro%20Max%20Blue%20official%20product%20phone%20white%20background&w=700&h=700&c=7&rs=1&p=0"
"15","Apple","iPhone 14 Pro Max","Pink","iphone-14-pro-max-6gb-128gb-pink.jpg","iphone-14-pro-max-pink-back.jpg","https://tse1.mm.bing.net/th?q=iPhone%2014%20Pro%20Max%20Pink%20official%20product%20phone%20white%20background&w=700&h=700&c=7&rs=1&p=0"
"16","Apple","iPhone 14 Pro","Black","iphone-14-pro-6gb-128gb-black.jpg","iphone-14-pro-black-back.jpg","https://tse1.mm.bing.net/th?q=iPhone%2014%20Pro%20Black%20official%20product%20phone%20white%20background&w=700&h=700&c=7&rs=1&p=0"
"16","Apple","iPhone 14 Pro","White","iphone-14-pro-6gb-128gb-white.jpg","iphone-14-pro-white-back.jpg","https://tse1.mm.bing.net/th?q=iPhone%2014%20Pro%20White%20official%20product%20phone%20white%20background&w=700&h=700&c=7&rs=1&p=0"
"16","Apple","iPhone 14 Pro","Blue","iphone-14-pro-6gb-128gb-blue.jpg","iphone-14-pro-blue-back.jpg","https://tse1.mm.bing.net/th?q=iPhone%2014%20Pro%20Blue%20official%20product%20phone%20white%20background&w=700&h=700&c=7&rs=1&p=0"
"16","Apple","iPhone 14 Pro","Pink","iphone-14-pro-6gb-128gb-pink.jpg","iphone-14-pro-pink-back.jpg","https://tse1.mm.bing.net/th?q=iPhone%2014%20Pro%20Pink%20official%20product%20phone%20white%20background&w=700&h=700&c=7&rs=1&p=0"
"17","Apple","iPhone 14 Plus","Black","iphone-14-plus-6gb-128gb-black.jpg","iphone-14-plus-black-back.jpg","https://tse1.mm.bing.net/th?q=iPhone%2014%20Plus%20Black%20official%20product%20phone%20white%20background&w=700&h=700&c=7&rs=1&p=0"
"17","Apple","iPhone 14 Plus","White","iphone-14-plus-6gb-128gb-white.jpg","iphone-14-plus-white-back.jpg","https://tse1.mm.bing.net/th?q=iPhone%2014%20Plus%20White%20official%20product%20phone%20white%20background&w=700&h=700&c=7&rs=1&p=0"
"17","Apple","iPhone 14 Plus","Blue","iphone-14-plus-6gb-128gb-blue.jpg","iphone-14-plus-blue-back.jpg","https://tse1.mm.bing.net/th?q=iPhone%2014%20Plus%20Blue%20official%20product%20phone%20white%20background&w=700&h=700&c=7&rs=1&p=0"
"17","Apple","iPhone 14 Plus","Pink","iphone-14-plus-6gb-128gb-pink.jpg","iphone-14-plus-pink-back.jpg","https://tse1.mm.bing.net/th?q=iPhone%2014%20Plus%20Pink%20official%20product%20phone%20white%20background&w=700&h=700&c=7&rs=1&p=0"
"18","Apple","iPhone 14","Black","iphone-14-6gb-128gb-black.jpg","iphone-14-black-back.jpg","https://tse1.mm.bing.net/th?q=iPhone%2014%20Black%20official%20product%20phone%20white%20background&w=700&h=700&c=7&rs=1&p=0"
"18","Apple","iPhone 14","White","iphone-14-6gb-128gb-white.jpg","iphone-14-white-back.jpg","https://tse1.mm.bing.net/th?q=iPhone%2014%20White%20official%20product%20phone%20white%20background&w=700&h=700&c=7&rs=1&p=0"
"18","Apple","iPhone 14","Blue","iphone-14-6gb-128gb-blue.jpg","iphone-14-blue-back.jpg","https://tse1.mm.bing.net/th?q=iPhone%2014%20Blue%20official%20product%20phone%20white%20background&w=700&h=700&c=7&rs=1&p=0"
"18","Apple","iPhone 14","Pink","iphone-14-6gb-128gb-pink.jpg","iphone-14-pink-back.jpg","https://tse1.mm.bing.net/th?q=iPhone%2014%20Pink%20official%20product%20phone%20white%20background&w=700&h=700&c=7&rs=1&p=0"
"19","Apple","iPhone 13 Pro Max","Black","iphone-13-pro-max-6gb-128gb-black.jpg","iphone-13-pro-max-black-back.jpg","https://tse1.mm.bing.net/th?q=iPhone%2013%20Pro%20Max%20Black%20official%20product%20phone%20white%20background&w=700&h=700&c=7&rs=1&p=0"
"19","Apple","iPhone 13 Pro Max","White","iphone-13-pro-max-6gb-128gb-white.jpg","iphone-13-pro-max-white-back.jpg","https://tse1.mm.bing.net/th?q=iPhone%2013%20Pro%20Max%20White%20official%20product%20phone%20white%20background&w=700&h=700&c=7&rs=1&p=0"
"19","Apple","iPhone 13 Pro Max","Blue","iphone-13-pro-max-6gb-128gb-blue.jpg","iphone-13-pro-max-blue-back.jpg","https://tse1.mm.bing.net/th?q=iPhone%2013%20Pro%20Max%20Blue%20official%20product%20phone%20white%20background&w=700&h=700&c=7&rs=1&p=0"
"19","Apple","iPhone 13 Pro Max","Pink","iphone-13-pro-max-6gb-128gb-pink.jpg","iphone-13-pro-max-pink-back.jpg","https://tse1.mm.bing.net/th?q=iPhone%2013%20Pro%20Max%20Pink%20official%20product%20phone%20white%20background&w=700&h=700&c=7&rs=1&p=0"
"20","Apple","iPhone 13 Pro","Black","iphone-13-pro-6gb-128gb-black.jpg","iphone-13-pro-black-back.jpg","https://tse1.mm.bing.net/th?q=iPhone%2013%20Pro%20Black%20official%20product%20phone%20white%20background&w=700&h=700&c=7&rs=1&p=0"
"20","Apple","iPhone 13 Pro","White","iphone-13-pro-6gb-128gb-white.jpg","iphone-13-pro-white-back.jpg","https://tse1.mm.bing.net/th?q=iPhone%2013%20Pro%20White%20official%20product%20phone%20white%20background&w=700&h=700&c=7&rs=1&p=0"
"20","Apple","iPhone 13 Pro","Blue","iphone-13-pro-6gb-128gb-blue.jpg","iphone-13-pro-blue-back.jpg","https://tse1.mm.bing.net/th?q=iPhone%2013%20Pro%20Blue%20official%20product%20phone%20white%20background&w=700&h=700&c=7&rs=1&p=0"
"20","Apple","iPhone 13 Pro","Pink","iphone-13-pro-6gb-128gb-pink.jpg","iphone-13-pro-pink-back.jpg","https://tse1.mm.bing.net/th?q=iPhone%2013%20Pro%20Pink%20official%20product%20phone%20white%20background&w=700&h=700&c=7&rs=1&p=0"
"21","Apple","iPhone 13","Black","iphone-13-6gb-128gb-black.jpg","iphone-13-black-back.jpg","https://tse1.mm.bing.net/th?q=iPhone%2013%20Black%20official%20product%20phone%20white%20background&w=700&h=700&c=7&rs=1&p=0"
"21","Apple","iPhone 13","White","iphone-13-6gb-128gb-white.jpg","iphone-13-white-back.jpg","https://tse1.mm.bing.net/th?q=iPhone%2013%20White%20official%20product%20phone%20white%20background&w=700&h=700&c=7&rs=1&p=0"
"21","Apple","iPhone 13","Blue","iphone-13-6gb-128gb-blue.jpg","iphone-13-blue-back.jpg","https://tse1.mm.bing.net/th?q=iPhone%2013%20Blue%20official%20product%20phone%20white%20background&w=700&h=700&c=7&rs=1&p=0"
"21","Apple","iPhone 13","Pink","iphone-13-6gb-128gb-pink.jpg","iphone-13-pink-back.jpg","https://tse1.mm.bing.net/th?q=iPhone%2013%20Pink%20official%20product%20phone%20white%20background&w=700&h=700&c=7&rs=1&p=0"
"22","Apple","iPhone 12 Pro Max","Black","iphone-12-pro-max-6gb-128gb-black.jpg","iphone-12-pro-max-black-back.jpg","https://tse1.mm.bing.net/th?q=iPhone%2012%20Pro%20Max%20Black%20official%20product%20phone%20white%20background&w=700&h=700&c=7&rs=1&p=0"
"22","Apple","iPhone 12 Pro Max","White","iphone-12-pro-max-6gb-128gb-white.jpg","iphone-12-pro-max-white-back.jpg","https://tse1.mm.bing.net/th?q=iPhone%2012%20Pro%20Max%20White%20official%20product%20phone%20white%20background&w=700&h=700&c=7&rs=1&p=0"
"22","Apple","iPhone 12 Pro Max","Blue","iphone-12-pro-max-6gb-128gb-blue.jpg","iphone-12-pro-max-blue-back.jpg","https://tse1.mm.bing.net/th?q=iPhone%2012%20Pro%20Max%20Blue%20official%20product%20phone%20white%20background&w=700&h=700&c=7&rs=1&p=0"
"22","Apple","iPhone 12 Pro Max","Pink","iphone-12-pro-max-6gb-128gb-pink.jpg","iphone-12-pro-max-pink-back.jpg","https://tse1.mm.bing.net/th?q=iPhone%2012%20Pro%20Max%20Pink%20official%20product%20phone%20white%20background&w=700&h=700&c=7&rs=1&p=0"
"23","Apple","iPhone 12 Pro","Black","iphone-12-pro-6gb-128gb-black.jpg","iphone-12-pro-black-back.jpg","https://tse1.mm.bing.net/th?q=iPhone%2012%20Pro%20Black%20official%20product%20phone%20white%20background&w=700&h=700&c=7&rs=1&p=0"
"23","Apple","iPhone 12 Pro","White","iphone-12-pro-6gb-128gb-white.jpg","iphone-12-pro-white-back.jpg","https://tse1.mm.bing.net/th?q=iPhone%2012%20Pro%20White%20official%20product%20phone%20white%20background&w=700&h=700&c=7&rs=1&p=0"
"23","Apple","iPhone 12 Pro","Blue","iphone-12-pro-6gb-128gb-blue.jpg","iphone-12-pro-blue-back.jpg","https://tse1.mm.bing.net/th?q=iPhone%2012%20Pro%20Blue%20official%20product%20phone%20white%20background&w=700&h=700&c=7&rs=1&p=0"
"23","Apple","iPhone 12 Pro","Pink","iphone-12-pro-6gb-128gb-pink.jpg","iphone-12-pro-pink-back.jpg","https://tse1.mm.bing.net/th?q=iPhone%2012%20Pro%20Pink%20official%20product%20phone%20white%20background&w=700&h=700&c=7&rs=1&p=0"
"24","Apple","iPhone 11 Pro Max","Black","iphone-11-pro-max-6gb-128gb-black.jpg","iphone-11-pro-max-black-back.jpg","https://tse1.mm.bing.net/th?q=iPhone%2011%20Pro%20Max%20Black%20official%20product%20phone%20white%20background&w=700&h=700&c=7&rs=1&p=0"
"24","Apple","iPhone 11 Pro Max","White","iphone-11-pro-max-6gb-128gb-white.jpg","iphone-11-pro-max-white-back.jpg","https://tse1.mm.bing.net/th?q=iPhone%2011%20Pro%20Max%20White%20official%20product%20phone%20white%20background&w=700&h=700&c=7&rs=1&p=0"
"24","Apple","iPhone 11 Pro Max","Blue","iphone-11-pro-max-6gb-128gb-blue.jpg","iphone-11-pro-max-blue-back.jpg","https://tse1.mm.bing.net/th?q=iPhone%2011%20Pro%20Max%20Blue%20official%20product%20phone%20white%20background&w=700&h=700&c=7&rs=1&p=0"
"24","Apple","iPhone 11 Pro Max","Pink","iphone-11-pro-max-6gb-128gb-pink.jpg","iphone-11-pro-max-pink-back.jpg","https://tse1.mm.bing.net/th?q=iPhone%2011%20Pro%20Max%20Pink%20official%20product%20phone%20white%20background&w=700&h=700&c=7&rs=1&p=0"
"25","Apple","iPhone 11 Pro","Black","iphone-11-pro-6gb-128gb-black.jpg","iphone-11-pro-black-back.jpg","https://tse1.mm.bing.net/th?q=iPhone%2011%20Pro%20Black%20official%20product%20phone%20white%20background&w=700&h=700&c=7&rs=1&p=0"
"25","Apple","iPhone 11 Pro","White","iphone-11-pro-6gb-128gb-white.jpg","iphone-11-pro-white-back.jpg","https://tse1.mm.bing.net/th?q=iPhone%2011%20Pro%20White%20official%20product%20phone%20white%20background&w=700&h=700&c=7&rs=1&p=0"
"25","Apple","iPhone 11 Pro","Blue","iphone-11-pro-6gb-128gb-blue.jpg","iphone-11-pro-blue-back.jpg","https://tse1.mm.bing.net/th?q=iPhone%2011%20Pro%20Blue%20official%20product%20phone%20white%20background&w=700&h=700&c=7&rs=1&p=0"
"25","Apple","iPhone 11 Pro","Pink","iphone-11-pro-6gb-128gb-pink.jpg","iphone-11-pro-pink-back.jpg","https://tse1.mm.bing.net/th?q=iPhone%2011%20Pro%20Pink%20official%20product%20phone%20white%20background&w=700&h=700&c=7&rs=1&p=0"
"26","Apple","iPhone SE 3","Black","iphone-se-3-6gb-128gb-black.jpg","iphone-se-3-black-back.jpg","https://tse1.mm.bing.net/th?q=iPhone%20SE%203%20Black%20official%20product%20phone%20white%20background&w=700&h=700&c=7&rs=1&p=0"
"26","Apple","iPhone SE 3","White","iphone-se-3-6gb-128gb-white.jpg","iphone-se-3-white-back.jpg","https://tse1.mm.bing.net/th?q=iPhone%20SE%203%20White%20official%20product%20phone%20white%20background&w=700&h=700&c=7&rs=1&p=0"
"26","Apple","iPhone SE 3","Blue","iphone-se-3-6gb-128gb-blue.jpg","iphone-se-3-blue-back.jpg","https://tse1.mm.bing.net/th?q=iPhone%20SE%203%20Blue%20official%20product%20phone%20white%20background&w=700&h=700&c=7&rs=1&p=0"
"26","Apple","iPhone SE 3","Pink","iphone-se-3-6gb-128gb-pink.jpg","iphone-se-3-pink-back.jpg","https://tse1.mm.bing.net/th?q=iPhone%20SE%203%20Pink%20official%20product%20phone%20white%20background&w=700&h=700&c=7&rs=1&p=0"
"27","Apple","iPhone 13 mini","Black","iphone-13-mini-4gb-64gb-black.jpg","iphone-13-mini-black-back.jpg","https://tse1.mm.bing.net/th?q=iPhone%2013%20mini%20Black%20official%20product%20phone%20white%20background&w=700&h=700&c=7&rs=1&p=0"
"27","Apple","iPhone 13 mini","White","iphone-13-mini-4gb-64gb-white.jpg","iphone-13-mini-white-back.jpg","https://tse1.mm.bing.net/th?q=iPhone%2013%20mini%20White%20official%20product%20phone%20white%20background&w=700&h=700&c=7&rs=1&p=0"
"27","Apple","iPhone 13 mini","Blue","iphone-13-mini-4gb-64gb-blue.jpg","iphone-13-mini-blue-back.jpg","https://tse1.mm.bing.net/th?q=iPhone%2013%20mini%20Blue%20official%20product%20phone%20white%20background&w=700&h=700&c=7&rs=1&p=0"
"27","Apple","iPhone 13 mini","Pink","iphone-13-mini-4gb-64gb-pink.jpg","iphone-13-mini-pink-back.jpg","https://tse1.mm.bing.net/th?q=iPhone%2013%20mini%20Pink%20official%20product%20phone%20white%20background&w=700&h=700&c=7&rs=1&p=0"
"28","Apple","iPhone 12 mini","Black","iphone-12-mini-4gb-64gb-black.jpg","iphone-12-mini-black-back.jpg","https://tse1.mm.bing.net/th?q=iPhone%2012%20mini%20Black%20official%20product%20phone%20white%20background&w=700&h=700&c=7&rs=1&p=0"
"28","Apple","iPhone 12 mini","White","iphone-12-mini-4gb-64gb-white.jpg","iphone-12-mini-white-back.jpg","https://tse1.mm.bing.net/th?q=iPhone%2012%20mini%20White%20official%20product%20phone%20white%20background&w=700&h=700&c=7&rs=1&p=0"
"28","Apple","iPhone 12 mini","Blue","iphone-12-mini-4gb-64gb-blue.jpg","iphone-12-mini-blue-back.jpg","https://tse1.mm.bing.net/th?q=iPhone%2012%20mini%20Blue%20official%20product%20phone%20white%20background&w=700&h=700&c=7&rs=1&p=0"
"28","Apple","iPhone 12 mini","Pink","iphone-12-mini-4gb-64gb-pink.jpg","iphone-12-mini-pink-back.jpg","https://tse1.mm.bing.net/th?q=iPhone%2012%20mini%20Pink%20official%20product%20phone%20white%20background&w=700&h=700&c=7&rs=1&p=0"
"29","Apple","iPhone 11","Black","iphone-11-4gb-64gb-black.jpg","iphone-11-black-back.jpg","https://tse1.mm.bing.net/th?q=iPhone%2011%20Black%20official%20product%20phone%20white%20background&w=700&h=700&c=7&rs=1&p=0"
"29","Apple","iPhone 11","White","iphone-11-4gb-64gb-white.jpg","iphone-11-white-back.jpg","https://tse1.mm.bing.net/th?q=iPhone%2011%20White%20official%20product%20phone%20white%20background&w=700&h=700&c=7&rs=1&p=0"
"29","Apple","iPhone 11","Blue","iphone-11-4gb-64gb-blue.jpg","iphone-11-blue-back.jpg","https://tse1.mm.bing.net/th?q=iPhone%2011%20Blue%20official%20product%20phone%20white%20background&w=700&h=700&c=7&rs=1&p=0"
"29","Apple","iPhone 11","Pink","iphone-11-4gb-64gb-pink.jpg","iphone-11-pink-back.jpg","https://tse1.mm.bing.net/th?q=iPhone%2011%20Pink%20official%20product%20phone%20white%20background&w=700&h=700&c=7&rs=1&p=0"
"30","Apple","iPhone XS Max","Black","iphone-xs-max-4gb-64gb-black.jpg","iphone-xs-max-black-back.jpg","https://tse1.mm.bing.net/th?q=iPhone%20XS%20Max%20Black%20official%20product%20phone%20white%20background&w=700&h=700&c=7&rs=1&p=0"
"30","Apple","iPhone XS Max","White","iphone-xs-max-4gb-64gb-white.jpg","iphone-xs-max-white-back.jpg","https://tse1.mm.bing.net/th?q=iPhone%20XS%20Max%20White%20official%20product%20phone%20white%20background&w=700&h=700&c=7&rs=1&p=0"
"30","Apple","iPhone XS Max","Blue","iphone-xs-max-4gb-64gb-blue.jpg","iphone-xs-max-blue-back.jpg","https://tse1.mm.bing.net/th?q=iPhone%20XS%20Max%20Blue%20official%20product%20phone%20white%20background&w=700&h=700&c=7&rs=1&p=0"
"30","Apple","iPhone XS Max","Pink","iphone-xs-max-4gb-64gb-pink.jpg","iphone-xs-max-pink-back.jpg","https://tse1.mm.bing.net/th?q=iPhone%20XS%20Max%20Pink%20official%20product%20phone%20white%20background&w=700&h=700&c=7&rs=1&p=0"
"31","Apple","iPhone XS","Black","iphone-xs-4gb-64gb-black.jpg","iphone-xs-black-back.jpg","https://tse1.mm.bing.net/th?q=iPhone%20XS%20Black%20official%20product%20phone%20white%20background&w=700&h=700&c=7&rs=1&p=0"
"31","Apple","iPhone XS","White","iphone-xs-4gb-64gb-white.jpg","iphone-xs-white-back.jpg","https://tse1.mm.bing.net/th?q=iPhone%20XS%20White%20official%20product%20phone%20white%20background&w=700&h=700&c=7&rs=1&p=0"
"31","Apple","iPhone XS","Blue","iphone-xs-4gb-64gb-blue.jpg","iphone-xs-blue-back.jpg","https://tse1.mm.bing.net/th?q=iPhone%20XS%20Blue%20official%20product%20phone%20white%20background&w=700&h=700&c=7&rs=1&p=0"
"31","Apple","iPhone XS","Pink","iphone-xs-4gb-64gb-pink.jpg","iphone-xs-pink-back.jpg","https://tse1.mm.bing.net/th?q=iPhone%20XS%20Pink%20official%20product%20phone%20white%20background&w=700&h=700&c=7&rs=1&p=0"
"32","Apple","iPhone XR","Black","iphone-xr-4gb-64gb-black.jpg","iphone-xr-black-back.jpg","https://tse1.mm.bing.net/th?q=iPhone%20XR%20Black%20official%20product%20phone%20white%20background&w=700&h=700&c=7&rs=1&p=0"
"32","Apple","iPhone XR","White","iphone-xr-4gb-64gb-white.jpg","iphone-xr-white-back.jpg","https://tse1.mm.bing.net/th?q=iPhone%20XR%20White%20official%20product%20phone%20white%20background&w=700&h=700&c=7&rs=1&p=0"
"32","Apple","iPhone XR","Blue","iphone-xr-4gb-64gb-blue.jpg","iphone-xr-blue-back.jpg","https://tse1.mm.bing.net/th?q=iPhone%20XR%20Blue%20official%20product%20phone%20white%20background&w=700&h=700&c=7&rs=1&p=0"
"32","Apple","iPhone XR","Pink","iphone-xr-4gb-64gb-pink.jpg","iphone-xr-pink-back.jpg","https://tse1.mm.bing.net/th?q=iPhone%20XR%20Pink%20official%20product%20phone%20white%20background&w=700&h=700&c=7&rs=1&p=0"
"33","Apple","iPhone X","Black","iphone-x-4gb-64gb-black.jpg","iphone-x-black-back.jpg","https://tse1.mm.bing.net/th?q=iPhone%20X%20Black%20official%20product%20phone%20white%20background&w=700&h=700&c=7&rs=1&p=0"
"33","Apple","iPhone X","White","iphone-x-4gb-64gb-white.jpg","iphone-x-white-back.jpg","https://tse1.mm.bing.net/th?q=iPhone%20X%20White%20official%20product%20phone%20white%20background&w=700&h=700&c=7&rs=1&p=0"
"33","Apple","iPhone X","Blue","iphone-x-4gb-64gb-blue.jpg","iphone-x-blue-back.jpg","https://tse1.mm.bing.net/th?q=iPhone%20X%20Blue%20official%20product%20phone%20white%20background&w=700&h=700&c=7&rs=1&p=0"
"33","Apple","iPhone X","Pink","iphone-x-4gb-64gb-pink.jpg","iphone-x-pink-back.jpg","https://tse1.mm.bing.net/th?q=iPhone%20X%20Pink%20official%20product%20phone%20white%20background&w=700&h=700&c=7&rs=1&p=0"
"34","Apple","iPhone SE 2","Black","iphone-se-2-4gb-64gb-black.jpg","iphone-se-2-black-back.jpg","https://tse1.mm.bing.net/th?q=iPhone%20SE%202%20Black%20official%20product%20phone%20white%20background&w=700&h=700&c=7&rs=1&p=0"
"35","Apple","iPhone 8 Plus","Black","iphone-8-plus-4gb-64gb-black.jpg","iphone-8-plus-black-back.jpg","https://tse1.mm.bing.net/th?q=iPhone%208%20Plus%20Black%20official%20product%20phone%20white%20background&w=700&h=700&c=7&rs=1&p=0"
"35","Apple","iPhone 8 Plus","White","iphone-8-plus-4gb-64gb-white.jpg","iphone-8-plus-white-back.jpg","https://tse1.mm.bing.net/th?q=iPhone%208%20Plus%20White%20official%20product%20phone%20white%20background&w=700&h=700&c=7&rs=1&p=0"
"35","Apple","iPhone 8 Plus","Blue","iphone-8-plus-4gb-64gb-blue.jpg","iphone-8-plus-blue-back.jpg","https://tse1.mm.bing.net/th?q=iPhone%208%20Plus%20Blue%20official%20product%20phone%20white%20background&w=700&h=700&c=7&rs=1&p=0"
"35","Apple","iPhone 8 Plus","Pink","iphone-8-plus-4gb-64gb-pink.jpg","iphone-8-plus-pink-back.jpg","https://tse1.mm.bing.net/th?q=iPhone%208%20Plus%20Pink%20official%20product%20phone%20white%20background&w=700&h=700&c=7&rs=1&p=0"
"36","Apple","iPhone 8","Black","iphone-8-4gb-64gb-black.jpg","iphone-8-black-back.jpg","https://tse1.mm.bing.net/th?q=iPhone%208%20Black%20official%20product%20phone%20white%20background&w=700&h=700&c=7&rs=1&p=0"
"36","Apple","iPhone 8","White","iphone-8-4gb-64gb-white.jpg","iphone-8-white-back.jpg","https://tse1.mm.bing.net/th?q=iPhone%208%20White%20official%20product%20phone%20white%20background&w=700&h=700&c=7&rs=1&p=0"
"36","Apple","iPhone 8","Blue","iphone-8-4gb-64gb-blue.jpg","iphone-8-blue-back.jpg","https://tse1.mm.bing.net/th?q=iPhone%208%20Blue%20official%20product%20phone%20white%20background&w=700&h=700&c=7&rs=1&p=0"
"36","Apple","iPhone 8","Pink","iphone-8-4gb-64gb-pink.jpg","iphone-8-pink-back.jpg","https://tse1.mm.bing.net/th?q=iPhone%208%20Pink%20official%20product%20phone%20white%20background&w=700&h=700&c=7&rs=1&p=0"
"37","Apple","iPhone 7 Plus","Black","iphone-7-plus-4gb-64gb-black.jpg","iphone-7-plus-black-back.jpg","https://tse1.mm.bing.net/th?q=iPhone%207%20Plus%20Black%20official%20product%20phone%20white%20background&w=700&h=700&c=7&rs=1&p=0"
"37","Apple","iPhone 7 Plus","White","iphone-7-plus-4gb-64gb-white.jpg","iphone-7-plus-white-back.jpg","https://tse1.mm.bing.net/th?q=iPhone%207%20Plus%20White%20official%20product%20phone%20white%20background&w=700&h=700&c=7&rs=1&p=0"
"37","Apple","iPhone 7 Plus","Blue","iphone-7-plus-4gb-64gb-blue.jpg","iphone-7-plus-blue-back.jpg","https://tse1.mm.bing.net/th?q=iPhone%207%20Plus%20Blue%20official%20product%20phone%20white%20background&w=700&h=700&c=7&rs=1&p=0"
"37","Apple","iPhone 7 Plus","Pink","iphone-7-plus-4gb-64gb-pink.jpg","iphone-7-plus-pink-back.jpg","https://tse1.mm.bing.net/th?q=iPhone%207%20Plus%20Pink%20official%20product%20phone%20white%20background&w=700&h=700&c=7&rs=1&p=0"
"38","Apple","iPhone 7","Black","iphone-7-4gb-64gb-black.jpg","iphone-7-black-back.jpg","https://tse1.mm.bing.net/th?q=iPhone%207%20Black%20official%20product%20phone%20white%20background&w=700&h=700&c=7&rs=1&p=0"
"38","Apple","iPhone 7","White","iphone-7-4gb-64gb-white.jpg","iphone-7-white-back.jpg","https://tse1.mm.bing.net/th?q=iPhone%207%20White%20official%20product%20phone%20white%20background&w=700&h=700&c=7&rs=1&p=0"
"38","Apple","iPhone 7","Blue","iphone-7-4gb-64gb-blue.jpg","iphone-7-blue-back.jpg","https://tse1.mm.bing.net/th?q=iPhone%207%20Blue%20official%20product%20phone%20white%20background&w=700&h=700&c=7&rs=1&p=0"
"38","Apple","iPhone 7","Pink","iphone-7-4gb-64gb-pink.jpg","iphone-7-pink-back.jpg","https://tse1.mm.bing.net/th?q=iPhone%207%20Pink%20official%20product%20phone%20white%20background&w=700&h=700&c=7&rs=1&p=0"
"39","Apple","iPhone SE","Black","iphone-se-2gb-32gb-black.jpg","iphone-se-black-back.jpg","https://tse1.mm.bing.net/th?q=iPhone%20SE%20Black%20official%20product%20phone%20white%20background&w=700&h=700&c=7&rs=1&p=0"
"39","Apple","iPhone SE","White","iphone-se-2gb-32gb-white.jpg","iphone-se-white-back.jpg","https://tse1.mm.bing.net/th?q=iPhone%20SE%20White%20official%20product%20phone%20white%20background&w=700&h=700&c=7&rs=1&p=0"
"39","Apple","iPhone SE","Blue","iphone-se-2gb-32gb-blue.jpg","iphone-se-blue-back.jpg","https://tse1.mm.bing.net/th?q=iPhone%20SE%20Blue%20official%20product%20phone%20white%20background&w=700&h=700&c=7&rs=1&p=0"
"39","Apple","iPhone SE","Pink","iphone-se-2gb-32gb-pink.jpg","iphone-se-pink-back.jpg","https://tse1.mm.bing.net/th?q=iPhone%20SE%20Pink%20official%20product%20phone%20white%20background&w=700&h=700&c=7&rs=1&p=0"
"40","Apple","iPhone 6s Plus","Black","iphone-6s-plus-2gb-32gb-black.jpg","iphone-6s-plus-black-back.jpg","https://tse1.mm.bing.net/th?q=iPhone%206s%20Plus%20Black%20official%20product%20phone%20white%20background&w=700&h=700&c=7&rs=1&p=0"
"40","Apple","iPhone 6s Plus","White","iphone-6s-plus-2gb-32gb-white.jpg","iphone-6s-plus-white-back.jpg","https://tse1.mm.bing.net/th?q=iPhone%206s%20Plus%20White%20official%20product%20phone%20white%20background&w=700&h=700&c=7&rs=1&p=0"
"40","Apple","iPhone 6s Plus","Blue","iphone-6s-plus-2gb-32gb-blue.jpg","iphone-6s-plus-blue-back.jpg","https://tse1.mm.bing.net/th?q=iPhone%206s%20Plus%20Blue%20official%20product%20phone%20white%20background&w=700&h=700&c=7&rs=1&p=0"
"40","Apple","iPhone 6s Plus","Pink","iphone-6s-plus-2gb-32gb-pink.jpg","iphone-6s-plus-pink-back.jpg","https://tse1.mm.bing.net/th?q=iPhone%206s%20Plus%20Pink%20official%20product%20phone%20white%20background&w=700&h=700&c=7&rs=1&p=0"
"41","Apple","iPhone 6s","Black","iphone-6s-2gb-32gb-black.jpg","iphone-6s-black-back.jpg","https://tse1.mm.bing.net/th?q=iPhone%206s%20Black%20official%20product%20phone%20white%20background&w=700&h=700&c=7&rs=1&p=0"
"41","Apple","iPhone 6s","White","iphone-6s-2gb-32gb-white.jpg","iphone-6s-white-back.jpg","https://tse1.mm.bing.net/th?q=iPhone%206s%20White%20official%20product%20phone%20white%20background&w=700&h=700&c=7&rs=1&p=0"
"41","Apple","iPhone 6s","Blue","iphone-6s-2gb-32gb-blue.jpg","iphone-6s-blue-back.jpg","https://tse1.mm.bing.net/th?q=iPhone%206s%20Blue%20official%20product%20phone%20white%20background&w=700&h=700&c=7&rs=1&p=0"
"41","Apple","iPhone 6s","Pink","iphone-6s-2gb-32gb-pink.jpg","iphone-6s-pink-back.jpg","https://tse1.mm.bing.net/th?q=iPhone%206s%20Pink%20official%20product%20phone%20white%20background&w=700&h=700&c=7&rs=1&p=0"
"42","Apple","iPhone 6 Plus","Black","iphone-6-plus-2gb-32gb-black.jpg","iphone-6-plus-black-back.jpg","https://tse1.mm.bing.net/th?q=iPhone%206%20Plus%20Black%20official%20product%20phone%20white%20background&w=700&h=700&c=7&rs=1&p=0"
"42","Apple","iPhone 6 Plus","White","iphone-6-plus-2gb-32gb-white.jpg","iphone-6-plus-white-back.jpg","https://tse1.mm.bing.net/th?q=iPhone%206%20Plus%20White%20official%20product%20phone%20white%20background&w=700&h=700&c=7&rs=1&p=0"
"42","Apple","iPhone 6 Plus","Blue","iphone-6-plus-2gb-32gb-blue.jpg","iphone-6-plus-blue-back.jpg","https://tse1.mm.bing.net/th?q=iPhone%206%20Plus%20Blue%20official%20product%20phone%20white%20background&w=700&h=700&c=7&rs=1&p=0"
"42","Apple","iPhone 6 Plus","Pink","iphone-6-plus-2gb-32gb-pink.jpg","iphone-6-plus-pink-back.jpg","https://tse1.mm.bing.net/th?q=iPhone%206%20Plus%20Pink%20official%20product%20phone%20white%20background&w=700&h=700&c=7&rs=1&p=0"
"43","Apple","iPhone 6","Black","iphone-6-2gb-32gb-black.jpg","iphone-6-black-back.jpg","https://tse1.mm.bing.net/th?q=iPhone%206%20Black%20official%20product%20phone%20white%20background&w=700&h=700&c=7&rs=1&p=0"
"43","Apple","iPhone 6","White","iphone-6-2gb-32gb-white.jpg","iphone-6-white-back.jpg","https://tse1.mm.bing.net/th?q=iPhone%206%20White%20official%20product%20phone%20white%20background&w=700&h=700&c=7&rs=1&p=0"
"43","Apple","iPhone 6","Blue","iphone-6-2gb-32gb-blue.jpg","iphone-6-blue-back.jpg","https://tse1.mm.bing.net/th?q=iPhone%206%20Blue%20official%20product%20phone%20white%20background&w=700&h=700&c=7&rs=1&p=0"
"43","Apple","iPhone 6","Pink","iphone-6-2gb-32gb-pink.jpg","iphone-6-pink-back.jpg","https://tse1.mm.bing.net/th?q=iPhone%206%20Pink%20official%20product%20phone%20white%20background&w=700&h=700&c=7&rs=1&p=0"
"44","Apple","iPhone 5s","Black","iphone-5s-2gb-32gb-black.jpg","iphone-5s-black-back.jpg","https://tse1.mm.bing.net/th?q=iPhone%205s%20Black%20official%20product%20phone%20white%20background&w=700&h=700&c=7&rs=1&p=0"
"44","Apple","iPhone 5s","White","iphone-5s-2gb-32gb-white.jpg","iphone-5s-white-back.jpg","https://tse1.mm.bing.net/th?q=iPhone%205s%20White%20official%20product%20phone%20white%20background&w=700&h=700&c=7&rs=1&p=0"
"44","Apple","iPhone 5s","Blue","iphone-5s-2gb-32gb-blue.jpg","iphone-5s-blue-back.jpg","https://tse1.mm.bing.net/th?q=iPhone%205s%20Blue%20official%20product%20phone%20white%20background&w=700&h=700&c=7&rs=1&p=0"
"44","Apple","iPhone 5s","Pink","iphone-5s-2gb-32gb-pink.jpg","iphone-5s-pink-back.jpg","https://tse1.mm.bing.net/th?q=iPhone%205s%20Pink%20official%20product%20phone%20white%20background&w=700&h=700&c=7&rs=1&p=0"
"45","Apple","iPhone 5c","Black","iphone-5c-2gb-32gb-black.jpg","iphone-5c-black-back.jpg","https://tse1.mm.bing.net/th?q=iPhone%205c%20Black%20official%20product%20phone%20white%20background&w=700&h=700&c=7&rs=1&p=0"
"45","Apple","iPhone 5c","White","iphone-5c-2gb-32gb-white.jpg","iphone-5c-white-back.jpg","https://tse1.mm.bing.net/th?q=iPhone%205c%20White%20official%20product%20phone%20white%20background&w=700&h=700&c=7&rs=1&p=0"
"45","Apple","iPhone 5c","Blue","iphone-5c-2gb-32gb-blue.jpg","iphone-5c-blue-back.jpg","https://tse1.mm.bing.net/th?q=iPhone%205c%20Blue%20official%20product%20phone%20white%20background&w=700&h=700&c=7&rs=1&p=0"
"45","Apple","iPhone 5c","Pink","iphone-5c-2gb-32gb-pink.jpg","iphone-5c-pink-back.jpg","https://tse1.mm.bing.net/th?q=iPhone%205c%20Pink%20official%20product%20phone%20white%20background&w=700&h=700&c=7&rs=1&p=0"
"46","Apple","iPhone 5","Black","iphone-5-2gb-32gb-black.jpg","iphone-5-black-back.jpg","https://tse1.mm.bing.net/th?q=iPhone%205%20Black%20official%20product%20phone%20white%20background&w=700&h=700&c=7&rs=1&p=0"
"46","Apple","iPhone 5","White","iphone-5-2gb-32gb-white.jpg","iphone-5-white-back.jpg","https://tse1.mm.bing.net/th?q=iPhone%205%20White%20official%20product%20phone%20white%20background&w=700&h=700&c=7&rs=1&p=0"
"46","Apple","iPhone 5","Blue","iphone-5-2gb-32gb-blue.jpg","iphone-5-blue-back.jpg","https://tse1.mm.bing.net/th?q=iPhone%205%20Blue%20official%20product%20phone%20white%20background&w=700&h=700&c=7&rs=1&p=0"
"46","Apple","iPhone 5","Pink","iphone-5-2gb-32gb-pink.jpg","iphone-5-pink-back.jpg","https://tse1.mm.bing.net/th?q=iPhone%205%20Pink%20official%20product%20phone%20white%20background&w=700&h=700&c=7&rs=1&p=0"
"47","Apple","iPhone 4s","Black","iphone-4s-2gb-32gb-black.jpg","iphone-4s-black-back.jpg","https://tse1.mm.bing.net/th?q=iPhone%204s%20Black%20official%20product%20phone%20white%20background&w=700&h=700&c=7&rs=1&p=0"
"47","Apple","iPhone 4s","White","iphone-4s-2gb-32gb-white.jpg","iphone-4s-white-back.jpg","https://tse1.mm.bing.net/th?q=iPhone%204s%20White%20official%20product%20phone%20white%20background&w=700&h=700&c=7&rs=1&p=0"
"47","Apple","iPhone 4s","Pink","iphone-4s-2gb-32gb-pink.jpg","iphone-4s-pink-back.jpg","https://tse1.mm.bing.net/th?q=iPhone%204s%20Pink%20official%20product%20phone%20white%20background&w=700&h=700&c=7&rs=1&p=0"
"48","Apple","iPhone 4","Black","iphone-4-2gb-32gb-black.jpg","iphone-4-black-back.jpg","https://tse1.mm.bing.net/th?q=iPhone%204%20Black%20official%20product%20phone%20white%20background&w=700&h=700&c=7&rs=1&p=0"
"48","Apple","iPhone 4","White","iphone-4-2gb-32gb-white.jpg","iphone-4-white-back.jpg","https://tse1.mm.bing.net/th?q=iPhone%204%20White%20official%20product%20phone%20white%20background&w=700&h=700&c=7&rs=1&p=0"
"48","Apple","iPhone 4","Blue","iphone-4-2gb-32gb-blue.jpg","iphone-4-blue-back.jpg","https://tse1.mm.bing.net/th?q=iPhone%204%20Blue%20official%20product%20phone%20white%20background&w=700&h=700&c=7&rs=1&p=0"
"48","Apple","iPhone 4","Pink","iphone-4-2gb-32gb-pink.jpg","iphone-4-pink-back.jpg","https://tse1.mm.bing.net/th?q=iPhone%204%20Pink%20official%20product%20phone%20white%20background&w=700&h=700&c=7&rs=1&p=0"
"49","Apple","iPhone 3GS","Black","iphone-3gs-2gb-32gb-black.jpg","iphone-3gs-black-back.jpg","https://tse1.mm.bing.net/th?q=iPhone%203GS%20Black%20official%20product%20phone%20white%20background&w=700&h=700&c=7&rs=1&p=0"
"49","Apple","iPhone 3GS","White","iphone-3gs-2gb-32gb-white.jpg","iphone-3gs-white-back.jpg","https://tse1.mm.bing.net/th?q=iPhone%203GS%20White%20official%20product%20phone%20white%20background&w=700&h=700&c=7&rs=1&p=0"
"49","Apple","iPhone 3GS","Pink","iphone-3gs-2gb-32gb-pink.jpg","iphone-3gs-pink-back.jpg","https://tse1.mm.bing.net/th?q=iPhone%203GS%20Pink%20official%20product%20phone%20white%20background&w=700&h=700&c=7&rs=1&p=0"
"50","Apple","iPhone 3G","Black","iphone-3g-2gb-32gb-black.jpg","iphone-3g-black-back.jpg","https://tse1.mm.bing.net/th?q=iPhone%203G%20Black%20official%20product%20phone%20white%20background&w=700&h=700&c=7&rs=1&p=0"
"50","Apple","iPhone 3G","White","iphone-3g-2gb-32gb-white.jpg","iphone-3g-white-back.jpg","https://tse1.mm.bing.net/th?q=iPhone%203G%20White%20official%20product%20phone%20white%20background&w=700&h=700&c=7&rs=1&p=0"
"50","Apple","iPhone 3G","Blue","iphone-3g-2gb-32gb-blue.jpg","iphone-3g-blue-back.jpg","https://tse1.mm.bing.net/th?q=iPhone%203G%20Blue%20official%20product%20phone%20white%20background&w=700&h=700&c=7&rs=1&p=0"
"50","Apple","iPhone 3G","Pink","iphone-3g-2gb-32gb-pink.jpg","iphone-3g-pink-back.jpg","https://tse1.mm.bing.net/th?q=iPhone%203G%20Pink%20official%20product%20phone%20white%20background&w=700&h=700&c=7&rs=1&p=0"
"51","Samsung","Samsung Galaxy S26 Ultra","Black","samsung-galaxy-s26-ultra-12gb-256gb-black.jpg","samsung-galaxy-s26-ultra-black-back.jpg","https://tse1.mm.bing.net/th?q=Samsung%20Galaxy%20S26%20Ultra%20Black%20official%20product%20phone%20white%20background&w=700&h=700&c=7&rs=1&p=0"
"51","Samsung","Samsung Galaxy S26 Ultra","Silver","samsung-galaxy-s26-ultra-12gb-256gb-silver.jpg","samsung-galaxy-s26-ultra-silver-back.jpg","https://tse1.mm.bing.net/th?q=Samsung%20Galaxy%20S26%20Ultra%20Silver%20official%20product%20phone%20white%20background&w=700&h=700&c=7&rs=1&p=0"
"51","Samsung","Samsung Galaxy S26 Ultra","Blue","samsung-galaxy-s26-ultra-12gb-256gb-blue.jpg","samsung-galaxy-s26-ultra-blue-back.jpg","https://tse1.mm.bing.net/th?q=Samsung%20Galaxy%20S26%20Ultra%20Blue%20official%20product%20phone%20white%20background&w=700&h=700&c=7&rs=1&p=0"
"51","Samsung","Samsung Galaxy S26 Ultra","Green","samsung-galaxy-s26-ultra-12gb-256gb-green.jpg","samsung-galaxy-s26-ultra-green-back.jpg","https://tse1.mm.bing.net/th?q=Samsung%20Galaxy%20S26%20Ultra%20Green%20official%20product%20phone%20white%20background&w=700&h=700&c=7&rs=1&p=0"
"52","Samsung","Samsung Galaxy S26+","Black","samsung-galaxy-s26-plus-12gb-256gb-black.jpg","samsung-galaxy-s26-plus-black-back.jpg","https://tse1.mm.bing.net/th?q=Samsung%20Galaxy%20S26%2B%20Black%20official%20product%20phone%20white%20background&w=700&h=700&c=7&rs=1&p=0"
"52","Samsung","Samsung Galaxy S26+","Silver","samsung-galaxy-s26-plus-12gb-256gb-silver.jpg","samsung-galaxy-s26-plus-silver-back.jpg","https://tse1.mm.bing.net/th?q=Samsung%20Galaxy%20S26%2B%20Silver%20official%20product%20phone%20white%20background&w=700&h=700&c=7&rs=1&p=0"
"52","Samsung","Samsung Galaxy S26+","Blue","samsung-galaxy-s26-plus-12gb-256gb-blue.jpg","samsung-galaxy-s26-plus-blue-back.jpg","https://tse1.mm.bing.net/th?q=Samsung%20Galaxy%20S26%2B%20Blue%20official%20product%20phone%20white%20background&w=700&h=700&c=7&rs=1&p=0"
"52","Samsung","Samsung Galaxy S26+","Green","samsung-galaxy-s26-plus-12gb-256gb-green.jpg","samsung-galaxy-s26-plus-green-back.jpg","https://tse1.mm.bing.net/th?q=Samsung%20Galaxy%20S26%2B%20Green%20official%20product%20phone%20white%20background&w=700&h=700&c=7&rs=1&p=0"
"53","Samsung","Samsung Galaxy S26","Black","samsung-galaxy-s26-12gb-256gb-black.jpg","samsung-galaxy-s26-black-back.jpg","https://tse1.mm.bing.net/th?q=Samsung%20Galaxy%20S26%20Black%20official%20product%20phone%20white%20background&w=700&h=700&c=7&rs=1&p=0"
"53","Samsung","Samsung Galaxy S26","Silver","samsung-galaxy-s26-12gb-256gb-silver.jpg","samsung-galaxy-s26-silver-back.jpg","https://tse1.mm.bing.net/th?q=Samsung%20Galaxy%20S26%20Silver%20official%20product%20phone%20white%20background&w=700&h=700&c=7&rs=1&p=0"
"53","Samsung","Samsung Galaxy S26","Blue","samsung-galaxy-s26-12gb-256gb-blue.jpg","samsung-galaxy-s26-blue-back.jpg","https://tse1.mm.bing.net/th?q=Samsung%20Galaxy%20S26%20Blue%20official%20product%20phone%20white%20background&w=700&h=700&c=7&rs=1&p=0"
"53","Samsung","Samsung Galaxy S26","Green","samsung-galaxy-s26-12gb-256gb-green.jpg","samsung-galaxy-s26-green-back.jpg","https://tse1.mm.bing.net/th?q=Samsung%20Galaxy%20S26%20Green%20official%20product%20phone%20white%20background&w=700&h=700&c=7&rs=1&p=0"
"54","Samsung","Samsung Galaxy S25 Ultra","Black","samsung-galaxy-s25-ultra-12gb-256gb-black.jpg","samsung-galaxy-s25-ultra-black-back.jpg","https://tse1.mm.bing.net/th?q=Samsung%20Galaxy%20S25%20Ultra%20Black%20official%20product%20phone%20white%20background&w=700&h=700&c=7&rs=1&p=0"
"54","Samsung","Samsung Galaxy S25 Ultra","Silver","samsung-galaxy-s25-ultra-12gb-256gb-silver.jpg","samsung-galaxy-s25-ultra-silver-back.jpg","https://tse1.mm.bing.net/th?q=Samsung%20Galaxy%20S25%20Ultra%20Silver%20official%20product%20phone%20white%20background&w=700&h=700&c=7&rs=1&p=0"
"54","Samsung","Samsung Galaxy S25 Ultra","Blue","samsung-galaxy-s25-ultra-12gb-256gb-blue.jpg","samsung-galaxy-s25-ultra-blue-back.jpg","https://tse1.mm.bing.net/th?q=Samsung%20Galaxy%20S25%20Ultra%20Blue%20official%20product%20phone%20white%20background&w=700&h=700&c=7&rs=1&p=0"
"54","Samsung","Samsung Galaxy S25 Ultra","Green","samsung-galaxy-s25-ultra-12gb-256gb-green.jpg","samsung-galaxy-s25-ultra-green-back.jpg","https://tse1.mm.bing.net/th?q=Samsung%20Galaxy%20S25%20Ultra%20Green%20official%20product%20phone%20white%20background&w=700&h=700&c=7&rs=1&p=0"
"55","Samsung","Samsung Galaxy S25+","Black","samsung-galaxy-s25-plus-12gb-256gb-black.jpg","samsung-galaxy-s25-plus-black-back.jpg","https://tse1.mm.bing.net/th?q=Samsung%20Galaxy%20S25%2B%20Black%20official%20product%20phone%20white%20background&w=700&h=700&c=7&rs=1&p=0"
"55","Samsung","Samsung Galaxy S25+","Silver","samsung-galaxy-s25-plus-12gb-256gb-silver.jpg","samsung-galaxy-s25-plus-silver-back.jpg","https://tse1.mm.bing.net/th?q=Samsung%20Galaxy%20S25%2B%20Silver%20official%20product%20phone%20white%20background&w=700&h=700&c=7&rs=1&p=0"
"55","Samsung","Samsung Galaxy S25+","Blue","samsung-galaxy-s25-plus-12gb-256gb-blue.jpg","samsung-galaxy-s25-plus-blue-back.jpg","https://tse1.mm.bing.net/th?q=Samsung%20Galaxy%20S25%2B%20Blue%20official%20product%20phone%20white%20background&w=700&h=700&c=7&rs=1&p=0"
"55","Samsung","Samsung Galaxy S25+","Green","samsung-galaxy-s25-plus-12gb-256gb-green.jpg","samsung-galaxy-s25-plus-green-back.jpg","https://tse1.mm.bing.net/th?q=Samsung%20Galaxy%20S25%2B%20Green%20official%20product%20phone%20white%20background&w=700&h=700&c=7&rs=1&p=0"
"56","Samsung","Samsung Galaxy S25 Edge","Black","samsung-galaxy-s25-edge-12gb-256gb-black.jpg","samsung-galaxy-s25-edge-black-back.jpg","https://tse1.mm.bing.net/th?q=Samsung%20Galaxy%20S25%20Edge%20Black%20official%20product%20phone%20white%20background&w=700&h=700&c=7&rs=1&p=0"
"56","Samsung","Samsung Galaxy S25 Edge","Silver","samsung-galaxy-s25-edge-12gb-256gb-silver.jpg","samsung-galaxy-s25-edge-silver-back.jpg","https://tse1.mm.bing.net/th?q=Samsung%20Galaxy%20S25%20Edge%20Silver%20official%20product%20phone%20white%20background&w=700&h=700&c=7&rs=1&p=0"
"56","Samsung","Samsung Galaxy S25 Edge","Blue","samsung-galaxy-s25-edge-12gb-256gb-blue.jpg","samsung-galaxy-s25-edge-blue-back.jpg","https://tse1.mm.bing.net/th?q=Samsung%20Galaxy%20S25%20Edge%20Blue%20official%20product%20phone%20white%20background&w=700&h=700&c=7&rs=1&p=0"
"56","Samsung","Samsung Galaxy S25 Edge","Green","samsung-galaxy-s25-edge-12gb-256gb-green.jpg","samsung-galaxy-s25-edge-green-back.jpg","https://tse1.mm.bing.net/th?q=Samsung%20Galaxy%20S25%20Edge%20Green%20official%20product%20phone%20white%20background&w=700&h=700&c=7&rs=1&p=0"
"57","Samsung","Samsung Galaxy S25 FE","Black","samsung-galaxy-s25-fe-12gb-256gb-black.jpg","samsung-galaxy-s25-fe-black-back.jpg","https://tse1.mm.bing.net/th?q=Samsung%20Galaxy%20S25%20FE%20Black%20official%20product%20phone%20white%20background&w=700&h=700&c=7&rs=1&p=0"
"57","Samsung","Samsung Galaxy S25 FE","Silver","samsung-galaxy-s25-fe-12gb-256gb-silver.jpg","samsung-galaxy-s25-fe-silver-back.jpg","https://tse1.mm.bing.net/th?q=Samsung%20Galaxy%20S25%20FE%20Silver%20official%20product%20phone%20white%20background&w=700&h=700&c=7&rs=1&p=0"
"57","Samsung","Samsung Galaxy S25 FE","Blue","samsung-galaxy-s25-fe-12gb-256gb-blue.jpg","samsung-galaxy-s25-fe-blue-back.jpg","https://tse1.mm.bing.net/th?q=Samsung%20Galaxy%20S25%20FE%20Blue%20official%20product%20phone%20white%20background&w=700&h=700&c=7&rs=1&p=0"
"57","Samsung","Samsung Galaxy S25 FE","Green","samsung-galaxy-s25-fe-12gb-256gb-green.jpg","samsung-galaxy-s25-fe-green-back.jpg","https://tse1.mm.bing.net/th?q=Samsung%20Galaxy%20S25%20FE%20Green%20official%20product%20phone%20white%20background&w=700&h=700&c=7&rs=1&p=0"
"58","Samsung","Samsung Galaxy S25","Black","samsung-galaxy-s25-12gb-256gb-black.jpg","samsung-galaxy-s25-black-back.jpg","https://tse1.mm.bing.net/th?q=Samsung%20Galaxy%20S25%20Black%20official%20product%20phone%20white%20background&w=700&h=700&c=7&rs=1&p=0"
"58","Samsung","Samsung Galaxy S25","Silver","samsung-galaxy-s25-12gb-256gb-silver.jpg","samsung-galaxy-s25-silver-back.jpg","https://tse1.mm.bing.net/th?q=Samsung%20Galaxy%20S25%20Silver%20official%20product%20phone%20white%20background&w=700&h=700&c=7&rs=1&p=0"
"58","Samsung","Samsung Galaxy S25","Blue","samsung-galaxy-s25-12gb-256gb-blue.jpg","samsung-galaxy-s25-blue-back.jpg","https://tse1.mm.bing.net/th?q=Samsung%20Galaxy%20S25%20Blue%20official%20product%20phone%20white%20background&w=700&h=700&c=7&rs=1&p=0"
"58","Samsung","Samsung Galaxy S25","Green","samsung-galaxy-s25-12gb-256gb-green.jpg","samsung-galaxy-s25-green-back.jpg","https://tse1.mm.bing.net/th?q=Samsung%20Galaxy%20S25%20Green%20official%20product%20phone%20white%20background&w=700&h=700&c=7&rs=1&p=0"
"59","Samsung","Samsung Galaxy S24 Ultra","Black","samsung-galaxy-s24-ultra-12gb-256gb-black.jpg","samsung-galaxy-s24-ultra-black-back.jpg","https://tse1.mm.bing.net/th?q=Samsung%20Galaxy%20S24%20Ultra%20Black%20official%20product%20phone%20white%20background&w=700&h=700&c=7&rs=1&p=0"
"59","Samsung","Samsung Galaxy S24 Ultra","Silver","samsung-galaxy-s24-ultra-12gb-256gb-silver.jpg","samsung-galaxy-s24-ultra-silver-back.jpg","https://tse1.mm.bing.net/th?q=Samsung%20Galaxy%20S24%20Ultra%20Silver%20official%20product%20phone%20white%20background&w=700&h=700&c=7&rs=1&p=0"
"59","Samsung","Samsung Galaxy S24 Ultra","Blue","samsung-galaxy-s24-ultra-12gb-256gb-blue.jpg","samsung-galaxy-s24-ultra-blue-back.jpg","https://tse1.mm.bing.net/th?q=Samsung%20Galaxy%20S24%20Ultra%20Blue%20official%20product%20phone%20white%20background&w=700&h=700&c=7&rs=1&p=0"
"59","Samsung","Samsung Galaxy S24 Ultra","Green","samsung-galaxy-s24-ultra-12gb-256gb-green.jpg","samsung-galaxy-s24-ultra-green-back.jpg","https://tse1.mm.bing.net/th?q=Samsung%20Galaxy%20S24%20Ultra%20Green%20official%20product%20phone%20white%20background&w=700&h=700&c=7&rs=1&p=0"
"60","Samsung","Samsung Galaxy S24+","Black","samsung-galaxy-s24-plus-12gb-256gb-black.jpg","samsung-galaxy-s24-plus-black-back.jpg","https://tse1.mm.bing.net/th?q=Samsung%20Galaxy%20S24%2B%20Black%20official%20product%20phone%20white%20background&w=700&h=700&c=7&rs=1&p=0"
"60","Samsung","Samsung Galaxy S24+","Silver","samsung-galaxy-s24-plus-12gb-256gb-silver.jpg","samsung-galaxy-s24-plus-silver-back.jpg","https://tse1.mm.bing.net/th?q=Samsung%20Galaxy%20S24%2B%20Silver%20official%20product%20phone%20white%20background&w=700&h=700&c=7&rs=1&p=0"
"60","Samsung","Samsung Galaxy S24+","Blue","samsung-galaxy-s24-plus-12gb-256gb-blue.jpg","samsung-galaxy-s24-plus-blue-back.jpg","https://tse1.mm.bing.net/th?q=Samsung%20Galaxy%20S24%2B%20Blue%20official%20product%20phone%20white%20background&w=700&h=700&c=7&rs=1&p=0"
"60","Samsung","Samsung Galaxy S24+","Green","samsung-galaxy-s24-plus-12gb-256gb-green.jpg","samsung-galaxy-s24-plus-green-back.jpg","https://tse1.mm.bing.net/th?q=Samsung%20Galaxy%20S24%2B%20Green%20official%20product%20phone%20white%20background&w=700&h=700&c=7&rs=1&p=0"
"61","Samsung","Samsung Galaxy S24 FE","Black","samsung-galaxy-s24-fe-12gb-256gb-black.jpg","samsung-galaxy-s24-fe-black-back.jpg","https://tse1.mm.bing.net/th?q=Samsung%20Galaxy%20S24%20FE%20Black%20official%20product%20phone%20white%20background&w=700&h=700&c=7&rs=1&p=0"
"61","Samsung","Samsung Galaxy S24 FE","Silver","samsung-galaxy-s24-fe-12gb-256gb-silver.jpg","samsung-galaxy-s24-fe-silver-back.jpg","https://tse1.mm.bing.net/th?q=Samsung%20Galaxy%20S24%20FE%20Silver%20official%20product%20phone%20white%20background&w=700&h=700&c=7&rs=1&p=0"
"61","Samsung","Samsung Galaxy S24 FE","Blue","samsung-galaxy-s24-fe-12gb-256gb-blue.jpg","samsung-galaxy-s24-fe-blue-back.jpg","https://tse1.mm.bing.net/th?q=Samsung%20Galaxy%20S24%20FE%20Blue%20official%20product%20phone%20white%20background&w=700&h=700&c=7&rs=1&p=0"
"61","Samsung","Samsung Galaxy S24 FE","Green","samsung-galaxy-s24-fe-12gb-256gb-green.jpg","samsung-galaxy-s24-fe-green-back.jpg","https://tse1.mm.bing.net/th?q=Samsung%20Galaxy%20S24%20FE%20Green%20official%20product%20phone%20white%20background&w=700&h=700&c=7&rs=1&p=0"
"62","Samsung","Samsung Galaxy S24","Black","samsung-galaxy-s24-12gb-256gb-black.jpg","samsung-galaxy-s24-black-back.jpg","https://tse1.mm.bing.net/th?q=Samsung%20Galaxy%20S24%20Black%20official%20product%20phone%20white%20background&w=700&h=700&c=7&rs=1&p=0"
"62","Samsung","Samsung Galaxy S24","Silver","samsung-galaxy-s24-12gb-256gb-silver.jpg","samsung-galaxy-s24-silver-back.jpg","https://tse1.mm.bing.net/th?q=Samsung%20Galaxy%20S24%20Silver%20official%20product%20phone%20white%20background&w=700&h=700&c=7&rs=1&p=0"
"62","Samsung","Samsung Galaxy S24","Blue","samsung-galaxy-s24-12gb-256gb-blue.jpg","samsung-galaxy-s24-blue-back.jpg","https://tse1.mm.bing.net/th?q=Samsung%20Galaxy%20S24%20Blue%20official%20product%20phone%20white%20background&w=700&h=700&c=7&rs=1&p=0"
"62","Samsung","Samsung Galaxy S24","Green","samsung-galaxy-s24-12gb-256gb-green.jpg","samsung-galaxy-s24-green-back.jpg","https://tse1.mm.bing.net/th?q=Samsung%20Galaxy%20S24%20Green%20official%20product%20phone%20white%20background&w=700&h=700&c=7&rs=1&p=0"
"63","Samsung","Samsung Galaxy Z Fold7","Black","samsung-galaxy-z-fold7-12gb-256gb-black.jpg","samsung-galaxy-z-fold7-black-back.jpg","https://tse1.mm.bing.net/th?q=Samsung%20Galaxy%20Z%20Fold7%20Black%20official%20product%20phone%20white%20background&w=700&h=700&c=7&rs=1&p=0"
"63","Samsung","Samsung Galaxy Z Fold7","Silver","samsung-galaxy-z-fold7-12gb-256gb-silver.jpg","samsung-galaxy-z-fold7-silver-back.jpg","https://tse1.mm.bing.net/th?q=Samsung%20Galaxy%20Z%20Fold7%20Silver%20official%20product%20phone%20white%20background&w=700&h=700&c=7&rs=1&p=0"
"63","Samsung","Samsung Galaxy Z Fold7","Blue","samsung-galaxy-z-fold7-12gb-256gb-blue.jpg","samsung-galaxy-z-fold7-blue-back.jpg","https://tse1.mm.bing.net/th?q=Samsung%20Galaxy%20Z%20Fold7%20Blue%20official%20product%20phone%20white%20background&w=700&h=700&c=7&rs=1&p=0"
"63","Samsung","Samsung Galaxy Z Fold7","Green","samsung-galaxy-z-fold7-12gb-256gb-green.jpg","samsung-galaxy-z-fold7-green-back.jpg","https://tse1.mm.bing.net/th?q=Samsung%20Galaxy%20Z%20Fold7%20Green%20official%20product%20phone%20white%20background&w=700&h=700&c=7&rs=1&p=0"
"64","Samsung","Samsung Galaxy Z Flip7","Black","samsung-galaxy-z-flip7-8gb-128gb-black.jpg","samsung-galaxy-z-flip7-black-back.jpg","https://tse1.mm.bing.net/th?q=Samsung%20Galaxy%20Z%20Flip7%20Black%20official%20product%20phone%20white%20background&w=700&h=700&c=7&rs=1&p=0"
"64","Samsung","Samsung Galaxy Z Flip7","Blue","samsung-galaxy-z-flip7-8gb-128gb-blue.jpg","samsung-galaxy-z-flip7-blue-back.jpg","https://tse1.mm.bing.net/th?q=Samsung%20Galaxy%20Z%20Flip7%20Blue%20official%20product%20phone%20white%20background&w=700&h=700&c=7&rs=1&p=0"
"65","Samsung","Samsung Galaxy Z Fold6","Black","samsung-galaxy-z-fold6-8gb-128gb-black.jpg","samsung-galaxy-z-fold6-black-back.jpg","https://tse1.mm.bing.net/th?q=Samsung%20Galaxy%20Z%20Fold6%20Black%20official%20product%20phone%20white%20background&w=700&h=700&c=7&rs=1&p=0"
"65","Samsung","Samsung Galaxy Z Fold6","Silver","samsung-galaxy-z-fold6-8gb-128gb-silver.jpg","samsung-galaxy-z-fold6-silver-back.jpg","https://tse1.mm.bing.net/th?q=Samsung%20Galaxy%20Z%20Fold6%20Silver%20official%20product%20phone%20white%20background&w=700&h=700&c=7&rs=1&p=0"
"65","Samsung","Samsung Galaxy Z Fold6","Blue","samsung-galaxy-z-fold6-8gb-128gb-blue.jpg","samsung-galaxy-z-fold6-blue-back.jpg","https://tse1.mm.bing.net/th?q=Samsung%20Galaxy%20Z%20Fold6%20Blue%20official%20product%20phone%20white%20background&w=700&h=700&c=7&rs=1&p=0"
"65","Samsung","Samsung Galaxy Z Fold6","Green","samsung-galaxy-z-fold6-8gb-128gb-green.jpg","samsung-galaxy-z-fold6-green-back.jpg","https://tse1.mm.bing.net/th?q=Samsung%20Galaxy%20Z%20Fold6%20Green%20official%20product%20phone%20white%20background&w=700&h=700&c=7&rs=1&p=0"
"66","Samsung","Samsung Galaxy Z Flip6","Black","samsung-galaxy-z-flip6-8gb-128gb-black.jpg","samsung-galaxy-z-flip6-black-back.jpg","https://tse1.mm.bing.net/th?q=Samsung%20Galaxy%20Z%20Flip6%20Black%20official%20product%20phone%20white%20background&w=700&h=700&c=7&rs=1&p=0"
"66","Samsung","Samsung Galaxy Z Flip6","Silver","samsung-galaxy-z-flip6-8gb-128gb-silver.jpg","samsung-galaxy-z-flip6-silver-back.jpg","https://tse1.mm.bing.net/th?q=Samsung%20Galaxy%20Z%20Flip6%20Silver%20official%20product%20phone%20white%20background&w=700&h=700&c=7&rs=1&p=0"
"66","Samsung","Samsung Galaxy Z Flip6","Blue","samsung-galaxy-z-flip6-8gb-128gb-blue.jpg","samsung-galaxy-z-flip6-blue-back.jpg","https://tse1.mm.bing.net/th?q=Samsung%20Galaxy%20Z%20Flip6%20Blue%20official%20product%20phone%20white%20background&w=700&h=700&c=7&rs=1&p=0"
"66","Samsung","Samsung Galaxy Z Flip6","Green","samsung-galaxy-z-flip6-8gb-128gb-green.jpg","samsung-galaxy-z-flip6-green-back.jpg","https://tse1.mm.bing.net/th?q=Samsung%20Galaxy%20Z%20Flip6%20Green%20official%20product%20phone%20white%20background&w=700&h=700&c=7&rs=1&p=0"
"67","Samsung","Samsung Galaxy S23 Ultra","Black","samsung-galaxy-s23-ultra-8gb-128gb-black.jpg","samsung-galaxy-s23-ultra-black-back.jpg","https://tse1.mm.bing.net/th?q=Samsung%20Galaxy%20S23%20Ultra%20Black%20official%20product%20phone%20white%20background&w=700&h=700&c=7&rs=1&p=0"
"67","Samsung","Samsung Galaxy S23 Ultra","Silver","samsung-galaxy-s23-ultra-8gb-128gb-silver.jpg","samsung-galaxy-s23-ultra-silver-back.jpg","https://tse1.mm.bing.net/th?q=Samsung%20Galaxy%20S23%20Ultra%20Silver%20official%20product%20phone%20white%20background&w=700&h=700&c=7&rs=1&p=0"
"67","Samsung","Samsung Galaxy S23 Ultra","Green","samsung-galaxy-s23-ultra-8gb-128gb-green.jpg","samsung-galaxy-s23-ultra-green-back.jpg","https://tse1.mm.bing.net/th?q=Samsung%20Galaxy%20S23%20Ultra%20Green%20official%20product%20phone%20white%20background&w=700&h=700&c=7&rs=1&p=0"
"68","Samsung","Samsung Galaxy S23+","Black","samsung-galaxy-s23-plus-8gb-128gb-black.jpg","samsung-galaxy-s23-plus-black-back.jpg","https://tse1.mm.bing.net/th?q=Samsung%20Galaxy%20S23%2B%20Black%20official%20product%20phone%20white%20background&w=700&h=700&c=7&rs=1&p=0"
"68","Samsung","Samsung Galaxy S23+","Silver","samsung-galaxy-s23-plus-8gb-128gb-silver.jpg","samsung-galaxy-s23-plus-silver-back.jpg","https://tse1.mm.bing.net/th?q=Samsung%20Galaxy%20S23%2B%20Silver%20official%20product%20phone%20white%20background&w=700&h=700&c=7&rs=1&p=0"
"68","Samsung","Samsung Galaxy S23+","Blue","samsung-galaxy-s23-plus-8gb-128gb-blue.jpg","samsung-galaxy-s23-plus-blue-back.jpg","https://tse1.mm.bing.net/th?q=Samsung%20Galaxy%20S23%2B%20Blue%20official%20product%20phone%20white%20background&w=700&h=700&c=7&rs=1&p=0"
"68","Samsung","Samsung Galaxy S23+","Green","samsung-galaxy-s23-plus-8gb-128gb-green.jpg","samsung-galaxy-s23-plus-green-back.jpg","https://tse1.mm.bing.net/th?q=Samsung%20Galaxy%20S23%2B%20Green%20official%20product%20phone%20white%20background&w=700&h=700&c=7&rs=1&p=0"
"69","Samsung","Samsung Galaxy S23 FE","Black","samsung-galaxy-s23-fe-8gb-128gb-black.jpg","samsung-galaxy-s23-fe-black-back.jpg","https://tse1.mm.bing.net/th?q=Samsung%20Galaxy%20S23%20FE%20Black%20official%20product%20phone%20white%20background&w=700&h=700&c=7&rs=1&p=0"
"69","Samsung","Samsung Galaxy S23 FE","Silver","samsung-galaxy-s23-fe-8gb-128gb-silver.jpg","samsung-galaxy-s23-fe-silver-back.jpg","https://tse1.mm.bing.net/th?q=Samsung%20Galaxy%20S23%20FE%20Silver%20official%20product%20phone%20white%20background&w=700&h=700&c=7&rs=1&p=0"
"69","Samsung","Samsung Galaxy S23 FE","Blue","samsung-galaxy-s23-fe-8gb-128gb-blue.jpg","samsung-galaxy-s23-fe-blue-back.jpg","https://tse1.mm.bing.net/th?q=Samsung%20Galaxy%20S23%20FE%20Blue%20official%20product%20phone%20white%20background&w=700&h=700&c=7&rs=1&p=0"
"69","Samsung","Samsung Galaxy S23 FE","Green","samsung-galaxy-s23-fe-8gb-128gb-green.jpg","samsung-galaxy-s23-fe-green-back.jpg","https://tse1.mm.bing.net/th?q=Samsung%20Galaxy%20S23%20FE%20Green%20official%20product%20phone%20white%20background&w=700&h=700&c=7&rs=1&p=0"
"70","Samsung","Samsung Galaxy S23","Black","samsung-galaxy-s23-8gb-128gb-black.jpg","samsung-galaxy-s23-black-back.jpg","https://tse1.mm.bing.net/th?q=Samsung%20Galaxy%20S23%20Black%20official%20product%20phone%20white%20background&w=700&h=700&c=7&rs=1&p=0"
"70","Samsung","Samsung Galaxy S23","Silver","samsung-galaxy-s23-8gb-128gb-silver.jpg","samsung-galaxy-s23-silver-back.jpg","https://tse1.mm.bing.net/th?q=Samsung%20Galaxy%20S23%20Silver%20official%20product%20phone%20white%20background&w=700&h=700&c=7&rs=1&p=0"
"70","Samsung","Samsung Galaxy S23","Blue","samsung-galaxy-s23-8gb-128gb-blue.jpg","samsung-galaxy-s23-blue-back.jpg","https://tse1.mm.bing.net/th?q=Samsung%20Galaxy%20S23%20Blue%20official%20product%20phone%20white%20background&w=700&h=700&c=7&rs=1&p=0"
"70","Samsung","Samsung Galaxy S23","Green","samsung-galaxy-s23-8gb-128gb-green.jpg","samsung-galaxy-s23-green-back.jpg","https://tse1.mm.bing.net/th?q=Samsung%20Galaxy%20S23%20Green%20official%20product%20phone%20white%20background&w=700&h=700&c=7&rs=1&p=0"
"71","Samsung","Samsung Galaxy S22 Ultra","Black","samsung-galaxy-s22-ultra-8gb-128gb-black.jpg","samsung-galaxy-s22-ultra-black-back.jpg","https://tse1.mm.bing.net/th?q=Samsung%20Galaxy%20S22%20Ultra%20Black%20official%20product%20phone%20white%20background&w=700&h=700&c=7&rs=1&p=0"
"71","Samsung","Samsung Galaxy S22 Ultra","Silver","samsung-galaxy-s22-ultra-8gb-128gb-silver.jpg","samsung-galaxy-s22-ultra-silver-back.jpg","https://tse1.mm.bing.net/th?q=Samsung%20Galaxy%20S22%20Ultra%20Silver%20official%20product%20phone%20white%20background&w=700&h=700&c=7&rs=1&p=0"
"71","Samsung","Samsung Galaxy S22 Ultra","Blue","samsung-galaxy-s22-ultra-8gb-128gb-blue.jpg","samsung-galaxy-s22-ultra-blue-back.jpg","https://tse1.mm.bing.net/th?q=Samsung%20Galaxy%20S22%20Ultra%20Blue%20official%20product%20phone%20white%20background&w=700&h=700&c=7&rs=1&p=0"
"71","Samsung","Samsung Galaxy S22 Ultra","Green","samsung-galaxy-s22-ultra-8gb-128gb-green.jpg","samsung-galaxy-s22-ultra-green-back.jpg","https://tse1.mm.bing.net/th?q=Samsung%20Galaxy%20S22%20Ultra%20Green%20official%20product%20phone%20white%20background&w=700&h=700&c=7&rs=1&p=0"
"72","Samsung","Samsung Galaxy S22+","Black","samsung-galaxy-s22-plus-8gb-128gb-black.jpg","samsung-galaxy-s22-plus-black-back.jpg","https://tse1.mm.bing.net/th?q=Samsung%20Galaxy%20S22%2B%20Black%20official%20product%20phone%20white%20background&w=700&h=700&c=7&rs=1&p=0"
"72","Samsung","Samsung Galaxy S22+","Silver","samsung-galaxy-s22-plus-8gb-128gb-silver.jpg","samsung-galaxy-s22-plus-silver-back.jpg","https://tse1.mm.bing.net/th?q=Samsung%20Galaxy%20S22%2B%20Silver%20official%20product%20phone%20white%20background&w=700&h=700&c=7&rs=1&p=0"
"72","Samsung","Samsung Galaxy S22+","Blue","samsung-galaxy-s22-plus-8gb-128gb-blue.jpg","samsung-galaxy-s22-plus-blue-back.jpg","https://tse1.mm.bing.net/th?q=Samsung%20Galaxy%20S22%2B%20Blue%20official%20product%20phone%20white%20background&w=700&h=700&c=7&rs=1&p=0"
"72","Samsung","Samsung Galaxy S22+","Green","samsung-galaxy-s22-plus-8gb-128gb-green.jpg","samsung-galaxy-s22-plus-green-back.jpg","https://tse1.mm.bing.net/th?q=Samsung%20Galaxy%20S22%2B%20Green%20official%20product%20phone%20white%20background&w=700&h=700&c=7&rs=1&p=0"
"73","Samsung","Samsung Galaxy S22","Black","samsung-galaxy-s22-8gb-128gb-black.jpg","samsung-galaxy-s22-black-back.jpg","https://tse1.mm.bing.net/th?q=Samsung%20Galaxy%20S22%20Black%20official%20product%20phone%20white%20background&w=700&h=700&c=7&rs=1&p=0"
"73","Samsung","Samsung Galaxy S22","Silver","samsung-galaxy-s22-8gb-128gb-silver.jpg","samsung-galaxy-s22-silver-back.jpg","https://tse1.mm.bing.net/th?q=Samsung%20Galaxy%20S22%20Silver%20official%20product%20phone%20white%20background&w=700&h=700&c=7&rs=1&p=0"
"73","Samsung","Samsung Galaxy S22","Blue","samsung-galaxy-s22-8gb-128gb-blue.jpg","samsung-galaxy-s22-blue-back.jpg","https://tse1.mm.bing.net/th?q=Samsung%20Galaxy%20S22%20Blue%20official%20product%20phone%20white%20background&w=700&h=700&c=7&rs=1&p=0"
"73","Samsung","Samsung Galaxy S22","Green","samsung-galaxy-s22-8gb-128gb-green.jpg","samsung-galaxy-s22-green-back.jpg","https://tse1.mm.bing.net/th?q=Samsung%20Galaxy%20S22%20Green%20official%20product%20phone%20white%20background&w=700&h=700&c=7&rs=1&p=0"
"74","Samsung","Samsung Galaxy S21 Ultra","Black","samsung-galaxy-s21-ultra-8gb-128gb-black.jpg","samsung-galaxy-s21-ultra-black-back.jpg","https://tse1.mm.bing.net/th?q=Samsung%20Galaxy%20S21%20Ultra%20Black%20official%20product%20phone%20white%20background&w=700&h=700&c=7&rs=1&p=0"
"74","Samsung","Samsung Galaxy S21 Ultra","Silver","samsung-galaxy-s21-ultra-8gb-128gb-silver.jpg","samsung-galaxy-s21-ultra-silver-back.jpg","https://tse1.mm.bing.net/th?q=Samsung%20Galaxy%20S21%20Ultra%20Silver%20official%20product%20phone%20white%20background&w=700&h=700&c=7&rs=1&p=0"
"74","Samsung","Samsung Galaxy S21 Ultra","Blue","samsung-galaxy-s21-ultra-8gb-128gb-blue.jpg","samsung-galaxy-s21-ultra-blue-back.jpg","https://tse1.mm.bing.net/th?q=Samsung%20Galaxy%20S21%20Ultra%20Blue%20official%20product%20phone%20white%20background&w=700&h=700&c=7&rs=1&p=0"
"74","Samsung","Samsung Galaxy S21 Ultra","Green","samsung-galaxy-s21-ultra-8gb-128gb-green.jpg","samsung-galaxy-s21-ultra-green-back.jpg","https://tse1.mm.bing.net/th?q=Samsung%20Galaxy%20S21%20Ultra%20Green%20official%20product%20phone%20white%20background&w=700&h=700&c=7&rs=1&p=0"
"75","Samsung","Samsung Galaxy S21+","Black","samsung-galaxy-s21-plus-8gb-128gb-black.jpg","samsung-galaxy-s21-plus-black-back.jpg","https://tse1.mm.bing.net/th?q=Samsung%20Galaxy%20S21%2B%20Black%20official%20product%20phone%20white%20background&w=700&h=700&c=7&rs=1&p=0"
"75","Samsung","Samsung Galaxy S21+","Silver","samsung-galaxy-s21-plus-8gb-128gb-silver.jpg","samsung-galaxy-s21-plus-silver-back.jpg","https://tse1.mm.bing.net/th?q=Samsung%20Galaxy%20S21%2B%20Silver%20official%20product%20phone%20white%20background&w=700&h=700&c=7&rs=1&p=0"
"75","Samsung","Samsung Galaxy S21+","Blue","samsung-galaxy-s21-plus-8gb-128gb-blue.jpg","samsung-galaxy-s21-plus-blue-back.jpg","https://tse1.mm.bing.net/th?q=Samsung%20Galaxy%20S21%2B%20Blue%20official%20product%20phone%20white%20background&w=700&h=700&c=7&rs=1&p=0"
"75","Samsung","Samsung Galaxy S21+","Green","samsung-galaxy-s21-plus-8gb-128gb-green.jpg","samsung-galaxy-s21-plus-green-back.jpg","https://tse1.mm.bing.net/th?q=Samsung%20Galaxy%20S21%2B%20Green%20official%20product%20phone%20white%20background&w=700&h=700&c=7&rs=1&p=0"
"76","Samsung","Samsung Galaxy S21 FE","Black","samsung-galaxy-s21-fe-8gb-128gb-black.jpg","samsung-galaxy-s21-fe-black-back.jpg","https://tse1.mm.bing.net/th?q=Samsung%20Galaxy%20S21%20FE%20Black%20official%20product%20phone%20white%20background&w=700&h=700&c=7&rs=1&p=0"
"76","Samsung","Samsung Galaxy S21 FE","Silver","samsung-galaxy-s21-fe-8gb-128gb-silver.jpg","samsung-galaxy-s21-fe-silver-back.jpg","https://tse1.mm.bing.net/th?q=Samsung%20Galaxy%20S21%20FE%20Silver%20official%20product%20phone%20white%20background&w=700&h=700&c=7&rs=1&p=0"
"76","Samsung","Samsung Galaxy S21 FE","Blue","samsung-galaxy-s21-fe-8gb-128gb-blue.jpg","samsung-galaxy-s21-fe-blue-back.jpg","https://tse1.mm.bing.net/th?q=Samsung%20Galaxy%20S21%20FE%20Blue%20official%20product%20phone%20white%20background&w=700&h=700&c=7&rs=1&p=0"
"76","Samsung","Samsung Galaxy S21 FE","Green","samsung-galaxy-s21-fe-8gb-128gb-green.jpg","samsung-galaxy-s21-fe-green-back.jpg","https://tse1.mm.bing.net/th?q=Samsung%20Galaxy%20S21%20FE%20Green%20official%20product%20phone%20white%20background&w=700&h=700&c=7&rs=1&p=0"
"77","Samsung","Samsung Galaxy S21","Black","samsung-galaxy-s21-6gb-128gb-black.jpg","samsung-galaxy-s21-black-back.jpg","https://tse1.mm.bing.net/th?q=Samsung%20Galaxy%20S21%20Black%20official%20product%20phone%20white%20background&w=700&h=700&c=7&rs=1&p=0"
"77","Samsung","Samsung Galaxy S21","Silver","samsung-galaxy-s21-6gb-128gb-silver.jpg","samsung-galaxy-s21-silver-back.jpg","https://tse1.mm.bing.net/th?q=Samsung%20Galaxy%20S21%20Silver%20official%20product%20phone%20white%20background&w=700&h=700&c=7&rs=1&p=0"
"77","Samsung","Samsung Galaxy S21","Blue","samsung-galaxy-s21-6gb-128gb-blue.jpg","samsung-galaxy-s21-blue-back.jpg","https://tse1.mm.bing.net/th?q=Samsung%20Galaxy%20S21%20Blue%20official%20product%20phone%20white%20background&w=700&h=700&c=7&rs=1&p=0"
"77","Samsung","Samsung Galaxy S21","Green","samsung-galaxy-s21-6gb-128gb-green.jpg","samsung-galaxy-s21-green-back.jpg","https://tse1.mm.bing.net/th?q=Samsung%20Galaxy%20S21%20Green%20official%20product%20phone%20white%20background&w=700&h=700&c=7&rs=1&p=0"
"78","Samsung","Samsung Galaxy S20 Ultra","Black","samsung-galaxy-s20-ultra-6gb-128gb-black.jpg","samsung-galaxy-s20-ultra-black-back.jpg","https://tse1.mm.bing.net/th?q=Samsung%20Galaxy%20S20%20Ultra%20Black%20official%20product%20phone%20white%20background&w=700&h=700&c=7&rs=1&p=0"
"78","Samsung","Samsung Galaxy S20 Ultra","Silver","samsung-galaxy-s20-ultra-6gb-128gb-silver.jpg","samsung-galaxy-s20-ultra-silver-back.jpg","https://tse1.mm.bing.net/th?q=Samsung%20Galaxy%20S20%20Ultra%20Silver%20official%20product%20phone%20white%20background&w=700&h=700&c=7&rs=1&p=0"
"78","Samsung","Samsung Galaxy S20 Ultra","Blue","samsung-galaxy-s20-ultra-6gb-128gb-blue.jpg","samsung-galaxy-s20-ultra-blue-back.jpg","https://tse1.mm.bing.net/th?q=Samsung%20Galaxy%20S20%20Ultra%20Blue%20official%20product%20phone%20white%20background&w=700&h=700&c=7&rs=1&p=0"
"78","Samsung","Samsung Galaxy S20 Ultra","Green","samsung-galaxy-s20-ultra-6gb-128gb-green.jpg","samsung-galaxy-s20-ultra-green-back.jpg","https://tse1.mm.bing.net/th?q=Samsung%20Galaxy%20S20%20Ultra%20Green%20official%20product%20phone%20white%20background&w=700&h=700&c=7&rs=1&p=0"
"79","Samsung","Samsung Galaxy S20+","Black","samsung-galaxy-s20-plus-6gb-128gb-black.jpg","samsung-galaxy-s20-plus-black-back.jpg","https://tse1.mm.bing.net/th?q=Samsung%20Galaxy%20S20%2B%20Black%20official%20product%20phone%20white%20background&w=700&h=700&c=7&rs=1&p=0"
"79","Samsung","Samsung Galaxy S20+","Silver","samsung-galaxy-s20-plus-6gb-128gb-silver.jpg","samsung-galaxy-s20-plus-silver-back.jpg","https://tse1.mm.bing.net/th?q=Samsung%20Galaxy%20S20%2B%20Silver%20official%20product%20phone%20white%20background&w=700&h=700&c=7&rs=1&p=0"
"79","Samsung","Samsung Galaxy S20+","Blue","samsung-galaxy-s20-plus-6gb-128gb-blue.jpg","samsung-galaxy-s20-plus-blue-back.jpg","https://tse1.mm.bing.net/th?q=Samsung%20Galaxy%20S20%2B%20Blue%20official%20product%20phone%20white%20background&w=700&h=700&c=7&rs=1&p=0"
"79","Samsung","Samsung Galaxy S20+","Green","samsung-galaxy-s20-plus-6gb-128gb-green.jpg","samsung-galaxy-s20-plus-green-back.jpg","https://tse1.mm.bing.net/th?q=Samsung%20Galaxy%20S20%2B%20Green%20official%20product%20phone%20white%20background&w=700&h=700&c=7&rs=1&p=0"
"80","Samsung","Samsung Galaxy S20 FE","Black","samsung-galaxy-s20-fe-6gb-128gb-black.jpg","samsung-galaxy-s20-fe-black-back.jpg","https://tse1.mm.bing.net/th?q=Samsung%20Galaxy%20S20%20FE%20Black%20official%20product%20phone%20white%20background&w=700&h=700&c=7&rs=1&p=0"
"80","Samsung","Samsung Galaxy S20 FE","Green","samsung-galaxy-s20-fe-6gb-128gb-green.jpg","samsung-galaxy-s20-fe-green-back.jpg","https://tse1.mm.bing.net/th?q=Samsung%20Galaxy%20S20%20FE%20Green%20official%20product%20phone%20white%20background&w=700&h=700&c=7&rs=1&p=0"
"81","Samsung","Samsung Galaxy S20","Black","samsung-galaxy-s20-6gb-128gb-black.jpg","samsung-galaxy-s20-black-back.jpg","https://tse1.mm.bing.net/th?q=Samsung%20Galaxy%20S20%20Black%20official%20product%20phone%20white%20background&w=700&h=700&c=7&rs=1&p=0"
"81","Samsung","Samsung Galaxy S20","Silver","samsung-galaxy-s20-6gb-128gb-silver.jpg","samsung-galaxy-s20-silver-back.jpg","https://tse1.mm.bing.net/th?q=Samsung%20Galaxy%20S20%20Silver%20official%20product%20phone%20white%20background&w=700&h=700&c=7&rs=1&p=0"
"81","Samsung","Samsung Galaxy S20","Blue","samsung-galaxy-s20-6gb-128gb-blue.jpg","samsung-galaxy-s20-blue-back.jpg","https://tse1.mm.bing.net/th?q=Samsung%20Galaxy%20S20%20Blue%20official%20product%20phone%20white%20background&w=700&h=700&c=7&rs=1&p=0"
"81","Samsung","Samsung Galaxy S20","Green","samsung-galaxy-s20-6gb-128gb-green.jpg","samsung-galaxy-s20-green-back.jpg","https://tse1.mm.bing.net/th?q=Samsung%20Galaxy%20S20%20Green%20official%20product%20phone%20white%20background&w=700&h=700&c=7&rs=1&p=0"
"82","Samsung","Samsung Galaxy Note20 Ultra","Black","samsung-galaxy-note20-ultra-6gb-128gb-black.jpg","samsung-galaxy-note20-ultra-black-back.jpg","https://tse1.mm.bing.net/th?q=Samsung%20Galaxy%20Note20%20Ultra%20Black%20official%20product%20phone%20white%20background&w=700&h=700&c=7&rs=1&p=0"
"82","Samsung","Samsung Galaxy Note20 Ultra","Silver","samsung-galaxy-note20-ultra-6gb-128gb-silver.jpg","samsung-galaxy-note20-ultra-silver-back.jpg","https://tse1.mm.bing.net/th?q=Samsung%20Galaxy%20Note20%20Ultra%20Silver%20official%20product%20phone%20white%20background&w=700&h=700&c=7&rs=1&p=0"
"82","Samsung","Samsung Galaxy Note20 Ultra","Blue","samsung-galaxy-note20-ultra-6gb-128gb-blue.jpg","samsung-galaxy-note20-ultra-blue-back.jpg","https://tse1.mm.bing.net/th?q=Samsung%20Galaxy%20Note20%20Ultra%20Blue%20official%20product%20phone%20white%20background&w=700&h=700&c=7&rs=1&p=0"
"83","Samsung","Samsung Galaxy Note20","Black","samsung-galaxy-note20-6gb-128gb-black.jpg","samsung-galaxy-note20-black-back.jpg","https://tse1.mm.bing.net/th?q=Samsung%20Galaxy%20Note20%20Black%20official%20product%20phone%20white%20background&w=700&h=700&c=7&rs=1&p=0"
"83","Samsung","Samsung Galaxy Note20","Silver","samsung-galaxy-note20-6gb-128gb-silver.jpg","samsung-galaxy-note20-silver-back.jpg","https://tse1.mm.bing.net/th?q=Samsung%20Galaxy%20Note20%20Silver%20official%20product%20phone%20white%20background&w=700&h=700&c=7&rs=1&p=0"
"83","Samsung","Samsung Galaxy Note20","Blue","samsung-galaxy-note20-6gb-128gb-blue.jpg","samsung-galaxy-note20-blue-back.jpg","https://tse1.mm.bing.net/th?q=Samsung%20Galaxy%20Note20%20Blue%20official%20product%20phone%20white%20background&w=700&h=700&c=7&rs=1&p=0"
"83","Samsung","Samsung Galaxy Note20","Green","samsung-galaxy-note20-6gb-128gb-green.jpg","samsung-galaxy-note20-green-back.jpg","https://tse1.mm.bing.net/th?q=Samsung%20Galaxy%20Note20%20Green%20official%20product%20phone%20white%20background&w=700&h=700&c=7&rs=1&p=0"
"84","Samsung","Samsung Galaxy Note10+","Black","samsung-galaxy-note10-plus-6gb-128gb-black.jpg","samsung-galaxy-note10-plus-black-back.jpg","https://tse1.mm.bing.net/th?q=Samsung%20Galaxy%20Note10%2B%20Black%20official%20product%20phone%20white%20background&w=700&h=700&c=7&rs=1&p=0"
"84","Samsung","Samsung Galaxy Note10+","Silver","samsung-galaxy-note10-plus-6gb-128gb-silver.jpg","samsung-galaxy-note10-plus-silver-back.jpg","https://tse1.mm.bing.net/th?q=Samsung%20Galaxy%20Note10%2B%20Silver%20official%20product%20phone%20white%20background&w=700&h=700&c=7&rs=1&p=0"
"84","Samsung","Samsung Galaxy Note10+","Blue","samsung-galaxy-note10-plus-6gb-128gb-blue.jpg","samsung-galaxy-note10-plus-blue-back.jpg","https://tse1.mm.bing.net/th?q=Samsung%20Galaxy%20Note10%2B%20Blue%20official%20product%20phone%20white%20background&w=700&h=700&c=7&rs=1&p=0"
"84","Samsung","Samsung Galaxy Note10+","Green","samsung-galaxy-note10-plus-6gb-128gb-green.jpg","samsung-galaxy-note10-plus-green-back.jpg","https://tse1.mm.bing.net/th?q=Samsung%20Galaxy%20Note10%2B%20Green%20official%20product%20phone%20white%20background&w=700&h=700&c=7&rs=1&p=0"
"85","Samsung","Samsung Galaxy Note10","Black","samsung-galaxy-note10-6gb-128gb-black.jpg","samsung-galaxy-note10-black-back.jpg","https://tse1.mm.bing.net/th?q=Samsung%20Galaxy%20Note10%20Black%20official%20product%20phone%20white%20background&w=700&h=700&c=7&rs=1&p=0"
"85","Samsung","Samsung Galaxy Note10","Silver","samsung-galaxy-note10-6gb-128gb-silver.jpg","samsung-galaxy-note10-silver-back.jpg","https://tse1.mm.bing.net/th?q=Samsung%20Galaxy%20Note10%20Silver%20official%20product%20phone%20white%20background&w=700&h=700&c=7&rs=1&p=0"
"85","Samsung","Samsung Galaxy Note10","Blue","samsung-galaxy-note10-6gb-128gb-blue.jpg","samsung-galaxy-note10-blue-back.jpg","https://tse1.mm.bing.net/th?q=Samsung%20Galaxy%20Note10%20Blue%20official%20product%20phone%20white%20background&w=700&h=700&c=7&rs=1&p=0"
"85","Samsung","Samsung Galaxy Note10","Green","samsung-galaxy-note10-6gb-128gb-green.jpg","samsung-galaxy-note10-green-back.jpg","https://tse1.mm.bing.net/th?q=Samsung%20Galaxy%20Note10%20Green%20official%20product%20phone%20white%20background&w=700&h=700&c=7&rs=1&p=0"
"86","Samsung","Samsung Galaxy A56","Black","samsung-galaxy-a56-6gb-128gb-black.jpg","samsung-galaxy-a56-black-back.jpg","https://tse1.mm.bing.net/th?q=Samsung%20Galaxy%20A56%20Black%20official%20product%20phone%20white%20background&w=700&h=700&c=7&rs=1&p=0"
"86","Samsung","Samsung Galaxy A56","Silver","samsung-galaxy-a56-6gb-128gb-silver.jpg","samsung-galaxy-a56-silver-back.jpg","https://tse1.mm.bing.net/th?q=Samsung%20Galaxy%20A56%20Silver%20official%20product%20phone%20white%20background&w=700&h=700&c=7&rs=1&p=0"
"86","Samsung","Samsung Galaxy A56","Blue","samsung-galaxy-a56-6gb-128gb-blue.jpg","samsung-galaxy-a56-blue-back.jpg","https://tse1.mm.bing.net/th?q=Samsung%20Galaxy%20A56%20Blue%20official%20product%20phone%20white%20background&w=700&h=700&c=7&rs=1&p=0"
"87","Samsung","Samsung Galaxy A55","Black","samsung-galaxy-a55-6gb-128gb-black.jpg","samsung-galaxy-a55-black-back.jpg","https://tse1.mm.bing.net/th?q=Samsung%20Galaxy%20A55%20Black%20official%20product%20phone%20white%20background&w=700&h=700&c=7&rs=1&p=0"
"87","Samsung","Samsung Galaxy A55","Silver","samsung-galaxy-a55-6gb-128gb-silver.jpg","samsung-galaxy-a55-silver-back.jpg","https://tse1.mm.bing.net/th?q=Samsung%20Galaxy%20A55%20Silver%20official%20product%20phone%20white%20background&w=700&h=700&c=7&rs=1&p=0"
"87","Samsung","Samsung Galaxy A55","Blue","samsung-galaxy-a55-6gb-128gb-blue.jpg","samsung-galaxy-a55-blue-back.jpg","https://tse1.mm.bing.net/th?q=Samsung%20Galaxy%20A55%20Blue%20official%20product%20phone%20white%20background&w=700&h=700&c=7&rs=1&p=0"
"87","Samsung","Samsung Galaxy A55","Green","samsung-galaxy-a55-6gb-128gb-green.jpg","samsung-galaxy-a55-green-back.jpg","https://tse1.mm.bing.net/th?q=Samsung%20Galaxy%20A55%20Green%20official%20product%20phone%20white%20background&w=700&h=700&c=7&rs=1&p=0"
"88","Samsung","Samsung Galaxy A54","Black","samsung-galaxy-a54-6gb-128gb-black.jpg","samsung-galaxy-a54-black-back.jpg","https://tse1.mm.bing.net/th?q=Samsung%20Galaxy%20A54%20Black%20official%20product%20phone%20white%20background&w=700&h=700&c=7&rs=1&p=0"
"88","Samsung","Samsung Galaxy A54","Silver","samsung-galaxy-a54-6gb-128gb-silver.jpg","samsung-galaxy-a54-silver-back.jpg","https://tse1.mm.bing.net/th?q=Samsung%20Galaxy%20A54%20Silver%20official%20product%20phone%20white%20background&w=700&h=700&c=7&rs=1&p=0"
"88","Samsung","Samsung Galaxy A54","Blue","samsung-galaxy-a54-6gb-128gb-blue.jpg","samsung-galaxy-a54-blue-back.jpg","https://tse1.mm.bing.net/th?q=Samsung%20Galaxy%20A54%20Blue%20official%20product%20phone%20white%20background&w=700&h=700&c=7&rs=1&p=0"
"88","Samsung","Samsung Galaxy A54","Green","samsung-galaxy-a54-6gb-128gb-green.jpg","samsung-galaxy-a54-green-back.jpg","https://tse1.mm.bing.net/th?q=Samsung%20Galaxy%20A54%20Green%20official%20product%20phone%20white%20background&w=700&h=700&c=7&rs=1&p=0"
"89","Samsung","Samsung Galaxy A53","Black","samsung-galaxy-a53-4gb-64gb-black.jpg","samsung-galaxy-a53-black-back.jpg","https://tse1.mm.bing.net/th?q=Samsung%20Galaxy%20A53%20Black%20official%20product%20phone%20white%20background&w=700&h=700&c=7&rs=1&p=0"
"89","Samsung","Samsung Galaxy A53","Silver","samsung-galaxy-a53-4gb-64gb-silver.jpg","samsung-galaxy-a53-silver-back.jpg","https://tse1.mm.bing.net/th?q=Samsung%20Galaxy%20A53%20Silver%20official%20product%20phone%20white%20background&w=700&h=700&c=7&rs=1&p=0"
"89","Samsung","Samsung Galaxy A53","Blue","samsung-galaxy-a53-4gb-64gb-blue.jpg","samsung-galaxy-a53-blue-back.jpg","https://tse1.mm.bing.net/th?q=Samsung%20Galaxy%20A53%20Blue%20official%20product%20phone%20white%20background&w=700&h=700&c=7&rs=1&p=0"
"89","Samsung","Samsung Galaxy A53","Green","samsung-galaxy-a53-4gb-64gb-green.jpg","samsung-galaxy-a53-green-back.jpg","https://tse1.mm.bing.net/th?q=Samsung%20Galaxy%20A53%20Green%20official%20product%20phone%20white%20background&w=700&h=700&c=7&rs=1&p=0"
"90","Samsung","Samsung Galaxy A52s 5G","Black","samsung-galaxy-a52s-5g-4gb-64gb-black.jpg","samsung-galaxy-a52s-5g-black-back.jpg","https://tse1.mm.bing.net/th?q=Samsung%20Galaxy%20A52s%205G%20Black%20official%20product%20phone%20white%20background&w=700&h=700&c=7&rs=1&p=0"
"90","Samsung","Samsung Galaxy A52s 5G","Silver","samsung-galaxy-a52s-5g-4gb-64gb-silver.jpg","samsung-galaxy-a52s-5g-silver-back.jpg","https://tse1.mm.bing.net/th?q=Samsung%20Galaxy%20A52s%205G%20Silver%20official%20product%20phone%20white%20background&w=700&h=700&c=7&rs=1&p=0"
"90","Samsung","Samsung Galaxy A52s 5G","Blue","samsung-galaxy-a52s-5g-4gb-64gb-blue.jpg","samsung-galaxy-a52s-5g-blue-back.jpg","https://tse1.mm.bing.net/th?q=Samsung%20Galaxy%20A52s%205G%20Blue%20official%20product%20phone%20white%20background&w=700&h=700&c=7&rs=1&p=0"
"90","Samsung","Samsung Galaxy A52s 5G","Green","samsung-galaxy-a52s-5g-4gb-64gb-green.jpg","samsung-galaxy-a52s-5g-green-back.jpg","https://tse1.mm.bing.net/th?q=Samsung%20Galaxy%20A52s%205G%20Green%20official%20product%20phone%20white%20background&w=700&h=700&c=7&rs=1&p=0"
"91","Samsung","Samsung Galaxy A52","Black","samsung-galaxy-a52-4gb-64gb-black.jpg","samsung-galaxy-a52-black-back.jpg","https://tse1.mm.bing.net/th?q=Samsung%20Galaxy%20A52%20Black%20official%20product%20phone%20white%20background&w=700&h=700&c=7&rs=1&p=0"
"91","Samsung","Samsung Galaxy A52","Silver","samsung-galaxy-a52-4gb-64gb-silver.jpg","samsung-galaxy-a52-silver-back.jpg","https://tse1.mm.bing.net/th?q=Samsung%20Galaxy%20A52%20Silver%20official%20product%20phone%20white%20background&w=700&h=700&c=7&rs=1&p=0"
"91","Samsung","Samsung Galaxy A52","Blue","samsung-galaxy-a52-4gb-64gb-blue.jpg","samsung-galaxy-a52-blue-back.jpg","https://tse1.mm.bing.net/th?q=Samsung%20Galaxy%20A52%20Blue%20official%20product%20phone%20white%20background&w=700&h=700&c=7&rs=1&p=0"
"91","Samsung","Samsung Galaxy A52","Green","samsung-galaxy-a52-4gb-64gb-green.jpg","samsung-galaxy-a52-green-back.jpg","https://tse1.mm.bing.net/th?q=Samsung%20Galaxy%20A52%20Green%20official%20product%20phone%20white%20background&w=700&h=700&c=7&rs=1&p=0"
"92","Samsung","Samsung Galaxy A36","Black","samsung-galaxy-a36-4gb-64gb-black.jpg","samsung-galaxy-a36-black-back.jpg","https://tse1.mm.bing.net/th?q=Samsung%20Galaxy%20A36%20Black%20official%20product%20phone%20white%20background&w=700&h=700&c=7&rs=1&p=0"
"92","Samsung","Samsung Galaxy A36","Silver","samsung-galaxy-a36-4gb-64gb-silver.jpg","samsung-galaxy-a36-silver-back.jpg","https://tse1.mm.bing.net/th?q=Samsung%20Galaxy%20A36%20Silver%20official%20product%20phone%20white%20background&w=700&h=700&c=7&rs=1&p=0"
"93","Samsung","Samsung Galaxy A35","Black","samsung-galaxy-a35-4gb-64gb-black.jpg","samsung-galaxy-a35-black-back.jpg","https://tse1.mm.bing.net/th?q=Samsung%20Galaxy%20A35%20Black%20official%20product%20phone%20white%20background&w=700&h=700&c=7&rs=1&p=0"
"93","Samsung","Samsung Galaxy A35","Silver","samsung-galaxy-a35-4gb-64gb-silver.jpg","samsung-galaxy-a35-silver-back.jpg","https://tse1.mm.bing.net/th?q=Samsung%20Galaxy%20A35%20Silver%20official%20product%20phone%20white%20background&w=700&h=700&c=7&rs=1&p=0"
"93","Samsung","Samsung Galaxy A35","Blue","samsung-galaxy-a35-4gb-64gb-blue.jpg","samsung-galaxy-a35-blue-back.jpg","https://tse1.mm.bing.net/th?q=Samsung%20Galaxy%20A35%20Blue%20official%20product%20phone%20white%20background&w=700&h=700&c=7&rs=1&p=0"
"94","Samsung","Samsung Galaxy A34","Black","samsung-galaxy-a34-4gb-64gb-black.jpg","samsung-galaxy-a34-black-back.jpg","https://tse1.mm.bing.net/th?q=Samsung%20Galaxy%20A34%20Black%20official%20product%20phone%20white%20background&w=700&h=700&c=7&rs=1&p=0"
"94","Samsung","Samsung Galaxy A34","Silver","samsung-galaxy-a34-4gb-64gb-silver.jpg","samsung-galaxy-a34-silver-back.jpg","https://tse1.mm.bing.net/th?q=Samsung%20Galaxy%20A34%20Silver%20official%20product%20phone%20white%20background&w=700&h=700&c=7&rs=1&p=0"
"94","Samsung","Samsung Galaxy A34","Blue","samsung-galaxy-a34-4gb-64gb-blue.jpg","samsung-galaxy-a34-blue-back.jpg","https://tse1.mm.bing.net/th?q=Samsung%20Galaxy%20A34%20Blue%20official%20product%20phone%20white%20background&w=700&h=700&c=7&rs=1&p=0"
"94","Samsung","Samsung Galaxy A34","Green","samsung-galaxy-a34-4gb-64gb-green.jpg","samsung-galaxy-a34-green-back.jpg","https://tse1.mm.bing.net/th?q=Samsung%20Galaxy%20A34%20Green%20official%20product%20phone%20white%20background&w=700&h=700&c=7&rs=1&p=0"
"95","Samsung","Samsung Galaxy A33","Black","samsung-galaxy-a33-4gb-64gb-black.jpg","samsung-galaxy-a33-black-back.jpg","https://tse1.mm.bing.net/th?q=Samsung%20Galaxy%20A33%20Black%20official%20product%20phone%20white%20background&w=700&h=700&c=7&rs=1&p=0"
"95","Samsung","Samsung Galaxy A33","Silver","samsung-galaxy-a33-4gb-64gb-silver.jpg","samsung-galaxy-a33-silver-back.jpg","https://tse1.mm.bing.net/th?q=Samsung%20Galaxy%20A33%20Silver%20official%20product%20phone%20white%20background&w=700&h=700&c=7&rs=1&p=0"
"95","Samsung","Samsung Galaxy A33","Blue","samsung-galaxy-a33-4gb-64gb-blue.jpg","samsung-galaxy-a33-blue-back.jpg","https://tse1.mm.bing.net/th?q=Samsung%20Galaxy%20A33%20Blue%20official%20product%20phone%20white%20background&w=700&h=700&c=7&rs=1&p=0"
"95","Samsung","Samsung Galaxy A33","Green","samsung-galaxy-a33-4gb-64gb-green.jpg","samsung-galaxy-a33-green-back.jpg","https://tse1.mm.bing.net/th?q=Samsung%20Galaxy%20A33%20Green%20official%20product%20phone%20white%20background&w=700&h=700&c=7&rs=1&p=0"
"96","Samsung","Samsung Galaxy A26","Black","samsung-galaxy-a26-4gb-64gb-black.jpg","samsung-galaxy-a26-black-back.jpg","https://tse1.mm.bing.net/th?q=Samsung%20Galaxy%20A26%20Black%20official%20product%20phone%20white%20background&w=700&h=700&c=7&rs=1&p=0"
"96","Samsung","Samsung Galaxy A26","Silver","samsung-galaxy-a26-4gb-64gb-silver.jpg","samsung-galaxy-a26-silver-back.jpg","https://tse1.mm.bing.net/th?q=Samsung%20Galaxy%20A26%20Silver%20official%20product%20phone%20white%20background&w=700&h=700&c=7&rs=1&p=0"
"96","Samsung","Samsung Galaxy A26","Blue","samsung-galaxy-a26-4gb-64gb-blue.jpg","samsung-galaxy-a26-blue-back.jpg","https://tse1.mm.bing.net/th?q=Samsung%20Galaxy%20A26%20Blue%20official%20product%20phone%20white%20background&w=700&h=700&c=7&rs=1&p=0"
"96","Samsung","Samsung Galaxy A26","Green","samsung-galaxy-a26-4gb-64gb-green.jpg","samsung-galaxy-a26-green-back.jpg","https://tse1.mm.bing.net/th?q=Samsung%20Galaxy%20A26%20Green%20official%20product%20phone%20white%20background&w=700&h=700&c=7&rs=1&p=0"
"97","Samsung","Samsung Galaxy A25","Black","samsung-galaxy-a25-4gb-64gb-black.jpg","samsung-galaxy-a25-black-back.jpg","https://tse1.mm.bing.net/th?q=Samsung%20Galaxy%20A25%20Black%20official%20product%20phone%20white%20background&w=700&h=700&c=7&rs=1&p=0"
"97","Samsung","Samsung Galaxy A25","Silver","samsung-galaxy-a25-4gb-64gb-silver.jpg","samsung-galaxy-a25-silver-back.jpg","https://tse1.mm.bing.net/th?q=Samsung%20Galaxy%20A25%20Silver%20official%20product%20phone%20white%20background&w=700&h=700&c=7&rs=1&p=0"
"97","Samsung","Samsung Galaxy A25","Blue","samsung-galaxy-a25-4gb-64gb-blue.jpg","samsung-galaxy-a25-blue-back.jpg","https://tse1.mm.bing.net/th?q=Samsung%20Galaxy%20A25%20Blue%20official%20product%20phone%20white%20background&w=700&h=700&c=7&rs=1&p=0"
"97","Samsung","Samsung Galaxy A25","Green","samsung-galaxy-a25-4gb-64gb-green.jpg","samsung-galaxy-a25-green-back.jpg","https://tse1.mm.bing.net/th?q=Samsung%20Galaxy%20A25%20Green%20official%20product%20phone%20white%20background&w=700&h=700&c=7&rs=1&p=0"
"98","Samsung","Samsung Galaxy A24","Black","samsung-galaxy-a24-4gb-64gb-black.jpg","samsung-galaxy-a24-black-back.jpg","https://tse1.mm.bing.net/th?q=Samsung%20Galaxy%20A24%20Black%20official%20product%20phone%20white%20background&w=700&h=700&c=7&rs=1&p=0"
"98","Samsung","Samsung Galaxy A24","Silver","samsung-galaxy-a24-4gb-64gb-silver.jpg","samsung-galaxy-a24-silver-back.jpg","https://tse1.mm.bing.net/th?q=Samsung%20Galaxy%20A24%20Silver%20official%20product%20phone%20white%20background&w=700&h=700&c=7&rs=1&p=0"
"98","Samsung","Samsung Galaxy A24","Blue","samsung-galaxy-a24-4gb-64gb-blue.jpg","samsung-galaxy-a24-blue-back.jpg","https://tse1.mm.bing.net/th?q=Samsung%20Galaxy%20A24%20Blue%20official%20product%20phone%20white%20background&w=700&h=700&c=7&rs=1&p=0"
"98","Samsung","Samsung Galaxy A24","Green","samsung-galaxy-a24-4gb-64gb-green.jpg","samsung-galaxy-a24-green-back.jpg","https://tse1.mm.bing.net/th?q=Samsung%20Galaxy%20A24%20Green%20official%20product%20phone%20white%20background&w=700&h=700&c=7&rs=1&p=0"
"99","Samsung","Samsung Galaxy A16","Black","samsung-galaxy-a16-4gb-64gb-black.jpg","samsung-galaxy-a16-black-back.jpg","https://tse1.mm.bing.net/th?q=Samsung%20Galaxy%20A16%20Black%20official%20product%20phone%20white%20background&w=700&h=700&c=7&rs=1&p=0"
"99","Samsung","Samsung Galaxy A16","Blue","samsung-galaxy-a16-4gb-64gb-blue.jpg","samsung-galaxy-a16-blue-back.jpg","https://tse1.mm.bing.net/th?q=Samsung%20Galaxy%20A16%20Blue%20official%20product%20phone%20white%20background&w=700&h=700&c=7&rs=1&p=0"
"100","Samsung","Samsung Galaxy A15","Black","samsung-galaxy-a15-4gb-64gb-black.jpg","samsung-galaxy-a15-black-back.jpg","https://tse1.mm.bing.net/th?q=Samsung%20Galaxy%20A15%20Black%20official%20product%20phone%20white%20background&w=700&h=700&c=7&rs=1&p=0"
"100","Samsung","Samsung Galaxy A15","Silver","samsung-galaxy-a15-4gb-64gb-silver.jpg","samsung-galaxy-a15-silver-back.jpg","https://tse1.mm.bing.net/th?q=Samsung%20Galaxy%20A15%20Silver%20official%20product%20phone%20white%20background&w=700&h=700&c=7&rs=1&p=0"
"100","Samsung","Samsung Galaxy A15","Blue","samsung-galaxy-a15-4gb-64gb-blue.jpg","samsung-galaxy-a15-blue-back.jpg","https://tse1.mm.bing.net/th?q=Samsung%20Galaxy%20A15%20Blue%20official%20product%20phone%20white%20background&w=700&h=700&c=7&rs=1&p=0"
"100","Samsung","Samsung Galaxy A15","Green","samsung-galaxy-a15-4gb-64gb-green.jpg","samsung-galaxy-a15-green-back.jpg","https://tse1.mm.bing.net/th?q=Samsung%20Galaxy%20A15%20Green%20official%20product%20phone%20white%20background&w=700&h=700&c=7&rs=1&p=0"
"101","Xiaomi","Xiaomi 17 Ultra","Black","xiaomi-17-ultra-12gb-256gb-black.jpg","xiaomi-17-ultra-black-back.jpg","https://tse1.mm.bing.net/th?q=Xiaomi%2017%20Ultra%20Black%20official%20product%20phone%20white%20background&w=700&h=700&c=7&rs=1&p=0"
"101","Xiaomi","Xiaomi 17 Ultra","Silver","xiaomi-17-ultra-12gb-256gb-silver.jpg","xiaomi-17-ultra-silver-back.jpg","https://tse1.mm.bing.net/th?q=Xiaomi%2017%20Ultra%20Silver%20official%20product%20phone%20white%20background&w=700&h=700&c=7&rs=1&p=0"
"101","Xiaomi","Xiaomi 17 Ultra","Blue","xiaomi-17-ultra-12gb-256gb-blue.jpg","xiaomi-17-ultra-blue-back.jpg","https://tse1.mm.bing.net/th?q=Xiaomi%2017%20Ultra%20Blue%20official%20product%20phone%20white%20background&w=700&h=700&c=7&rs=1&p=0"
"101","Xiaomi","Xiaomi 17 Ultra","Green","xiaomi-17-ultra-12gb-256gb-green.jpg","xiaomi-17-ultra-green-back.jpg","https://tse1.mm.bing.net/th?q=Xiaomi%2017%20Ultra%20Green%20official%20product%20phone%20white%20background&w=700&h=700&c=7&rs=1&p=0"
"102","Xiaomi","Xiaomi 17 Pro Max","Black","xiaomi-17-pro-max-12gb-256gb-black.jpg","xiaomi-17-pro-max-black-back.jpg","https://tse1.mm.bing.net/th?q=Xiaomi%2017%20Pro%20Max%20Black%20official%20product%20phone%20white%20background&w=700&h=700&c=7&rs=1&p=0"
"102","Xiaomi","Xiaomi 17 Pro Max","Silver","xiaomi-17-pro-max-12gb-256gb-silver.jpg","xiaomi-17-pro-max-silver-back.jpg","https://tse1.mm.bing.net/th?q=Xiaomi%2017%20Pro%20Max%20Silver%20official%20product%20phone%20white%20background&w=700&h=700&c=7&rs=1&p=0"
"102","Xiaomi","Xiaomi 17 Pro Max","Blue","xiaomi-17-pro-max-12gb-256gb-blue.jpg","xiaomi-17-pro-max-blue-back.jpg","https://tse1.mm.bing.net/th?q=Xiaomi%2017%20Pro%20Max%20Blue%20official%20product%20phone%20white%20background&w=700&h=700&c=7&rs=1&p=0"
"102","Xiaomi","Xiaomi 17 Pro Max","Green","xiaomi-17-pro-max-12gb-256gb-green.jpg","xiaomi-17-pro-max-green-back.jpg","https://tse1.mm.bing.net/th?q=Xiaomi%2017%20Pro%20Max%20Green%20official%20product%20phone%20white%20background&w=700&h=700&c=7&rs=1&p=0"
"103","Xiaomi","Xiaomi 17 Pro","Black","xiaomi-17-pro-12gb-256gb-black.jpg","xiaomi-17-pro-black-back.jpg","https://tse1.mm.bing.net/th?q=Xiaomi%2017%20Pro%20Black%20official%20product%20phone%20white%20background&w=700&h=700&c=7&rs=1&p=0"
"103","Xiaomi","Xiaomi 17 Pro","Silver","xiaomi-17-pro-12gb-256gb-silver.jpg","xiaomi-17-pro-silver-back.jpg","https://tse1.mm.bing.net/th?q=Xiaomi%2017%20Pro%20Silver%20official%20product%20phone%20white%20background&w=700&h=700&c=7&rs=1&p=0"
"103","Xiaomi","Xiaomi 17 Pro","Green","xiaomi-17-pro-12gb-256gb-green.jpg","xiaomi-17-pro-green-back.jpg","https://tse1.mm.bing.net/th?q=Xiaomi%2017%20Pro%20Green%20official%20product%20phone%20white%20background&w=700&h=700&c=7&rs=1&p=0"
"104","Xiaomi","Xiaomi 17","Black","xiaomi-17-12gb-256gb-black.jpg","xiaomi-17-black-back.jpg","https://tse1.mm.bing.net/th?q=Xiaomi%2017%20Black%20official%20product%20phone%20white%20background&w=700&h=700&c=7&rs=1&p=0"
"104","Xiaomi","Xiaomi 17","Silver","xiaomi-17-12gb-256gb-silver.jpg","xiaomi-17-silver-back.jpg","https://tse1.mm.bing.net/th?q=Xiaomi%2017%20Silver%20official%20product%20phone%20white%20background&w=700&h=700&c=7&rs=1&p=0"
"104","Xiaomi","Xiaomi 17","Blue","xiaomi-17-12gb-256gb-blue.jpg","xiaomi-17-blue-back.jpg","https://tse1.mm.bing.net/th?q=Xiaomi%2017%20Blue%20official%20product%20phone%20white%20background&w=700&h=700&c=7&rs=1&p=0"
"104","Xiaomi","Xiaomi 17","Green","xiaomi-17-12gb-256gb-green.jpg","xiaomi-17-green-back.jpg","https://tse1.mm.bing.net/th?q=Xiaomi%2017%20Green%20official%20product%20phone%20white%20background&w=700&h=700&c=7&rs=1&p=0"
"105","Xiaomi","Xiaomi 15 Ultra","Black","xiaomi-15-ultra-12gb-256gb-black.jpg","xiaomi-15-ultra-black-back.jpg","https://tse1.mm.bing.net/th?q=Xiaomi%2015%20Ultra%20Black%20official%20product%20phone%20white%20background&w=700&h=700&c=7&rs=1&p=0"
"105","Xiaomi","Xiaomi 15 Ultra","Silver","xiaomi-15-ultra-12gb-256gb-silver.jpg","xiaomi-15-ultra-silver-back.jpg","https://tse1.mm.bing.net/th?q=Xiaomi%2015%20Ultra%20Silver%20official%20product%20phone%20white%20background&w=700&h=700&c=7&rs=1&p=0"
"105","Xiaomi","Xiaomi 15 Ultra","Blue","xiaomi-15-ultra-12gb-256gb-blue.jpg","xiaomi-15-ultra-blue-back.jpg","https://tse1.mm.bing.net/th?q=Xiaomi%2015%20Ultra%20Blue%20official%20product%20phone%20white%20background&w=700&h=700&c=7&rs=1&p=0"
"105","Xiaomi","Xiaomi 15 Ultra","Green","xiaomi-15-ultra-12gb-256gb-green.jpg","xiaomi-15-ultra-green-back.jpg","https://tse1.mm.bing.net/th?q=Xiaomi%2015%20Ultra%20Green%20official%20product%20phone%20white%20background&w=700&h=700&c=7&rs=1&p=0"
"106","Xiaomi","Xiaomi 15 Pro","Black","xiaomi-15-pro-12gb-256gb-black.jpg","xiaomi-15-pro-black-back.jpg","https://tse1.mm.bing.net/th?q=Xiaomi%2015%20Pro%20Black%20official%20product%20phone%20white%20background&w=700&h=700&c=7&rs=1&p=0"
"106","Xiaomi","Xiaomi 15 Pro","Silver","xiaomi-15-pro-12gb-256gb-silver.jpg","xiaomi-15-pro-silver-back.jpg","https://tse1.mm.bing.net/th?q=Xiaomi%2015%20Pro%20Silver%20official%20product%20phone%20white%20background&w=700&h=700&c=7&rs=1&p=0"
"106","Xiaomi","Xiaomi 15 Pro","Blue","xiaomi-15-pro-12gb-256gb-blue.jpg","xiaomi-15-pro-blue-back.jpg","https://tse1.mm.bing.net/th?q=Xiaomi%2015%20Pro%20Blue%20official%20product%20phone%20white%20background&w=700&h=700&c=7&rs=1&p=0"
"106","Xiaomi","Xiaomi 15 Pro","Green","xiaomi-15-pro-12gb-256gb-green.jpg","xiaomi-15-pro-green-back.jpg","https://tse1.mm.bing.net/th?q=Xiaomi%2015%20Pro%20Green%20official%20product%20phone%20white%20background&w=700&h=700&c=7&rs=1&p=0"
"107","Xiaomi","Xiaomi 14 Ultra","Black","xiaomi-14-ultra-12gb-256gb-black.jpg","xiaomi-14-ultra-black-back.jpg","https://tse1.mm.bing.net/th?q=Xiaomi%2014%20Ultra%20Black%20official%20product%20phone%20white%20background&w=700&h=700&c=7&rs=1&p=0"
"107","Xiaomi","Xiaomi 14 Ultra","Blue","xiaomi-14-ultra-12gb-256gb-blue.jpg","xiaomi-14-ultra-blue-back.jpg","https://tse1.mm.bing.net/th?q=Xiaomi%2014%20Ultra%20Blue%20official%20product%20phone%20white%20background&w=700&h=700&c=7&rs=1&p=0"
"107","Xiaomi","Xiaomi 14 Ultra","Green","xiaomi-14-ultra-12gb-256gb-green.jpg","xiaomi-14-ultra-green-back.jpg","https://tse1.mm.bing.net/th?q=Xiaomi%2014%20Ultra%20Green%20official%20product%20phone%20white%20background&w=700&h=700&c=7&rs=1&p=0"
"108","Xiaomi","Xiaomi 14 Pro","Black","xiaomi-14-pro-12gb-256gb-black.jpg","xiaomi-14-pro-black-back.jpg","https://tse1.mm.bing.net/th?q=Xiaomi%2014%20Pro%20Black%20official%20product%20phone%20white%20background&w=700&h=700&c=7&rs=1&p=0"
"108","Xiaomi","Xiaomi 14 Pro","Silver","xiaomi-14-pro-12gb-256gb-silver.jpg","xiaomi-14-pro-silver-back.jpg","https://tse1.mm.bing.net/th?q=Xiaomi%2014%20Pro%20Silver%20official%20product%20phone%20white%20background&w=700&h=700&c=7&rs=1&p=0"
"108","Xiaomi","Xiaomi 14 Pro","Blue","xiaomi-14-pro-12gb-256gb-blue.jpg","xiaomi-14-pro-blue-back.jpg","https://tse1.mm.bing.net/th?q=Xiaomi%2014%20Pro%20Blue%20official%20product%20phone%20white%20background&w=700&h=700&c=7&rs=1&p=0"
"108","Xiaomi","Xiaomi 14 Pro","Green","xiaomi-14-pro-12gb-256gb-green.jpg","xiaomi-14-pro-green-back.jpg","https://tse1.mm.bing.net/th?q=Xiaomi%2014%20Pro%20Green%20official%20product%20phone%20white%20background&w=700&h=700&c=7&rs=1&p=0"
"109","Xiaomi","Xiaomi 13 Ultra","Black","xiaomi-13-ultra-12gb-256gb-black.jpg","xiaomi-13-ultra-black-back.jpg","https://tse1.mm.bing.net/th?q=Xiaomi%2013%20Ultra%20Black%20official%20product%20phone%20white%20background&w=700&h=700&c=7&rs=1&p=0"
"109","Xiaomi","Xiaomi 13 Ultra","Blue","xiaomi-13-ultra-12gb-256gb-blue.jpg","xiaomi-13-ultra-blue-back.jpg","https://tse1.mm.bing.net/th?q=Xiaomi%2013%20Ultra%20Blue%20official%20product%20phone%20white%20background&w=700&h=700&c=7&rs=1&p=0"
"109","Xiaomi","Xiaomi 13 Ultra","Green","xiaomi-13-ultra-12gb-256gb-green.jpg","xiaomi-13-ultra-green-back.jpg","https://tse1.mm.bing.net/th?q=Xiaomi%2013%20Ultra%20Green%20official%20product%20phone%20white%20background&w=700&h=700&c=7&rs=1&p=0"
"110","Xiaomi","Xiaomi 13 Pro","Black","xiaomi-13-pro-12gb-256gb-black.jpg","xiaomi-13-pro-black-back.jpg","https://tse1.mm.bing.net/th?q=Xiaomi%2013%20Pro%20Black%20official%20product%20phone%20white%20background&w=700&h=700&c=7&rs=1&p=0"
"110","Xiaomi","Xiaomi 13 Pro","Silver","xiaomi-13-pro-12gb-256gb-silver.jpg","xiaomi-13-pro-silver-back.jpg","https://tse1.mm.bing.net/th?q=Xiaomi%2013%20Pro%20Silver%20official%20product%20phone%20white%20background&w=700&h=700&c=7&rs=1&p=0"
"110","Xiaomi","Xiaomi 13 Pro","Blue","xiaomi-13-pro-12gb-256gb-blue.jpg","xiaomi-13-pro-blue-back.jpg","https://tse1.mm.bing.net/th?q=Xiaomi%2013%20Pro%20Blue%20official%20product%20phone%20white%20background&w=700&h=700&c=7&rs=1&p=0"
"110","Xiaomi","Xiaomi 13 Pro","Green","xiaomi-13-pro-12gb-256gb-green.jpg","xiaomi-13-pro-green-back.jpg","https://tse1.mm.bing.net/th?q=Xiaomi%2013%20Pro%20Green%20official%20product%20phone%20white%20background&w=700&h=700&c=7&rs=1&p=0"
"111","Xiaomi","Xiaomi 12S Ultra","Black","xiaomi-12s-ultra-12gb-256gb-black.jpg","xiaomi-12s-ultra-black-back.jpg","https://tse1.mm.bing.net/th?q=Xiaomi%2012S%20Ultra%20Black%20official%20product%20phone%20white%20background&w=700&h=700&c=7&rs=1&p=0"
"111","Xiaomi","Xiaomi 12S Ultra","Silver","xiaomi-12s-ultra-12gb-256gb-silver.jpg","xiaomi-12s-ultra-silver-back.jpg","https://tse1.mm.bing.net/th?q=Xiaomi%2012S%20Ultra%20Silver%20official%20product%20phone%20white%20background&w=700&h=700&c=7&rs=1&p=0"
"112","Xiaomi","Xiaomi Mi 11 Ultra","Black","xiaomi-mi-11-ultra-12gb-256gb-black.jpg","xiaomi-mi-11-ultra-black-back.jpg","https://tse1.mm.bing.net/th?q=Xiaomi%20Mi%2011%20Ultra%20Black%20official%20product%20phone%20white%20background&w=700&h=700&c=7&rs=1&p=0"
"112","Xiaomi","Xiaomi Mi 11 Ultra","Silver","xiaomi-mi-11-ultra-12gb-256gb-silver.jpg","xiaomi-mi-11-ultra-silver-back.jpg","https://tse1.mm.bing.net/th?q=Xiaomi%20Mi%2011%20Ultra%20Silver%20official%20product%20phone%20white%20background&w=700&h=700&c=7&rs=1&p=0"
"112","Xiaomi","Xiaomi Mi 11 Ultra","Blue","xiaomi-mi-11-ultra-12gb-256gb-blue.jpg","xiaomi-mi-11-ultra-blue-back.jpg","https://tse1.mm.bing.net/th?q=Xiaomi%20Mi%2011%20Ultra%20Blue%20official%20product%20phone%20white%20background&w=700&h=700&c=7&rs=1&p=0"
"113","Xiaomi","POCO F7 Ultra","Black","poco-f7-ultra-12gb-256gb-black.jpg","poco-f7-ultra-black-back.jpg","https://tse1.mm.bing.net/th?q=POCO%20F7%20Ultra%20Black%20official%20product%20phone%20white%20background&w=700&h=700&c=7&rs=1&p=0"
"113","Xiaomi","POCO F7 Ultra","Silver","poco-f7-ultra-12gb-256gb-silver.jpg","poco-f7-ultra-silver-back.jpg","https://tse1.mm.bing.net/th?q=POCO%20F7%20Ultra%20Silver%20official%20product%20phone%20white%20background&w=700&h=700&c=7&rs=1&p=0"
"113","Xiaomi","POCO F7 Ultra","Blue","poco-f7-ultra-12gb-256gb-blue.jpg","poco-f7-ultra-blue-back.jpg","https://tse1.mm.bing.net/th?q=POCO%20F7%20Ultra%20Blue%20official%20product%20phone%20white%20background&w=700&h=700&c=7&rs=1&p=0"
"113","Xiaomi","POCO F7 Ultra","Green","poco-f7-ultra-12gb-256gb-green.jpg","poco-f7-ultra-green-back.jpg","https://tse1.mm.bing.net/th?q=POCO%20F7%20Ultra%20Green%20official%20product%20phone%20white%20background&w=700&h=700&c=7&rs=1&p=0"
"114","Xiaomi","Xiaomi 15","Black","xiaomi-15-8gb-128gb-black.jpg","xiaomi-15-black-back.jpg","https://tse1.mm.bing.net/th?q=Xiaomi%2015%20Black%20official%20product%20phone%20white%20background&w=700&h=700&c=7&rs=1&p=0"
"114","Xiaomi","Xiaomi 15","Silver","xiaomi-15-8gb-128gb-silver.jpg","xiaomi-15-silver-back.jpg","https://tse1.mm.bing.net/th?q=Xiaomi%2015%20Silver%20official%20product%20phone%20white%20background&w=700&h=700&c=7&rs=1&p=0"
"114","Xiaomi","Xiaomi 15","Blue","xiaomi-15-8gb-128gb-blue.jpg","xiaomi-15-blue-back.jpg","https://tse1.mm.bing.net/th?q=Xiaomi%2015%20Blue%20official%20product%20phone%20white%20background&w=700&h=700&c=7&rs=1&p=0"
"114","Xiaomi","Xiaomi 15","Green","xiaomi-15-8gb-128gb-green.jpg","xiaomi-15-green-back.jpg","https://tse1.mm.bing.net/th?q=Xiaomi%2015%20Green%20official%20product%20phone%20white%20background&w=700&h=700&c=7&rs=1&p=0"
"115","Xiaomi","Xiaomi 14","Black","xiaomi-14-8gb-128gb-black.jpg","xiaomi-14-black-back.jpg","https://tse1.mm.bing.net/th?q=Xiaomi%2014%20Black%20official%20product%20phone%20white%20background&w=700&h=700&c=7&rs=1&p=0"
"115","Xiaomi","Xiaomi 14","Silver","xiaomi-14-8gb-128gb-silver.jpg","xiaomi-14-silver-back.jpg","https://tse1.mm.bing.net/th?q=Xiaomi%2014%20Silver%20official%20product%20phone%20white%20background&w=700&h=700&c=7&rs=1&p=0"
"115","Xiaomi","Xiaomi 14","Blue","xiaomi-14-8gb-128gb-blue.jpg","xiaomi-14-blue-back.jpg","https://tse1.mm.bing.net/th?q=Xiaomi%2014%20Blue%20official%20product%20phone%20white%20background&w=700&h=700&c=7&rs=1&p=0"
"115","Xiaomi","Xiaomi 14","Green","xiaomi-14-8gb-128gb-green.jpg","xiaomi-14-green-back.jpg","https://tse1.mm.bing.net/th?q=Xiaomi%2014%20Green%20official%20product%20phone%20white%20background&w=700&h=700&c=7&rs=1&p=0"
"116","Xiaomi","Xiaomi 13","Black","xiaomi-13-8gb-128gb-black.jpg","xiaomi-13-black-back.jpg","https://tse1.mm.bing.net/th?q=Xiaomi%2013%20Black%20official%20product%20phone%20white%20background&w=700&h=700&c=7&rs=1&p=0"
"116","Xiaomi","Xiaomi 13","Silver","xiaomi-13-8gb-128gb-silver.jpg","xiaomi-13-silver-back.jpg","https://tse1.mm.bing.net/th?q=Xiaomi%2013%20Silver%20official%20product%20phone%20white%20background&w=700&h=700&c=7&rs=1&p=0"
"116","Xiaomi","Xiaomi 13","Blue","xiaomi-13-8gb-128gb-blue.jpg","xiaomi-13-blue-back.jpg","https://tse1.mm.bing.net/th?q=Xiaomi%2013%20Blue%20official%20product%20phone%20white%20background&w=700&h=700&c=7&rs=1&p=0"
"116","Xiaomi","Xiaomi 13","Green","xiaomi-13-8gb-128gb-green.jpg","xiaomi-13-green-back.jpg","https://tse1.mm.bing.net/th?q=Xiaomi%2013%20Green%20official%20product%20phone%20white%20background&w=700&h=700&c=7&rs=1&p=0"
"117","Xiaomi","Xiaomi 12S Pro","Black","xiaomi-12s-pro-8gb-128gb-black.jpg","xiaomi-12s-pro-black-back.jpg","https://tse1.mm.bing.net/th?q=Xiaomi%2012S%20Pro%20Black%20official%20product%20phone%20white%20background&w=700&h=700&c=7&rs=1&p=0"
"117","Xiaomi","Xiaomi 12S Pro","Blue","xiaomi-12s-pro-8gb-128gb-blue.jpg","xiaomi-12s-pro-blue-back.jpg","https://tse1.mm.bing.net/th?q=Xiaomi%2012S%20Pro%20Blue%20official%20product%20phone%20white%20background&w=700&h=700&c=7&rs=1&p=0"
"118","Xiaomi","Xiaomi 12S","Black","xiaomi-12s-8gb-128gb-black.jpg","xiaomi-12s-black-back.jpg","https://tse1.mm.bing.net/th?q=Xiaomi%2012S%20Black%20official%20product%20phone%20white%20background&w=700&h=700&c=7&rs=1&p=0"
"118","Xiaomi","Xiaomi 12S","Silver","xiaomi-12s-8gb-128gb-silver.jpg","xiaomi-12s-silver-back.jpg","https://tse1.mm.bing.net/th?q=Xiaomi%2012S%20Silver%20official%20product%20phone%20white%20background&w=700&h=700&c=7&rs=1&p=0"
"118","Xiaomi","Xiaomi 12S","Blue","xiaomi-12s-8gb-128gb-blue.jpg","xiaomi-12s-blue-back.jpg","https://tse1.mm.bing.net/th?q=Xiaomi%2012S%20Blue%20official%20product%20phone%20white%20background&w=700&h=700&c=7&rs=1&p=0"
"118","Xiaomi","Xiaomi 12S","Green","xiaomi-12s-8gb-128gb-green.jpg","xiaomi-12s-green-back.jpg","https://tse1.mm.bing.net/th?q=Xiaomi%2012S%20Green%20official%20product%20phone%20white%20background&w=700&h=700&c=7&rs=1&p=0"
"119","Xiaomi","Xiaomi 12 Pro","Black","xiaomi-12-pro-8gb-128gb-black.jpg","xiaomi-12-pro-black-back.jpg","https://tse1.mm.bing.net/th?q=Xiaomi%2012%20Pro%20Black%20official%20product%20phone%20white%20background&w=700&h=700&c=7&rs=1&p=0"
"119","Xiaomi","Xiaomi 12 Pro","Silver","xiaomi-12-pro-8gb-128gb-silver.jpg","xiaomi-12-pro-silver-back.jpg","https://tse1.mm.bing.net/th?q=Xiaomi%2012%20Pro%20Silver%20official%20product%20phone%20white%20background&w=700&h=700&c=7&rs=1&p=0"
"119","Xiaomi","Xiaomi 12 Pro","Blue","xiaomi-12-pro-8gb-128gb-blue.jpg","xiaomi-12-pro-blue-back.jpg","https://tse1.mm.bing.net/th?q=Xiaomi%2012%20Pro%20Blue%20official%20product%20phone%20white%20background&w=700&h=700&c=7&rs=1&p=0"
"119","Xiaomi","Xiaomi 12 Pro","Green","xiaomi-12-pro-8gb-128gb-green.jpg","xiaomi-12-pro-green-back.jpg","https://tse1.mm.bing.net/th?q=Xiaomi%2012%20Pro%20Green%20official%20product%20phone%20white%20background&w=700&h=700&c=7&rs=1&p=0"
"120","Xiaomi","Xiaomi Mi 11 Pro","Black","xiaomi-mi-11-pro-8gb-128gb-black.jpg","xiaomi-mi-11-pro-black-back.jpg","https://tse1.mm.bing.net/th?q=Xiaomi%20Mi%2011%20Pro%20Black%20official%20product%20phone%20white%20background&w=700&h=700&c=7&rs=1&p=0"
"120","Xiaomi","Xiaomi Mi 11 Pro","Silver","xiaomi-mi-11-pro-8gb-128gb-silver.jpg","xiaomi-mi-11-pro-silver-back.jpg","https://tse1.mm.bing.net/th?q=Xiaomi%20Mi%2011%20Pro%20Silver%20official%20product%20phone%20white%20background&w=700&h=700&c=7&rs=1&p=0"
"120","Xiaomi","Xiaomi Mi 11 Pro","Blue","xiaomi-mi-11-pro-8gb-128gb-blue.jpg","xiaomi-mi-11-pro-blue-back.jpg","https://tse1.mm.bing.net/th?q=Xiaomi%20Mi%2011%20Pro%20Blue%20official%20product%20phone%20white%20background&w=700&h=700&c=7&rs=1&p=0"
"120","Xiaomi","Xiaomi Mi 11 Pro","Green","xiaomi-mi-11-pro-8gb-128gb-green.jpg","xiaomi-mi-11-pro-green-back.jpg","https://tse1.mm.bing.net/th?q=Xiaomi%20Mi%2011%20Pro%20Green%20official%20product%20phone%20white%20background&w=700&h=700&c=7&rs=1&p=0"
"121","Xiaomi","Xiaomi Mi 11","Black","xiaomi-mi-11-8gb-128gb-black.jpg","xiaomi-mi-11-black-back.jpg","https://tse1.mm.bing.net/th?q=Xiaomi%20Mi%2011%20Black%20official%20product%20phone%20white%20background&w=700&h=700&c=7&rs=1&p=0"
"121","Xiaomi","Xiaomi Mi 11","Silver","xiaomi-mi-11-8gb-128gb-silver.jpg","xiaomi-mi-11-silver-back.jpg","https://tse1.mm.bing.net/th?q=Xiaomi%20Mi%2011%20Silver%20official%20product%20phone%20white%20background&w=700&h=700&c=7&rs=1&p=0"
"121","Xiaomi","Xiaomi Mi 11","Blue","xiaomi-mi-11-8gb-128gb-blue.jpg","xiaomi-mi-11-blue-back.jpg","https://tse1.mm.bing.net/th?q=Xiaomi%20Mi%2011%20Blue%20official%20product%20phone%20white%20background&w=700&h=700&c=7&rs=1&p=0"
"121","Xiaomi","Xiaomi Mi 11","Green","xiaomi-mi-11-8gb-128gb-green.jpg","xiaomi-mi-11-green-back.jpg","https://tse1.mm.bing.net/th?q=Xiaomi%20Mi%2011%20Green%20official%20product%20phone%20white%20background&w=700&h=700&c=7&rs=1&p=0"
"122","Xiaomi","Xiaomi Mi 10 Ultra","Black","xiaomi-mi-10-ultra-8gb-128gb-black.jpg","xiaomi-mi-10-ultra-black-back.jpg","https://tse1.mm.bing.net/th?q=Xiaomi%20Mi%2010%20Ultra%20Black%20official%20product%20phone%20white%20background&w=700&h=700&c=7&rs=1&p=0"
"122","Xiaomi","Xiaomi Mi 10 Ultra","Blue","xiaomi-mi-10-ultra-8gb-128gb-blue.jpg","xiaomi-mi-10-ultra-blue-back.jpg","https://tse1.mm.bing.net/th?q=Xiaomi%20Mi%2010%20Ultra%20Blue%20official%20product%20phone%20white%20background&w=700&h=700&c=7&rs=1&p=0"
"122","Xiaomi","Xiaomi Mi 10 Ultra","Green","xiaomi-mi-10-ultra-8gb-128gb-green.jpg","xiaomi-mi-10-ultra-green-back.jpg","https://tse1.mm.bing.net/th?q=Xiaomi%20Mi%2010%20Ultra%20Green%20official%20product%20phone%20white%20background&w=700&h=700&c=7&rs=1&p=0"
"123","Xiaomi","Xiaomi Mi 10 Pro","Black","xiaomi-mi-10-pro-8gb-128gb-black.jpg","xiaomi-mi-10-pro-black-back.jpg","https://tse1.mm.bing.net/th?q=Xiaomi%20Mi%2010%20Pro%20Black%20official%20product%20phone%20white%20background&w=700&h=700&c=7&rs=1&p=0"
"123","Xiaomi","Xiaomi Mi 10 Pro","Silver","xiaomi-mi-10-pro-8gb-128gb-silver.jpg","xiaomi-mi-10-pro-silver-back.jpg","https://tse1.mm.bing.net/th?q=Xiaomi%20Mi%2010%20Pro%20Silver%20official%20product%20phone%20white%20background&w=700&h=700&c=7&rs=1&p=0"
"123","Xiaomi","Xiaomi Mi 10 Pro","Blue","xiaomi-mi-10-pro-8gb-128gb-blue.jpg","xiaomi-mi-10-pro-blue-back.jpg","https://tse1.mm.bing.net/th?q=Xiaomi%20Mi%2010%20Pro%20Blue%20official%20product%20phone%20white%20background&w=700&h=700&c=7&rs=1&p=0"
"123","Xiaomi","Xiaomi Mi 10 Pro","Green","xiaomi-mi-10-pro-8gb-128gb-green.jpg","xiaomi-mi-10-pro-green-back.jpg","https://tse1.mm.bing.net/th?q=Xiaomi%20Mi%2010%20Pro%20Green%20official%20product%20phone%20white%20background&w=700&h=700&c=7&rs=1&p=0"
"124","Xiaomi","Redmi Note 15 Pro+ 5G","Black","redmi-note-15-pro-plus-5g-8gb-128gb-black.jpg","redmi-note-15-pro-plus-5g-black-back.jpg","https://tse1.mm.bing.net/th?q=Redmi%20Note%2015%20Pro%2B%205G%20Black%20official%20product%20phone%20white%20background&w=700&h=700&c=7&rs=1&p=0"
"124","Xiaomi","Redmi Note 15 Pro+ 5G","Silver","redmi-note-15-pro-plus-5g-8gb-128gb-silver.jpg","redmi-note-15-pro-plus-5g-silver-back.jpg","https://tse1.mm.bing.net/th?q=Redmi%20Note%2015%20Pro%2B%205G%20Silver%20official%20product%20phone%20white%20background&w=700&h=700&c=7&rs=1&p=0"
"124","Xiaomi","Redmi Note 15 Pro+ 5G","Blue","redmi-note-15-pro-plus-5g-8gb-128gb-blue.jpg","redmi-note-15-pro-plus-5g-blue-back.jpg","https://tse1.mm.bing.net/th?q=Redmi%20Note%2015%20Pro%2B%205G%20Blue%20official%20product%20phone%20white%20background&w=700&h=700&c=7&rs=1&p=0"
"124","Xiaomi","Redmi Note 15 Pro+ 5G","Green","redmi-note-15-pro-plus-5g-8gb-128gb-green.jpg","redmi-note-15-pro-plus-5g-green-back.jpg","https://tse1.mm.bing.net/th?q=Redmi%20Note%2015%20Pro%2B%205G%20Green%20official%20product%20phone%20white%20background&w=700&h=700&c=7&rs=1&p=0"
"125","Xiaomi","Redmi Note 14 Pro+ 5G","Black","redmi-note-14-pro-plus-5g-8gb-128gb-black.jpg","redmi-note-14-pro-plus-5g-black-back.jpg","https://tse1.mm.bing.net/th?q=Redmi%20Note%2014%20Pro%2B%205G%20Black%20official%20product%20phone%20white%20background&w=700&h=700&c=7&rs=1&p=0"
"125","Xiaomi","Redmi Note 14 Pro+ 5G","Silver","redmi-note-14-pro-plus-5g-8gb-128gb-silver.jpg","redmi-note-14-pro-plus-5g-silver-back.jpg","https://tse1.mm.bing.net/th?q=Redmi%20Note%2014%20Pro%2B%205G%20Silver%20official%20product%20phone%20white%20background&w=700&h=700&c=7&rs=1&p=0"
"125","Xiaomi","Redmi Note 14 Pro+ 5G","Blue","redmi-note-14-pro-plus-5g-8gb-128gb-blue.jpg","redmi-note-14-pro-plus-5g-blue-back.jpg","https://tse1.mm.bing.net/th?q=Redmi%20Note%2014%20Pro%2B%205G%20Blue%20official%20product%20phone%20white%20background&w=700&h=700&c=7&rs=1&p=0"
"125","Xiaomi","Redmi Note 14 Pro+ 5G","Green","redmi-note-14-pro-plus-5g-8gb-128gb-green.jpg","redmi-note-14-pro-plus-5g-green-back.jpg","https://tse1.mm.bing.net/th?q=Redmi%20Note%2014%20Pro%2B%205G%20Green%20official%20product%20phone%20white%20background&w=700&h=700&c=7&rs=1&p=0"
"126","Xiaomi","POCO F7 Pro","Black","poco-f7-pro-8gb-128gb-black.jpg","poco-f7-pro-black-back.jpg","https://tse1.mm.bing.net/th?q=POCO%20F7%20Pro%20Black%20official%20product%20phone%20white%20background&w=700&h=700&c=7&rs=1&p=0"
"126","Xiaomi","POCO F7 Pro","Silver","poco-f7-pro-8gb-128gb-silver.jpg","poco-f7-pro-silver-back.jpg","https://tse1.mm.bing.net/th?q=POCO%20F7%20Pro%20Silver%20official%20product%20phone%20white%20background&w=700&h=700&c=7&rs=1&p=0"
"126","Xiaomi","POCO F7 Pro","Blue","poco-f7-pro-8gb-128gb-blue.jpg","poco-f7-pro-blue-back.jpg","https://tse1.mm.bing.net/th?q=POCO%20F7%20Pro%20Blue%20official%20product%20phone%20white%20background&w=700&h=700&c=7&rs=1&p=0"
"127","Xiaomi","Xiaomi 13 Lite","Black","xiaomi-13-lite-6gb-128gb-black.jpg","xiaomi-13-lite-black-back.jpg","https://tse1.mm.bing.net/th?q=Xiaomi%2013%20Lite%20Black%20official%20product%20phone%20white%20background&w=700&h=700&c=7&rs=1&p=0"
"127","Xiaomi","Xiaomi 13 Lite","Silver","xiaomi-13-lite-6gb-128gb-silver.jpg","xiaomi-13-lite-silver-back.jpg","https://tse1.mm.bing.net/th?q=Xiaomi%2013%20Lite%20Silver%20official%20product%20phone%20white%20background&w=700&h=700&c=7&rs=1&p=0"
"127","Xiaomi","Xiaomi 13 Lite","Blue","xiaomi-13-lite-6gb-128gb-blue.jpg","xiaomi-13-lite-blue-back.jpg","https://tse1.mm.bing.net/th?q=Xiaomi%2013%20Lite%20Blue%20official%20product%20phone%20white%20background&w=700&h=700&c=7&rs=1&p=0"
"127","Xiaomi","Xiaomi 13 Lite","Green","xiaomi-13-lite-6gb-128gb-green.jpg","xiaomi-13-lite-green-back.jpg","https://tse1.mm.bing.net/th?q=Xiaomi%2013%20Lite%20Green%20official%20product%20phone%20white%20background&w=700&h=700&c=7&rs=1&p=0"
"128","Xiaomi","Xiaomi 12","Black","xiaomi-12-6gb-128gb-black.jpg","xiaomi-12-black-back.jpg","https://tse1.mm.bing.net/th?q=Xiaomi%2012%20Black%20official%20product%20phone%20white%20background&w=700&h=700&c=7&rs=1&p=0"
"128","Xiaomi","Xiaomi 12","Silver","xiaomi-12-6gb-128gb-silver.jpg","xiaomi-12-silver-back.jpg","https://tse1.mm.bing.net/th?q=Xiaomi%2012%20Silver%20official%20product%20phone%20white%20background&w=700&h=700&c=7&rs=1&p=0"
"128","Xiaomi","Xiaomi 12","Blue","xiaomi-12-6gb-128gb-blue.jpg","xiaomi-12-blue-back.jpg","https://tse1.mm.bing.net/th?q=Xiaomi%2012%20Blue%20official%20product%20phone%20white%20background&w=700&h=700&c=7&rs=1&p=0"
"128","Xiaomi","Xiaomi 12","Green","xiaomi-12-6gb-128gb-green.jpg","xiaomi-12-green-back.jpg","https://tse1.mm.bing.net/th?q=Xiaomi%2012%20Green%20official%20product%20phone%20white%20background&w=700&h=700&c=7&rs=1&p=0"
"129","Xiaomi","Xiaomi 12 Lite","Black","xiaomi-12-lite-6gb-128gb-black.jpg","xiaomi-12-lite-black-back.jpg","https://tse1.mm.bing.net/th?q=Xiaomi%2012%20Lite%20Black%20official%20product%20phone%20white%20background&w=700&h=700&c=7&rs=1&p=0"
"129","Xiaomi","Xiaomi 12 Lite","Silver","xiaomi-12-lite-6gb-128gb-silver.jpg","xiaomi-12-lite-silver-back.jpg","https://tse1.mm.bing.net/th?q=Xiaomi%2012%20Lite%20Silver%20official%20product%20phone%20white%20background&w=700&h=700&c=7&rs=1&p=0"
"129","Xiaomi","Xiaomi 12 Lite","Blue","xiaomi-12-lite-6gb-128gb-blue.jpg","xiaomi-12-lite-blue-back.jpg","https://tse1.mm.bing.net/th?q=Xiaomi%2012%20Lite%20Blue%20official%20product%20phone%20white%20background&w=700&h=700&c=7&rs=1&p=0"
"129","Xiaomi","Xiaomi 12 Lite","Green","xiaomi-12-lite-6gb-128gb-green.jpg","xiaomi-12-lite-green-back.jpg","https://tse1.mm.bing.net/th?q=Xiaomi%2012%20Lite%20Green%20official%20product%20phone%20white%20background&w=700&h=700&c=7&rs=1&p=0"
"130","Xiaomi","Xiaomi Mi 11 Lite","Black","xiaomi-mi-11-lite-6gb-128gb-black.jpg","xiaomi-mi-11-lite-black-back.jpg","https://tse1.mm.bing.net/th?q=Xiaomi%20Mi%2011%20Lite%20Black%20official%20product%20phone%20white%20background&w=700&h=700&c=7&rs=1&p=0"
"130","Xiaomi","Xiaomi Mi 11 Lite","Silver","xiaomi-mi-11-lite-6gb-128gb-silver.jpg","xiaomi-mi-11-lite-silver-back.jpg","https://tse1.mm.bing.net/th?q=Xiaomi%20Mi%2011%20Lite%20Silver%20official%20product%20phone%20white%20background&w=700&h=700&c=7&rs=1&p=0"
"130","Xiaomi","Xiaomi Mi 11 Lite","Blue","xiaomi-mi-11-lite-6gb-128gb-blue.jpg","xiaomi-mi-11-lite-blue-back.jpg","https://tse1.mm.bing.net/th?q=Xiaomi%20Mi%2011%20Lite%20Blue%20official%20product%20phone%20white%20background&w=700&h=700&c=7&rs=1&p=0"
"130","Xiaomi","Xiaomi Mi 11 Lite","Green","xiaomi-mi-11-lite-6gb-128gb-green.jpg","xiaomi-mi-11-lite-green-back.jpg","https://tse1.mm.bing.net/th?q=Xiaomi%20Mi%2011%20Lite%20Green%20official%20product%20phone%20white%20background&w=700&h=700&c=7&rs=1&p=0"
"131","Xiaomi","Xiaomi Mi 10","Black","xiaomi-mi-10-6gb-128gb-black.jpg","xiaomi-mi-10-black-back.jpg","https://tse1.mm.bing.net/th?q=Xiaomi%20Mi%2010%20Black%20official%20product%20phone%20white%20background&w=700&h=700&c=7&rs=1&p=0"
"131","Xiaomi","Xiaomi Mi 10","Silver","xiaomi-mi-10-6gb-128gb-silver.jpg","xiaomi-mi-10-silver-back.jpg","https://tse1.mm.bing.net/th?q=Xiaomi%20Mi%2010%20Silver%20official%20product%20phone%20white%20background&w=700&h=700&c=7&rs=1&p=0"
"131","Xiaomi","Xiaomi Mi 10","Blue","xiaomi-mi-10-6gb-128gb-blue.jpg","xiaomi-mi-10-blue-back.jpg","https://tse1.mm.bing.net/th?q=Xiaomi%20Mi%2010%20Blue%20official%20product%20phone%20white%20background&w=700&h=700&c=7&rs=1&p=0"
"131","Xiaomi","Xiaomi Mi 10","Green","xiaomi-mi-10-6gb-128gb-green.jpg","xiaomi-mi-10-green-back.jpg","https://tse1.mm.bing.net/th?q=Xiaomi%20Mi%2010%20Green%20official%20product%20phone%20white%20background&w=700&h=700&c=7&rs=1&p=0"
"132","Xiaomi","Xiaomi Mi 10 Lite","Black","xiaomi-mi-10-lite-6gb-128gb-black.jpg","xiaomi-mi-10-lite-black-back.jpg","https://tse1.mm.bing.net/th?q=Xiaomi%20Mi%2010%20Lite%20Black%20official%20product%20phone%20white%20background&w=700&h=700&c=7&rs=1&p=0"
"132","Xiaomi","Xiaomi Mi 10 Lite","Silver","xiaomi-mi-10-lite-6gb-128gb-silver.jpg","xiaomi-mi-10-lite-silver-back.jpg","https://tse1.mm.bing.net/th?q=Xiaomi%20Mi%2010%20Lite%20Silver%20official%20product%20phone%20white%20background&w=700&h=700&c=7&rs=1&p=0"
"132","Xiaomi","Xiaomi Mi 10 Lite","Green","xiaomi-mi-10-lite-6gb-128gb-green.jpg","xiaomi-mi-10-lite-green-back.jpg","https://tse1.mm.bing.net/th?q=Xiaomi%20Mi%2010%20Lite%20Green%20official%20product%20phone%20white%20background&w=700&h=700&c=7&rs=1&p=0"
"133","Xiaomi","Redmi Note 15 Pro 5G","Black","redmi-note-15-pro-5g-6gb-128gb-black.jpg","redmi-note-15-pro-5g-black-back.jpg","https://tse1.mm.bing.net/th?q=Redmi%20Note%2015%20Pro%205G%20Black%20official%20product%20phone%20white%20background&w=700&h=700&c=7&rs=1&p=0"
"133","Xiaomi","Redmi Note 15 Pro 5G","Silver","redmi-note-15-pro-5g-6gb-128gb-silver.jpg","redmi-note-15-pro-5g-silver-back.jpg","https://tse1.mm.bing.net/th?q=Redmi%20Note%2015%20Pro%205G%20Silver%20official%20product%20phone%20white%20background&w=700&h=700&c=7&rs=1&p=0"
"133","Xiaomi","Redmi Note 15 Pro 5G","Blue","redmi-note-15-pro-5g-6gb-128gb-blue.jpg","redmi-note-15-pro-5g-blue-back.jpg","https://tse1.mm.bing.net/th?q=Redmi%20Note%2015%20Pro%205G%20Blue%20official%20product%20phone%20white%20background&w=700&h=700&c=7&rs=1&p=0"
"133","Xiaomi","Redmi Note 15 Pro 5G","Green","redmi-note-15-pro-5g-6gb-128gb-green.jpg","redmi-note-15-pro-5g-green-back.jpg","https://tse1.mm.bing.net/th?q=Redmi%20Note%2015%20Pro%205G%20Green%20official%20product%20phone%20white%20background&w=700&h=700&c=7&rs=1&p=0"
"134","Xiaomi","Redmi Note 15 5G","Black","redmi-note-15-5g-6gb-128gb-black.jpg","redmi-note-15-5g-black-back.jpg","https://tse1.mm.bing.net/th?q=Redmi%20Note%2015%205G%20Black%20official%20product%20phone%20white%20background&w=700&h=700&c=7&rs=1&p=0"
"134","Xiaomi","Redmi Note 15 5G","Silver","redmi-note-15-5g-6gb-128gb-silver.jpg","redmi-note-15-5g-silver-back.jpg","https://tse1.mm.bing.net/th?q=Redmi%20Note%2015%205G%20Silver%20official%20product%20phone%20white%20background&w=700&h=700&c=7&rs=1&p=0"
"134","Xiaomi","Redmi Note 15 5G","Blue","redmi-note-15-5g-6gb-128gb-blue.jpg","redmi-note-15-5g-blue-back.jpg","https://tse1.mm.bing.net/th?q=Redmi%20Note%2015%205G%20Blue%20official%20product%20phone%20white%20background&w=700&h=700&c=7&rs=1&p=0"
"134","Xiaomi","Redmi Note 15 5G","Green","redmi-note-15-5g-6gb-128gb-green.jpg","redmi-note-15-5g-green-back.jpg","https://tse1.mm.bing.net/th?q=Redmi%20Note%2015%205G%20Green%20official%20product%20phone%20white%20background&w=700&h=700&c=7&rs=1&p=0"
"135","Xiaomi","Redmi Note 14 Pro 5G","Black","redmi-note-14-pro-5g-6gb-128gb-black.jpg","redmi-note-14-pro-5g-black-back.jpg","https://tse1.mm.bing.net/th?q=Redmi%20Note%2014%20Pro%205G%20Black%20official%20product%20phone%20white%20background&w=700&h=700&c=7&rs=1&p=0"
"135","Xiaomi","Redmi Note 14 Pro 5G","Silver","redmi-note-14-pro-5g-6gb-128gb-silver.jpg","redmi-note-14-pro-5g-silver-back.jpg","https://tse1.mm.bing.net/th?q=Redmi%20Note%2014%20Pro%205G%20Silver%20official%20product%20phone%20white%20background&w=700&h=700&c=7&rs=1&p=0"
"135","Xiaomi","Redmi Note 14 Pro 5G","Blue","redmi-note-14-pro-5g-6gb-128gb-blue.jpg","redmi-note-14-pro-5g-blue-back.jpg","https://tse1.mm.bing.net/th?q=Redmi%20Note%2014%20Pro%205G%20Blue%20official%20product%20phone%20white%20background&w=700&h=700&c=7&rs=1&p=0"
"135","Xiaomi","Redmi Note 14 Pro 5G","Green","redmi-note-14-pro-5g-6gb-128gb-green.jpg","redmi-note-14-pro-5g-green-back.jpg","https://tse1.mm.bing.net/th?q=Redmi%20Note%2014%20Pro%205G%20Green%20official%20product%20phone%20white%20background&w=700&h=700&c=7&rs=1&p=0"
"136","Xiaomi","Redmi Note 14 5G","Black","redmi-note-14-5g-6gb-128gb-black.jpg","redmi-note-14-5g-black-back.jpg","https://tse1.mm.bing.net/th?q=Redmi%20Note%2014%205G%20Black%20official%20product%20phone%20white%20background&w=700&h=700&c=7&rs=1&p=0"
"136","Xiaomi","Redmi Note 14 5G","Silver","redmi-note-14-5g-6gb-128gb-silver.jpg","redmi-note-14-5g-silver-back.jpg","https://tse1.mm.bing.net/th?q=Redmi%20Note%2014%205G%20Silver%20official%20product%20phone%20white%20background&w=700&h=700&c=7&rs=1&p=0"
"136","Xiaomi","Redmi Note 14 5G","Blue","redmi-note-14-5g-6gb-128gb-blue.jpg","redmi-note-14-5g-blue-back.jpg","https://tse1.mm.bing.net/th?q=Redmi%20Note%2014%205G%20Blue%20official%20product%20phone%20white%20background&w=700&h=700&c=7&rs=1&p=0"
"136","Xiaomi","Redmi Note 14 5G","Green","redmi-note-14-5g-6gb-128gb-green.jpg","redmi-note-14-5g-green-back.jpg","https://tse1.mm.bing.net/th?q=Redmi%20Note%2014%205G%20Green%20official%20product%20phone%20white%20background&w=700&h=700&c=7&rs=1&p=0"
"137","Xiaomi","Redmi Note 13 Pro+ 5G","Black","redmi-note-13-pro-plus-5g-6gb-128gb-black.jpg","redmi-note-13-pro-plus-5g-black-back.jpg","https://tse1.mm.bing.net/th?q=Redmi%20Note%2013%20Pro%2B%205G%20Black%20official%20product%20phone%20white%20background&w=700&h=700&c=7&rs=1&p=0"
"137","Xiaomi","Redmi Note 13 Pro+ 5G","Silver","redmi-note-13-pro-plus-5g-6gb-128gb-silver.jpg","redmi-note-13-pro-plus-5g-silver-back.jpg","https://tse1.mm.bing.net/th?q=Redmi%20Note%2013%20Pro%2B%205G%20Silver%20official%20product%20phone%20white%20background&w=700&h=700&c=7&rs=1&p=0"
"138","Xiaomi","POCO F6 Pro","Black","poco-f6-pro-6gb-128gb-black.jpg","poco-f6-pro-black-back.jpg","https://tse1.mm.bing.net/th?q=POCO%20F6%20Pro%20Black%20official%20product%20phone%20white%20background&w=700&h=700&c=7&rs=1&p=0"
"138","Xiaomi","POCO F6 Pro","Silver","poco-f6-pro-6gb-128gb-silver.jpg","poco-f6-pro-silver-back.jpg","https://tse1.mm.bing.net/th?q=POCO%20F6%20Pro%20Silver%20official%20product%20phone%20white%20background&w=700&h=700&c=7&rs=1&p=0"
"138","Xiaomi","POCO F6 Pro","Blue","poco-f6-pro-6gb-128gb-blue.jpg","poco-f6-pro-blue-back.jpg","https://tse1.mm.bing.net/th?q=POCO%20F6%20Pro%20Blue%20official%20product%20phone%20white%20background&w=700&h=700&c=7&rs=1&p=0"
"139","Xiaomi","Redmi Note 15","Black","redmi-note-15-4gb-64gb-black.jpg","redmi-note-15-black-back.jpg","https://tse1.mm.bing.net/th?q=Redmi%20Note%2015%20Black%20official%20product%20phone%20white%20background&w=700&h=700&c=7&rs=1&p=0"
"139","Xiaomi","Redmi Note 15","Silver","redmi-note-15-4gb-64gb-silver.jpg","redmi-note-15-silver-back.jpg","https://tse1.mm.bing.net/th?q=Redmi%20Note%2015%20Silver%20official%20product%20phone%20white%20background&w=700&h=700&c=7&rs=1&p=0"
"139","Xiaomi","Redmi Note 15","Blue","redmi-note-15-4gb-64gb-blue.jpg","redmi-note-15-blue-back.jpg","https://tse1.mm.bing.net/th?q=Redmi%20Note%2015%20Blue%20official%20product%20phone%20white%20background&w=700&h=700&c=7&rs=1&p=0"
"140","Xiaomi","Redmi Note 14","Black","redmi-note-14-4gb-64gb-black.jpg","redmi-note-14-black-back.jpg","https://tse1.mm.bing.net/th?q=Redmi%20Note%2014%20Black%20official%20product%20phone%20white%20background&w=700&h=700&c=7&rs=1&p=0"
"140","Xiaomi","Redmi Note 14","Silver","redmi-note-14-4gb-64gb-silver.jpg","redmi-note-14-silver-back.jpg","https://tse1.mm.bing.net/th?q=Redmi%20Note%2014%20Silver%20official%20product%20phone%20white%20background&w=700&h=700&c=7&rs=1&p=0"
"140","Xiaomi","Redmi Note 14","Blue","redmi-note-14-4gb-64gb-blue.jpg","redmi-note-14-blue-back.jpg","https://tse1.mm.bing.net/th?q=Redmi%20Note%2014%20Blue%20official%20product%20phone%20white%20background&w=700&h=700&c=7&rs=1&p=0"
"140","Xiaomi","Redmi Note 14","Green","redmi-note-14-4gb-64gb-green.jpg","redmi-note-14-green-back.jpg","https://tse1.mm.bing.net/th?q=Redmi%20Note%2014%20Green%20official%20product%20phone%20white%20background&w=700&h=700&c=7&rs=1&p=0"
"141","Xiaomi","Redmi Note 13 Pro 5G","Black","redmi-note-13-pro-5g-4gb-64gb-black.jpg","redmi-note-13-pro-5g-black-back.jpg","https://tse1.mm.bing.net/th?q=Redmi%20Note%2013%20Pro%205G%20Black%20official%20product%20phone%20white%20background&w=700&h=700&c=7&rs=1&p=0"
"141","Xiaomi","Redmi Note 13 Pro 5G","Silver","redmi-note-13-pro-5g-4gb-64gb-silver.jpg","redmi-note-13-pro-5g-silver-back.jpg","https://tse1.mm.bing.net/th?q=Redmi%20Note%2013%20Pro%205G%20Silver%20official%20product%20phone%20white%20background&w=700&h=700&c=7&rs=1&p=0"
"141","Xiaomi","Redmi Note 13 Pro 5G","Green","redmi-note-13-pro-5g-4gb-64gb-green.jpg","redmi-note-13-pro-5g-green-back.jpg","https://tse1.mm.bing.net/th?q=Redmi%20Note%2013%20Pro%205G%20Green%20official%20product%20phone%20white%20background&w=700&h=700&c=7&rs=1&p=0"
"142","Xiaomi","Redmi Note 13 5G","Black","redmi-note-13-5g-4gb-64gb-black.jpg","redmi-note-13-5g-black-back.jpg","https://tse1.mm.bing.net/th?q=Redmi%20Note%2013%205G%20Black%20official%20product%20phone%20white%20background&w=700&h=700&c=7&rs=1&p=0"
"142","Xiaomi","Redmi Note 13 5G","Silver","redmi-note-13-5g-4gb-64gb-silver.jpg","redmi-note-13-5g-silver-back.jpg","https://tse1.mm.bing.net/th?q=Redmi%20Note%2013%205G%20Silver%20official%20product%20phone%20white%20background&w=700&h=700&c=7&rs=1&p=0"
"142","Xiaomi","Redmi Note 13 5G","Blue","redmi-note-13-5g-4gb-64gb-blue.jpg","redmi-note-13-5g-blue-back.jpg","https://tse1.mm.bing.net/th?q=Redmi%20Note%2013%205G%20Blue%20official%20product%20phone%20white%20background&w=700&h=700&c=7&rs=1&p=0"
"143","Xiaomi","Redmi Note 13","Black","redmi-note-13-4gb-64gb-black.jpg","redmi-note-13-black-back.jpg","https://tse1.mm.bing.net/th?q=Redmi%20Note%2013%20Black%20official%20product%20phone%20white%20background&w=700&h=700&c=7&rs=1&p=0"
"143","Xiaomi","Redmi Note 13","Silver","redmi-note-13-4gb-64gb-silver.jpg","redmi-note-13-silver-back.jpg","https://tse1.mm.bing.net/th?q=Redmi%20Note%2013%20Silver%20official%20product%20phone%20white%20background&w=700&h=700&c=7&rs=1&p=0"
"143","Xiaomi","Redmi Note 13","Blue","redmi-note-13-4gb-64gb-blue.jpg","redmi-note-13-blue-back.jpg","https://tse1.mm.bing.net/th?q=Redmi%20Note%2013%20Blue%20official%20product%20phone%20white%20background&w=700&h=700&c=7&rs=1&p=0"
"143","Xiaomi","Redmi Note 13","Green","redmi-note-13-4gb-64gb-green.jpg","redmi-note-13-green-back.jpg","https://tse1.mm.bing.net/th?q=Redmi%20Note%2013%20Green%20official%20product%20phone%20white%20background&w=700&h=700&c=7&rs=1&p=0"
"144","Xiaomi","Redmi Note 12 Pro+ 5G","Black","redmi-note-12-pro-plus-5g-4gb-64gb-black.jpg","redmi-note-12-pro-plus-5g-black-back.jpg","https://tse1.mm.bing.net/th?q=Redmi%20Note%2012%20Pro%2B%205G%20Black%20official%20product%20phone%20white%20background&w=700&h=700&c=7&rs=1&p=0"
"144","Xiaomi","Redmi Note 12 Pro+ 5G","Silver","redmi-note-12-pro-plus-5g-4gb-64gb-silver.jpg","redmi-note-12-pro-plus-5g-silver-back.jpg","https://tse1.mm.bing.net/th?q=Redmi%20Note%2012%20Pro%2B%205G%20Silver%20official%20product%20phone%20white%20background&w=700&h=700&c=7&rs=1&p=0"
"144","Xiaomi","Redmi Note 12 Pro+ 5G","Blue","redmi-note-12-pro-plus-5g-4gb-64gb-blue.jpg","redmi-note-12-pro-plus-5g-blue-back.jpg","https://tse1.mm.bing.net/th?q=Redmi%20Note%2012%20Pro%2B%205G%20Blue%20official%20product%20phone%20white%20background&w=700&h=700&c=7&rs=1&p=0"
"144","Xiaomi","Redmi Note 12 Pro+ 5G","Green","redmi-note-12-pro-plus-5g-4gb-64gb-green.jpg","redmi-note-12-pro-plus-5g-green-back.jpg","https://tse1.mm.bing.net/th?q=Redmi%20Note%2012%20Pro%2B%205G%20Green%20official%20product%20phone%20white%20background&w=700&h=700&c=7&rs=1&p=0"
"145","Xiaomi","Redmi Note 12 Pro 5G","Black","redmi-note-12-pro-5g-4gb-64gb-black.jpg","redmi-note-12-pro-5g-black-back.jpg","https://tse1.mm.bing.net/th?q=Redmi%20Note%2012%20Pro%205G%20Black%20official%20product%20phone%20white%20background&w=700&h=700&c=7&rs=1&p=0"
"145","Xiaomi","Redmi Note 12 Pro 5G","Silver","redmi-note-12-pro-5g-4gb-64gb-silver.jpg","redmi-note-12-pro-5g-silver-back.jpg","https://tse1.mm.bing.net/th?q=Redmi%20Note%2012%20Pro%205G%20Silver%20official%20product%20phone%20white%20background&w=700&h=700&c=7&rs=1&p=0"
"145","Xiaomi","Redmi Note 12 Pro 5G","Blue","redmi-note-12-pro-5g-4gb-64gb-blue.jpg","redmi-note-12-pro-5g-blue-back.jpg","https://tse1.mm.bing.net/th?q=Redmi%20Note%2012%20Pro%205G%20Blue%20official%20product%20phone%20white%20background&w=700&h=700&c=7&rs=1&p=0"
"145","Xiaomi","Redmi Note 12 Pro 5G","Green","redmi-note-12-pro-5g-4gb-64gb-green.jpg","redmi-note-12-pro-5g-green-back.jpg","https://tse1.mm.bing.net/th?q=Redmi%20Note%2012%20Pro%205G%20Green%20official%20product%20phone%20white%20background&w=700&h=700&c=7&rs=1&p=0"
"146","Xiaomi","Redmi Note 12 5G","Black","redmi-note-12-5g-4gb-64gb-black.jpg","redmi-note-12-5g-black-back.jpg","https://tse1.mm.bing.net/th?q=Redmi%20Note%2012%205G%20Black%20official%20product%20phone%20white%20background&w=700&h=700&c=7&rs=1&p=0"
"146","Xiaomi","Redmi Note 12 5G","Silver","redmi-note-12-5g-4gb-64gb-silver.jpg","redmi-note-12-5g-silver-back.jpg","https://tse1.mm.bing.net/th?q=Redmi%20Note%2012%205G%20Silver%20official%20product%20phone%20white%20background&w=700&h=700&c=7&rs=1&p=0"
"146","Xiaomi","Redmi Note 12 5G","Blue","redmi-note-12-5g-4gb-64gb-blue.jpg","redmi-note-12-5g-blue-back.jpg","https://tse1.mm.bing.net/th?q=Redmi%20Note%2012%205G%20Blue%20official%20product%20phone%20white%20background&w=700&h=700&c=7&rs=1&p=0"
"146","Xiaomi","Redmi Note 12 5G","Green","redmi-note-12-5g-4gb-64gb-green.jpg","redmi-note-12-5g-green-back.jpg","https://tse1.mm.bing.net/th?q=Redmi%20Note%2012%205G%20Green%20official%20product%20phone%20white%20background&w=700&h=700&c=7&rs=1&p=0"
"147","Xiaomi","Redmi Note 12","Black","redmi-note-12-4gb-64gb-black.jpg","redmi-note-12-black-back.jpg","https://tse1.mm.bing.net/th?q=Redmi%20Note%2012%20Black%20official%20product%20phone%20white%20background&w=700&h=700&c=7&rs=1&p=0"
"147","Xiaomi","Redmi Note 12","Silver","redmi-note-12-4gb-64gb-silver.jpg","redmi-note-12-silver-back.jpg","https://tse1.mm.bing.net/th?q=Redmi%20Note%2012%20Silver%20official%20product%20phone%20white%20background&w=700&h=700&c=7&rs=1&p=0"
"147","Xiaomi","Redmi Note 12","Blue","redmi-note-12-4gb-64gb-blue.jpg","redmi-note-12-blue-back.jpg","https://tse1.mm.bing.net/th?q=Redmi%20Note%2012%20Blue%20official%20product%20phone%20white%20background&w=700&h=700&c=7&rs=1&p=0"
"147","Xiaomi","Redmi Note 12","Green","redmi-note-12-4gb-64gb-green.jpg","redmi-note-12-green-back.jpg","https://tse1.mm.bing.net/th?q=Redmi%20Note%2012%20Green%20official%20product%20phone%20white%20background&w=700&h=700&c=7&rs=1&p=0"
"148","Xiaomi","POCO F6","Black","poco-f6-4gb-64gb-black.jpg","poco-f6-black-back.jpg","https://tse1.mm.bing.net/th?q=POCO%20F6%20Black%20official%20product%20phone%20white%20background&w=700&h=700&c=7&rs=1&p=0"
"148","Xiaomi","POCO F6","Silver","poco-f6-4gb-64gb-silver.jpg","poco-f6-silver-back.jpg","https://tse1.mm.bing.net/th?q=POCO%20F6%20Silver%20official%20product%20phone%20white%20background&w=700&h=700&c=7&rs=1&p=0"
"148","Xiaomi","POCO F6","Blue","poco-f6-4gb-64gb-blue.jpg","poco-f6-blue-back.jpg","https://tse1.mm.bing.net/th?q=POCO%20F6%20Blue%20official%20product%20phone%20white%20background&w=700&h=700&c=7&rs=1&p=0"
"148","Xiaomi","POCO F6","Green","poco-f6-4gb-64gb-green.jpg","poco-f6-green-back.jpg","https://tse1.mm.bing.net/th?q=POCO%20F6%20Green%20official%20product%20phone%20white%20background&w=700&h=700&c=7&rs=1&p=0"
"149","Xiaomi","POCO X7 Pro","Black","poco-x7-pro-4gb-64gb-black.jpg","poco-x7-pro-black-back.jpg","https://tse1.mm.bing.net/th?q=POCO%20X7%20Pro%20Black%20official%20product%20phone%20white%20background&w=700&h=700&c=7&rs=1&p=0"
"149","Xiaomi","POCO X7 Pro","Silver","poco-x7-pro-4gb-64gb-silver.jpg","poco-x7-pro-silver-back.jpg","https://tse1.mm.bing.net/th?q=POCO%20X7%20Pro%20Silver%20official%20product%20phone%20white%20background&w=700&h=700&c=7&rs=1&p=0"
"149","Xiaomi","POCO X7 Pro","Green","poco-x7-pro-4gb-64gb-green.jpg","poco-x7-pro-green-back.jpg","https://tse1.mm.bing.net/th?q=POCO%20X7%20Pro%20Green%20official%20product%20phone%20white%20background&w=700&h=700&c=7&rs=1&p=0"
"150","Xiaomi","POCO X7","Black","poco-x7-4gb-64gb-black.jpg","poco-x7-black-back.jpg","https://tse1.mm.bing.net/th?q=POCO%20X7%20Black%20official%20product%20phone%20white%20background&w=700&h=700&c=7&rs=1&p=0"
"150","Xiaomi","POCO X7","Silver","poco-x7-4gb-64gb-silver.jpg","poco-x7-silver-back.jpg","https://tse1.mm.bing.net/th?q=POCO%20X7%20Silver%20official%20product%20phone%20white%20background&w=700&h=700&c=7&rs=1&p=0"
"150","Xiaomi","POCO X7","Blue","poco-x7-4gb-64gb-blue.jpg","poco-x7-blue-back.jpg","https://tse1.mm.bing.net/th?q=POCO%20X7%20Blue%20official%20product%20phone%20white%20background&w=700&h=700&c=7&rs=1&p=0"
"150","Xiaomi","POCO X7","Green","poco-x7-4gb-64gb-green.jpg","poco-x7-green-back.jpg","https://tse1.mm.bing.net/th?q=POCO%20X7%20Green%20official%20product%20phone%20white%20background&w=700&h=700&c=7&rs=1&p=0"
"151","Oppo","OPPO Find X9 Ultra","Black","oppo-find-x9-ultra-12gb-256gb-black.jpg","oppo-find-x9-ultra-black-back.jpg","https://tse1.mm.bing.net/th?q=OPPO%20Find%20X9%20Ultra%20Black%20official%20product%20phone%20white%20background&w=700&h=700&c=7&rs=1&p=0"
"151","Oppo","OPPO Find X9 Ultra","Blue","oppo-find-x9-ultra-12gb-256gb-blue.jpg","oppo-find-x9-ultra-blue-back.jpg","https://tse1.mm.bing.net/th?q=OPPO%20Find%20X9%20Ultra%20Blue%20official%20product%20phone%20white%20background&w=700&h=700&c=7&rs=1&p=0"
"152","Oppo","OPPO Find X9 Pro","Black","oppo-find-x9-pro-12gb-256gb-black.jpg","oppo-find-x9-pro-black-back.jpg","https://tse1.mm.bing.net/th?q=OPPO%20Find%20X9%20Pro%20Black%20official%20product%20phone%20white%20background&w=700&h=700&c=7&rs=1&p=0"
"152","Oppo","OPPO Find X9 Pro","White","oppo-find-x9-pro-12gb-256gb-white.jpg","oppo-find-x9-pro-white-back.jpg","https://tse1.mm.bing.net/th?q=OPPO%20Find%20X9%20Pro%20White%20official%20product%20phone%20white%20background&w=700&h=700&c=7&rs=1&p=0"
"153","Oppo","OPPO Find X9","Black","oppo-find-x9-12gb-256gb-black.jpg","oppo-find-x9-black-back.jpg","https://tse1.mm.bing.net/th?q=OPPO%20Find%20X9%20Black%20official%20product%20phone%20white%20background&w=700&h=700&c=7&rs=1&p=0"
"153","Oppo","OPPO Find X9","White","oppo-find-x9-12gb-256gb-white.jpg","oppo-find-x9-white-back.jpg","https://tse1.mm.bing.net/th?q=OPPO%20Find%20X9%20White%20official%20product%20phone%20white%20background&w=700&h=700&c=7&rs=1&p=0"
"153","Oppo","OPPO Find X9","Blue","oppo-find-x9-12gb-256gb-blue.jpg","oppo-find-x9-blue-back.jpg","https://tse1.mm.bing.net/th?q=OPPO%20Find%20X9%20Blue%20official%20product%20phone%20white%20background&w=700&h=700&c=7&rs=1&p=0"
"153","Oppo","OPPO Find X9","Gold","oppo-find-x9-12gb-256gb-gold.jpg","oppo-find-x9-gold-back.jpg","https://tse1.mm.bing.net/th?q=OPPO%20Find%20X9%20Gold%20official%20product%20phone%20white%20background&w=700&h=700&c=7&rs=1&p=0"
"154","Oppo","OPPO Find X8 Ultra","Black","oppo-find-x8-ultra-12gb-256gb-black.jpg","oppo-find-x8-ultra-black-back.jpg","https://tse1.mm.bing.net/th?q=OPPO%20Find%20X8%20Ultra%20Black%20official%20product%20phone%20white%20background&w=700&h=700&c=7&rs=1&p=0"
"154","Oppo","OPPO Find X8 Ultra","White","oppo-find-x8-ultra-12gb-256gb-white.jpg","oppo-find-x8-ultra-white-back.jpg","https://tse1.mm.bing.net/th?q=OPPO%20Find%20X8%20Ultra%20White%20official%20product%20phone%20white%20background&w=700&h=700&c=7&rs=1&p=0"
"154","Oppo","OPPO Find X8 Ultra","Blue","oppo-find-x8-ultra-12gb-256gb-blue.jpg","oppo-find-x8-ultra-blue-back.jpg","https://tse1.mm.bing.net/th?q=OPPO%20Find%20X8%20Ultra%20Blue%20official%20product%20phone%20white%20background&w=700&h=700&c=7&rs=1&p=0"
"154","Oppo","OPPO Find X8 Ultra","Gold","oppo-find-x8-ultra-12gb-256gb-gold.jpg","oppo-find-x8-ultra-gold-back.jpg","https://tse1.mm.bing.net/th?q=OPPO%20Find%20X8%20Ultra%20Gold%20official%20product%20phone%20white%20background&w=700&h=700&c=7&rs=1&p=0"
"155","Oppo","OPPO Find X8 Pro","Black","oppo-find-x8-pro-12gb-256gb-black.jpg","oppo-find-x8-pro-black-back.jpg","https://tse1.mm.bing.net/th?q=OPPO%20Find%20X8%20Pro%20Black%20official%20product%20phone%20white%20background&w=700&h=700&c=7&rs=1&p=0"
"155","Oppo","OPPO Find X8 Pro","White","oppo-find-x8-pro-12gb-256gb-white.jpg","oppo-find-x8-pro-white-back.jpg","https://tse1.mm.bing.net/th?q=OPPO%20Find%20X8%20Pro%20White%20official%20product%20phone%20white%20background&w=700&h=700&c=7&rs=1&p=0"
"155","Oppo","OPPO Find X8 Pro","Blue","oppo-find-x8-pro-12gb-256gb-blue.jpg","oppo-find-x8-pro-blue-back.jpg","https://tse1.mm.bing.net/th?q=OPPO%20Find%20X8%20Pro%20Blue%20official%20product%20phone%20white%20background&w=700&h=700&c=7&rs=1&p=0"
"156","Oppo","OPPO Find X8","Black","oppo-find-x8-12gb-256gb-black.jpg","oppo-find-x8-black-back.jpg","https://tse1.mm.bing.net/th?q=OPPO%20Find%20X8%20Black%20official%20product%20phone%20white%20background&w=700&h=700&c=7&rs=1&p=0"
"156","Oppo","OPPO Find X8","White","oppo-find-x8-12gb-256gb-white.jpg","oppo-find-x8-white-back.jpg","https://tse1.mm.bing.net/th?q=OPPO%20Find%20X8%20White%20official%20product%20phone%20white%20background&w=700&h=700&c=7&rs=1&p=0"
"156","Oppo","OPPO Find X8","Blue","oppo-find-x8-12gb-256gb-blue.jpg","oppo-find-x8-blue-back.jpg","https://tse1.mm.bing.net/th?q=OPPO%20Find%20X8%20Blue%20official%20product%20phone%20white%20background&w=700&h=700&c=7&rs=1&p=0"
"156","Oppo","OPPO Find X8","Gold","oppo-find-x8-12gb-256gb-gold.jpg","oppo-find-x8-gold-back.jpg","https://tse1.mm.bing.net/th?q=OPPO%20Find%20X8%20Gold%20official%20product%20phone%20white%20background&w=700&h=700&c=7&rs=1&p=0"
"157","Oppo","OPPO Find X7 Ultra","Black","oppo-find-x7-ultra-12gb-256gb-black.jpg","oppo-find-x7-ultra-black-back.jpg","https://tse1.mm.bing.net/th?q=OPPO%20Find%20X7%20Ultra%20Black%20official%20product%20phone%20white%20background&w=700&h=700&c=7&rs=1&p=0"
"157","Oppo","OPPO Find X7 Ultra","White","oppo-find-x7-ultra-12gb-256gb-white.jpg","oppo-find-x7-ultra-white-back.jpg","https://tse1.mm.bing.net/th?q=OPPO%20Find%20X7%20Ultra%20White%20official%20product%20phone%20white%20background&w=700&h=700&c=7&rs=1&p=0"
"157","Oppo","OPPO Find X7 Ultra","Blue","oppo-find-x7-ultra-12gb-256gb-blue.jpg","oppo-find-x7-ultra-blue-back.jpg","https://tse1.mm.bing.net/th?q=OPPO%20Find%20X7%20Ultra%20Blue%20official%20product%20phone%20white%20background&w=700&h=700&c=7&rs=1&p=0"
"158","Oppo","OPPO Find X7","Black","oppo-find-x7-12gb-256gb-black.jpg","oppo-find-x7-black-back.jpg","https://tse1.mm.bing.net/th?q=OPPO%20Find%20X7%20Black%20official%20product%20phone%20white%20background&w=700&h=700&c=7&rs=1&p=0"
"158","Oppo","OPPO Find X7","White","oppo-find-x7-12gb-256gb-white.jpg","oppo-find-x7-white-back.jpg","https://tse1.mm.bing.net/th?q=OPPO%20Find%20X7%20White%20official%20product%20phone%20white%20background&w=700&h=700&c=7&rs=1&p=0"
"158","Oppo","OPPO Find X7","Blue","oppo-find-x7-12gb-256gb-blue.jpg","oppo-find-x7-blue-back.jpg","https://tse1.mm.bing.net/th?q=OPPO%20Find%20X7%20Blue%20official%20product%20phone%20white%20background&w=700&h=700&c=7&rs=1&p=0"
"158","Oppo","OPPO Find X7","Gold","oppo-find-x7-12gb-256gb-gold.jpg","oppo-find-x7-gold-back.jpg","https://tse1.mm.bing.net/th?q=OPPO%20Find%20X7%20Gold%20official%20product%20phone%20white%20background&w=700&h=700&c=7&rs=1&p=0"
"159","Oppo","OPPO Find X6 Pro","Black","oppo-find-x6-pro-12gb-256gb-black.jpg","oppo-find-x6-pro-black-back.jpg","https://tse1.mm.bing.net/th?q=OPPO%20Find%20X6%20Pro%20Black%20official%20product%20phone%20white%20background&w=700&h=700&c=7&rs=1&p=0"
"159","Oppo","OPPO Find X6 Pro","White","oppo-find-x6-pro-12gb-256gb-white.jpg","oppo-find-x6-pro-white-back.jpg","https://tse1.mm.bing.net/th?q=OPPO%20Find%20X6%20Pro%20White%20official%20product%20phone%20white%20background&w=700&h=700&c=7&rs=1&p=0"
"159","Oppo","OPPO Find X6 Pro","Blue","oppo-find-x6-pro-12gb-256gb-blue.jpg","oppo-find-x6-pro-blue-back.jpg","https://tse1.mm.bing.net/th?q=OPPO%20Find%20X6%20Pro%20Blue%20official%20product%20phone%20white%20background&w=700&h=700&c=7&rs=1&p=0"
"159","Oppo","OPPO Find X6 Pro","Gold","oppo-find-x6-pro-12gb-256gb-gold.jpg","oppo-find-x6-pro-gold-back.jpg","https://tse1.mm.bing.net/th?q=OPPO%20Find%20X6%20Pro%20Gold%20official%20product%20phone%20white%20background&w=700&h=700&c=7&rs=1&p=0"
"160","Oppo","OPPO Find X6","Black","oppo-find-x6-12gb-256gb-black.jpg","oppo-find-x6-black-back.jpg","https://tse1.mm.bing.net/th?q=OPPO%20Find%20X6%20Black%20official%20product%20phone%20white%20background&w=700&h=700&c=7&rs=1&p=0"
"160","Oppo","OPPO Find X6","White","oppo-find-x6-12gb-256gb-white.jpg","oppo-find-x6-white-back.jpg","https://tse1.mm.bing.net/th?q=OPPO%20Find%20X6%20White%20official%20product%20phone%20white%20background&w=700&h=700&c=7&rs=1&p=0"
"160","Oppo","OPPO Find X6","Blue","oppo-find-x6-12gb-256gb-blue.jpg","oppo-find-x6-blue-back.jpg","https://tse1.mm.bing.net/th?q=OPPO%20Find%20X6%20Blue%20official%20product%20phone%20white%20background&w=700&h=700&c=7&rs=1&p=0"
"160","Oppo","OPPO Find X6","Gold","oppo-find-x6-12gb-256gb-gold.jpg","oppo-find-x6-gold-back.jpg","https://tse1.mm.bing.net/th?q=OPPO%20Find%20X6%20Gold%20official%20product%20phone%20white%20background&w=700&h=700&c=7&rs=1&p=0"
"161","Oppo","OPPO Find X5 Pro","Black","oppo-find-x5-pro-12gb-256gb-black.jpg","oppo-find-x5-pro-black-back.jpg","https://tse1.mm.bing.net/th?q=OPPO%20Find%20X5%20Pro%20Black%20official%20product%20phone%20white%20background&w=700&h=700&c=7&rs=1&p=0"
"161","Oppo","OPPO Find X5 Pro","White","oppo-find-x5-pro-12gb-256gb-white.jpg","oppo-find-x5-pro-white-back.jpg","https://tse1.mm.bing.net/th?q=OPPO%20Find%20X5%20Pro%20White%20official%20product%20phone%20white%20background&w=700&h=700&c=7&rs=1&p=0"
"161","Oppo","OPPO Find X5 Pro","Blue","oppo-find-x5-pro-12gb-256gb-blue.jpg","oppo-find-x5-pro-blue-back.jpg","https://tse1.mm.bing.net/th?q=OPPO%20Find%20X5%20Pro%20Blue%20official%20product%20phone%20white%20background&w=700&h=700&c=7&rs=1&p=0"
"162","Oppo","OPPO Find N6","Black","oppo-find-n6-12gb-256gb-black.jpg","oppo-find-n6-black-back.jpg","https://tse1.mm.bing.net/th?q=OPPO%20Find%20N6%20Black%20official%20product%20phone%20white%20background&w=700&h=700&c=7&rs=1&p=0"
"162","Oppo","OPPO Find N6","White","oppo-find-n6-12gb-256gb-white.jpg","oppo-find-n6-white-back.jpg","https://tse1.mm.bing.net/th?q=OPPO%20Find%20N6%20White%20official%20product%20phone%20white%20background&w=700&h=700&c=7&rs=1&p=0"
"162","Oppo","OPPO Find N6","Gold","oppo-find-n6-12gb-256gb-gold.jpg","oppo-find-n6-gold-back.jpg","https://tse1.mm.bing.net/th?q=OPPO%20Find%20N6%20Gold%20official%20product%20phone%20white%20background&w=700&h=700&c=7&rs=1&p=0"
"163","Oppo","OPPO Find N5","Black","oppo-find-n5-12gb-256gb-black.jpg","oppo-find-n5-black-back.jpg","https://tse1.mm.bing.net/th?q=OPPO%20Find%20N5%20Black%20official%20product%20phone%20white%20background&w=700&h=700&c=7&rs=1&p=0"
"163","Oppo","OPPO Find N5","White","oppo-find-n5-12gb-256gb-white.jpg","oppo-find-n5-white-back.jpg","https://tse1.mm.bing.net/th?q=OPPO%20Find%20N5%20White%20official%20product%20phone%20white%20background&w=700&h=700&c=7&rs=1&p=0"
"163","Oppo","OPPO Find N5","Blue","oppo-find-n5-12gb-256gb-blue.jpg","oppo-find-n5-blue-back.jpg","https://tse1.mm.bing.net/th?q=OPPO%20Find%20N5%20Blue%20official%20product%20phone%20white%20background&w=700&h=700&c=7&rs=1&p=0"
"164","Oppo","OPPO Find X5","Black","oppo-find-x5-8gb-128gb-black.jpg","oppo-find-x5-black-back.jpg","https://tse1.mm.bing.net/th?q=OPPO%20Find%20X5%20Black%20official%20product%20phone%20white%20background&w=700&h=700&c=7&rs=1&p=0"
"164","Oppo","OPPO Find X5","White","oppo-find-x5-8gb-128gb-white.jpg","oppo-find-x5-white-back.jpg","https://tse1.mm.bing.net/th?q=OPPO%20Find%20X5%20White%20official%20product%20phone%20white%20background&w=700&h=700&c=7&rs=1&p=0"
"164","Oppo","OPPO Find X5","Blue","oppo-find-x5-8gb-128gb-blue.jpg","oppo-find-x5-blue-back.jpg","https://tse1.mm.bing.net/th?q=OPPO%20Find%20X5%20Blue%20official%20product%20phone%20white%20background&w=700&h=700&c=7&rs=1&p=0"
"164","Oppo","OPPO Find X5","Gold","oppo-find-x5-8gb-128gb-gold.jpg","oppo-find-x5-gold-back.jpg","https://tse1.mm.bing.net/th?q=OPPO%20Find%20X5%20Gold%20official%20product%20phone%20white%20background&w=700&h=700&c=7&rs=1&p=0"
"165","Oppo","OPPO Find X3 Pro","Black","oppo-find-x3-pro-8gb-128gb-black.jpg","oppo-find-x3-pro-black-back.jpg","https://tse1.mm.bing.net/th?q=OPPO%20Find%20X3%20Pro%20Black%20official%20product%20phone%20white%20background&w=700&h=700&c=7&rs=1&p=0"
"165","Oppo","OPPO Find X3 Pro","White","oppo-find-x3-pro-8gb-128gb-white.jpg","oppo-find-x3-pro-white-back.jpg","https://tse1.mm.bing.net/th?q=OPPO%20Find%20X3%20Pro%20White%20official%20product%20phone%20white%20background&w=700&h=700&c=7&rs=1&p=0"
"165","Oppo","OPPO Find X3 Pro","Blue","oppo-find-x3-pro-8gb-128gb-blue.jpg","oppo-find-x3-pro-blue-back.jpg","https://tse1.mm.bing.net/th?q=OPPO%20Find%20X3%20Pro%20Blue%20official%20product%20phone%20white%20background&w=700&h=700&c=7&rs=1&p=0"
"165","Oppo","OPPO Find X3 Pro","Gold","oppo-find-x3-pro-8gb-128gb-gold.jpg","oppo-find-x3-pro-gold-back.jpg","https://tse1.mm.bing.net/th?q=OPPO%20Find%20X3%20Pro%20Gold%20official%20product%20phone%20white%20background&w=700&h=700&c=7&rs=1&p=0"
"166","Oppo","OPPO Find N3","Black","oppo-find-n3-8gb-128gb-black.jpg","oppo-find-n3-black-back.jpg","https://tse1.mm.bing.net/th?q=OPPO%20Find%20N3%20Black%20official%20product%20phone%20white%20background&w=700&h=700&c=7&rs=1&p=0"
"166","Oppo","OPPO Find N3","White","oppo-find-n3-8gb-128gb-white.jpg","oppo-find-n3-white-back.jpg","https://tse1.mm.bing.net/th?q=OPPO%20Find%20N3%20White%20official%20product%20phone%20white%20background&w=700&h=700&c=7&rs=1&p=0"
"166","Oppo","OPPO Find N3","Gold","oppo-find-n3-8gb-128gb-gold.jpg","oppo-find-n3-gold-back.jpg","https://tse1.mm.bing.net/th?q=OPPO%20Find%20N3%20Gold%20official%20product%20phone%20white%20background&w=700&h=700&c=7&rs=1&p=0"
"167","Oppo","OPPO Reno15 Pro Max","Black","oppo-reno15-pro-max-8gb-128gb-black.jpg","oppo-reno15-pro-max-black-back.jpg","https://tse1.mm.bing.net/th?q=OPPO%20Reno15%20Pro%20Max%20Black%20official%20product%20phone%20white%20background&w=700&h=700&c=7&rs=1&p=0"
"167","Oppo","OPPO Reno15 Pro Max","White","oppo-reno15-pro-max-8gb-128gb-white.jpg","oppo-reno15-pro-max-white-back.jpg","https://tse1.mm.bing.net/th?q=OPPO%20Reno15%20Pro%20Max%20White%20official%20product%20phone%20white%20background&w=700&h=700&c=7&rs=1&p=0"
"167","Oppo","OPPO Reno15 Pro Max","Blue","oppo-reno15-pro-max-8gb-128gb-blue.jpg","oppo-reno15-pro-max-blue-back.jpg","https://tse1.mm.bing.net/th?q=OPPO%20Reno15%20Pro%20Max%20Blue%20official%20product%20phone%20white%20background&w=700&h=700&c=7&rs=1&p=0"
"168","Oppo","OPPO Reno15 Pro","Black","oppo-reno15-pro-8gb-128gb-black.jpg","oppo-reno15-pro-black-back.jpg","https://tse1.mm.bing.net/th?q=OPPO%20Reno15%20Pro%20Black%20official%20product%20phone%20white%20background&w=700&h=700&c=7&rs=1&p=0"
"168","Oppo","OPPO Reno15 Pro","White","oppo-reno15-pro-8gb-128gb-white.jpg","oppo-reno15-pro-white-back.jpg","https://tse1.mm.bing.net/th?q=OPPO%20Reno15%20Pro%20White%20official%20product%20phone%20white%20background&w=700&h=700&c=7&rs=1&p=0"
"168","Oppo","OPPO Reno15 Pro","Blue","oppo-reno15-pro-8gb-128gb-blue.jpg","oppo-reno15-pro-blue-back.jpg","https://tse1.mm.bing.net/th?q=OPPO%20Reno15%20Pro%20Blue%20official%20product%20phone%20white%20background&w=700&h=700&c=7&rs=1&p=0"
"168","Oppo","OPPO Reno15 Pro","Gold","oppo-reno15-pro-8gb-128gb-gold.jpg","oppo-reno15-pro-gold-back.jpg","https://tse1.mm.bing.net/th?q=OPPO%20Reno15%20Pro%20Gold%20official%20product%20phone%20white%20background&w=700&h=700&c=7&rs=1&p=0"
"169","Oppo","OPPO Reno15","Black","oppo-reno15-8gb-128gb-black.jpg","oppo-reno15-black-back.jpg","https://tse1.mm.bing.net/th?q=OPPO%20Reno15%20Black%20official%20product%20phone%20white%20background&w=700&h=700&c=7&rs=1&p=0"
"169","Oppo","OPPO Reno15","Blue","oppo-reno15-8gb-128gb-blue.jpg","oppo-reno15-blue-back.jpg","https://tse1.mm.bing.net/th?q=OPPO%20Reno15%20Blue%20official%20product%20phone%20white%20background&w=700&h=700&c=7&rs=1&p=0"
"169","Oppo","OPPO Reno15","Gold","oppo-reno15-8gb-128gb-gold.jpg","oppo-reno15-gold-back.jpg","https://tse1.mm.bing.net/th?q=OPPO%20Reno15%20Gold%20official%20product%20phone%20white%20background&w=700&h=700&c=7&rs=1&p=0"
"170","Oppo","OPPO Reno14 Pro","Black","oppo-reno14-pro-8gb-128gb-black.jpg","oppo-reno14-pro-black-back.jpg","https://tse1.mm.bing.net/th?q=OPPO%20Reno14%20Pro%20Black%20official%20product%20phone%20white%20background&w=700&h=700&c=7&rs=1&p=0"
"170","Oppo","OPPO Reno14 Pro","White","oppo-reno14-pro-8gb-128gb-white.jpg","oppo-reno14-pro-white-back.jpg","https://tse1.mm.bing.net/th?q=OPPO%20Reno14%20Pro%20White%20official%20product%20phone%20white%20background&w=700&h=700&c=7&rs=1&p=0"
"170","Oppo","OPPO Reno14 Pro","Blue","oppo-reno14-pro-8gb-128gb-blue.jpg","oppo-reno14-pro-blue-back.jpg","https://tse1.mm.bing.net/th?q=OPPO%20Reno14%20Pro%20Blue%20official%20product%20phone%20white%20background&w=700&h=700&c=7&rs=1&p=0"
"170","Oppo","OPPO Reno14 Pro","Gold","oppo-reno14-pro-8gb-128gb-gold.jpg","oppo-reno14-pro-gold-back.jpg","https://tse1.mm.bing.net/th?q=OPPO%20Reno14%20Pro%20Gold%20official%20product%20phone%20white%20background&w=700&h=700&c=7&rs=1&p=0"
"171","Oppo","OPPO Reno14","Black","oppo-reno14-8gb-128gb-black.jpg","oppo-reno14-black-back.jpg","https://tse1.mm.bing.net/th?q=OPPO%20Reno14%20Black%20official%20product%20phone%20white%20background&w=700&h=700&c=7&rs=1&p=0"
"171","Oppo","OPPO Reno14","White","oppo-reno14-8gb-128gb-white.jpg","oppo-reno14-white-back.jpg","https://tse1.mm.bing.net/th?q=OPPO%20Reno14%20White%20official%20product%20phone%20white%20background&w=700&h=700&c=7&rs=1&p=0"
"171","Oppo","OPPO Reno14","Blue","oppo-reno14-8gb-128gb-blue.jpg","oppo-reno14-blue-back.jpg","https://tse1.mm.bing.net/th?q=OPPO%20Reno14%20Blue%20official%20product%20phone%20white%20background&w=700&h=700&c=7&rs=1&p=0"
"171","Oppo","OPPO Reno14","Gold","oppo-reno14-8gb-128gb-gold.jpg","oppo-reno14-gold-back.jpg","https://tse1.mm.bing.net/th?q=OPPO%20Reno14%20Gold%20official%20product%20phone%20white%20background&w=700&h=700&c=7&rs=1&p=0"
"172","Oppo","OPPO Reno13 Pro","Black","oppo-reno13-pro-8gb-128gb-black.jpg","oppo-reno13-pro-black-back.jpg","https://tse1.mm.bing.net/th?q=OPPO%20Reno13%20Pro%20Black%20official%20product%20phone%20white%20background&w=700&h=700&c=7&rs=1&p=0"
"172","Oppo","OPPO Reno13 Pro","White","oppo-reno13-pro-8gb-128gb-white.jpg","oppo-reno13-pro-white-back.jpg","https://tse1.mm.bing.net/th?q=OPPO%20Reno13%20Pro%20White%20official%20product%20phone%20white%20background&w=700&h=700&c=7&rs=1&p=0"
"172","Oppo","OPPO Reno13 Pro","Blue","oppo-reno13-pro-8gb-128gb-blue.jpg","oppo-reno13-pro-blue-back.jpg","https://tse1.mm.bing.net/th?q=OPPO%20Reno13%20Pro%20Blue%20official%20product%20phone%20white%20background&w=700&h=700&c=7&rs=1&p=0"
"172","Oppo","OPPO Reno13 Pro","Gold","oppo-reno13-pro-8gb-128gb-gold.jpg","oppo-reno13-pro-gold-back.jpg","https://tse1.mm.bing.net/th?q=OPPO%20Reno13%20Pro%20Gold%20official%20product%20phone%20white%20background&w=700&h=700&c=7&rs=1&p=0"
"173","Oppo","OPPO Reno13","Black","oppo-reno13-8gb-128gb-black.jpg","oppo-reno13-black-back.jpg","https://tse1.mm.bing.net/th?q=OPPO%20Reno13%20Black%20official%20product%20phone%20white%20background&w=700&h=700&c=7&rs=1&p=0"
"173","Oppo","OPPO Reno13","White","oppo-reno13-8gb-128gb-white.jpg","oppo-reno13-white-back.jpg","https://tse1.mm.bing.net/th?q=OPPO%20Reno13%20White%20official%20product%20phone%20white%20background&w=700&h=700&c=7&rs=1&p=0"
"173","Oppo","OPPO Reno13","Blue","oppo-reno13-8gb-128gb-blue.jpg","oppo-reno13-blue-back.jpg","https://tse1.mm.bing.net/th?q=OPPO%20Reno13%20Blue%20official%20product%20phone%20white%20background&w=700&h=700&c=7&rs=1&p=0"
"173","Oppo","OPPO Reno13","Gold","oppo-reno13-8gb-128gb-gold.jpg","oppo-reno13-gold-back.jpg","https://tse1.mm.bing.net/th?q=OPPO%20Reno13%20Gold%20official%20product%20phone%20white%20background&w=700&h=700&c=7&rs=1&p=0"
"174","Oppo","OPPO Reno12 Pro","Black","oppo-reno12-pro-8gb-128gb-black.jpg","oppo-reno12-pro-black-back.jpg","https://tse1.mm.bing.net/th?q=OPPO%20Reno12%20Pro%20Black%20official%20product%20phone%20white%20background&w=700&h=700&c=7&rs=1&p=0"
"174","Oppo","OPPO Reno12 Pro","White","oppo-reno12-pro-8gb-128gb-white.jpg","oppo-reno12-pro-white-back.jpg","https://tse1.mm.bing.net/th?q=OPPO%20Reno12%20Pro%20White%20official%20product%20phone%20white%20background&w=700&h=700&c=7&rs=1&p=0"
"174","Oppo","OPPO Reno12 Pro","Blue","oppo-reno12-pro-8gb-128gb-blue.jpg","oppo-reno12-pro-blue-back.jpg","https://tse1.mm.bing.net/th?q=OPPO%20Reno12%20Pro%20Blue%20official%20product%20phone%20white%20background&w=700&h=700&c=7&rs=1&p=0"
"174","Oppo","OPPO Reno12 Pro","Gold","oppo-reno12-pro-8gb-128gb-gold.jpg","oppo-reno12-pro-gold-back.jpg","https://tse1.mm.bing.net/th?q=OPPO%20Reno12%20Pro%20Gold%20official%20product%20phone%20white%20background&w=700&h=700&c=7&rs=1&p=0"
"175","Oppo","OPPO Reno12","Black","oppo-reno12-8gb-128gb-black.jpg","oppo-reno12-black-back.jpg","https://tse1.mm.bing.net/th?q=OPPO%20Reno12%20Black%20official%20product%20phone%20white%20background&w=700&h=700&c=7&rs=1&p=0"
"175","Oppo","OPPO Reno12","White","oppo-reno12-8gb-128gb-white.jpg","oppo-reno12-white-back.jpg","https://tse1.mm.bing.net/th?q=OPPO%20Reno12%20White%20official%20product%20phone%20white%20background&w=700&h=700&c=7&rs=1&p=0"
"175","Oppo","OPPO Reno12","Blue","oppo-reno12-8gb-128gb-blue.jpg","oppo-reno12-blue-back.jpg","https://tse1.mm.bing.net/th?q=OPPO%20Reno12%20Blue%20official%20product%20phone%20white%20background&w=700&h=700&c=7&rs=1&p=0"
"176","Oppo","OPPO Reno11 Pro","Black","oppo-reno11-pro-8gb-128gb-black.jpg","oppo-reno11-pro-black-back.jpg","https://tse1.mm.bing.net/th?q=OPPO%20Reno11%20Pro%20Black%20official%20product%20phone%20white%20background&w=700&h=700&c=7&rs=1&p=0"
"176","Oppo","OPPO Reno11 Pro","Blue","oppo-reno11-pro-8gb-128gb-blue.jpg","oppo-reno11-pro-blue-back.jpg","https://tse1.mm.bing.net/th?q=OPPO%20Reno11%20Pro%20Blue%20official%20product%20phone%20white%20background&w=700&h=700&c=7&rs=1&p=0"
"177","Oppo","OPPO Reno11","Black","oppo-reno11-6gb-128gb-black.jpg","oppo-reno11-black-back.jpg","https://tse1.mm.bing.net/th?q=OPPO%20Reno11%20Black%20official%20product%20phone%20white%20background&w=700&h=700&c=7&rs=1&p=0"
"177","Oppo","OPPO Reno11","Blue","oppo-reno11-6gb-128gb-blue.jpg","oppo-reno11-blue-back.jpg","https://tse1.mm.bing.net/th?q=OPPO%20Reno11%20Blue%20official%20product%20phone%20white%20background&w=700&h=700&c=7&rs=1&p=0"
"178","Oppo","OPPO Reno10 Pro+","Black","oppo-reno10-pro-plus-6gb-128gb-black.jpg","oppo-reno10-pro-plus-black-back.jpg","https://tse1.mm.bing.net/th?q=OPPO%20Reno10%20Pro%2B%20Black%20official%20product%20phone%20white%20background&w=700&h=700&c=7&rs=1&p=0"
"178","Oppo","OPPO Reno10 Pro+","White","oppo-reno10-pro-plus-6gb-128gb-white.jpg","oppo-reno10-pro-plus-white-back.jpg","https://tse1.mm.bing.net/th?q=OPPO%20Reno10%20Pro%2B%20White%20official%20product%20phone%20white%20background&w=700&h=700&c=7&rs=1&p=0"
"178","Oppo","OPPO Reno10 Pro+","Blue","oppo-reno10-pro-plus-6gb-128gb-blue.jpg","oppo-reno10-pro-plus-blue-back.jpg","https://tse1.mm.bing.net/th?q=OPPO%20Reno10%20Pro%2B%20Blue%20official%20product%20phone%20white%20background&w=700&h=700&c=7&rs=1&p=0"
"178","Oppo","OPPO Reno10 Pro+","Gold","oppo-reno10-pro-plus-6gb-128gb-gold.jpg","oppo-reno10-pro-plus-gold-back.jpg","https://tse1.mm.bing.net/th?q=OPPO%20Reno10%20Pro%2B%20Gold%20official%20product%20phone%20white%20background&w=700&h=700&c=7&rs=1&p=0"
"179","Oppo","OPPO Reno10 Pro","Black","oppo-reno10-pro-6gb-128gb-black.jpg","oppo-reno10-pro-black-back.jpg","https://tse1.mm.bing.net/th?q=OPPO%20Reno10%20Pro%20Black%20official%20product%20phone%20white%20background&w=700&h=700&c=7&rs=1&p=0"
"179","Oppo","OPPO Reno10 Pro","White","oppo-reno10-pro-6gb-128gb-white.jpg","oppo-reno10-pro-white-back.jpg","https://tse1.mm.bing.net/th?q=OPPO%20Reno10%20Pro%20White%20official%20product%20phone%20white%20background&w=700&h=700&c=7&rs=1&p=0"
"179","Oppo","OPPO Reno10 Pro","Blue","oppo-reno10-pro-6gb-128gb-blue.jpg","oppo-reno10-pro-blue-back.jpg","https://tse1.mm.bing.net/th?q=OPPO%20Reno10%20Pro%20Blue%20official%20product%20phone%20white%20background&w=700&h=700&c=7&rs=1&p=0"
"179","Oppo","OPPO Reno10 Pro","Gold","oppo-reno10-pro-6gb-128gb-gold.jpg","oppo-reno10-pro-gold-back.jpg","https://tse1.mm.bing.net/th?q=OPPO%20Reno10%20Pro%20Gold%20official%20product%20phone%20white%20background&w=700&h=700&c=7&rs=1&p=0"
"180","Oppo","OPPO Reno10","Black","oppo-reno10-6gb-128gb-black.jpg","oppo-reno10-black-back.jpg","https://tse1.mm.bing.net/th?q=OPPO%20Reno10%20Black%20official%20product%20phone%20white%20background&w=700&h=700&c=7&rs=1&p=0"
"180","Oppo","OPPO Reno10","White","oppo-reno10-6gb-128gb-white.jpg","oppo-reno10-white-back.jpg","https://tse1.mm.bing.net/th?q=OPPO%20Reno10%20White%20official%20product%20phone%20white%20background&w=700&h=700&c=7&rs=1&p=0"
"180","Oppo","OPPO Reno10","Blue","oppo-reno10-6gb-128gb-blue.jpg","oppo-reno10-blue-back.jpg","https://tse1.mm.bing.net/th?q=OPPO%20Reno10%20Blue%20official%20product%20phone%20white%20background&w=700&h=700&c=7&rs=1&p=0"
"180","Oppo","OPPO Reno10","Gold","oppo-reno10-6gb-128gb-gold.jpg","oppo-reno10-gold-back.jpg","https://tse1.mm.bing.net/th?q=OPPO%20Reno10%20Gold%20official%20product%20phone%20white%20background&w=700&h=700&c=7&rs=1&p=0"
"181","Oppo","OPPO Reno9 Pro+","Black","oppo-reno9-pro-plus-6gb-128gb-black.jpg","oppo-reno9-pro-plus-black-back.jpg","https://tse1.mm.bing.net/th?q=OPPO%20Reno9%20Pro%2B%20Black%20official%20product%20phone%20white%20background&w=700&h=700&c=7&rs=1&p=0"
"181","Oppo","OPPO Reno9 Pro+","White","oppo-reno9-pro-plus-6gb-128gb-white.jpg","oppo-reno9-pro-plus-white-back.jpg","https://tse1.mm.bing.net/th?q=OPPO%20Reno9%20Pro%2B%20White%20official%20product%20phone%20white%20background&w=700&h=700&c=7&rs=1&p=0"
"181","Oppo","OPPO Reno9 Pro+","Blue","oppo-reno9-pro-plus-6gb-128gb-blue.jpg","oppo-reno9-pro-plus-blue-back.jpg","https://tse1.mm.bing.net/th?q=OPPO%20Reno9%20Pro%2B%20Blue%20official%20product%20phone%20white%20background&w=700&h=700&c=7&rs=1&p=0"
"181","Oppo","OPPO Reno9 Pro+","Gold","oppo-reno9-pro-plus-6gb-128gb-gold.jpg","oppo-reno9-pro-plus-gold-back.jpg","https://tse1.mm.bing.net/th?q=OPPO%20Reno9%20Pro%2B%20Gold%20official%20product%20phone%20white%20background&w=700&h=700&c=7&rs=1&p=0"
"182","Oppo","OPPO Reno9 Pro","Black","oppo-reno9-pro-6gb-128gb-black.jpg","oppo-reno9-pro-black-back.jpg","https://tse1.mm.bing.net/th?q=OPPO%20Reno9%20Pro%20Black%20official%20product%20phone%20white%20background&w=700&h=700&c=7&rs=1&p=0"
"182","Oppo","OPPO Reno9 Pro","White","oppo-reno9-pro-6gb-128gb-white.jpg","oppo-reno9-pro-white-back.jpg","https://tse1.mm.bing.net/th?q=OPPO%20Reno9%20Pro%20White%20official%20product%20phone%20white%20background&w=700&h=700&c=7&rs=1&p=0"
"182","Oppo","OPPO Reno9 Pro","Blue","oppo-reno9-pro-6gb-128gb-blue.jpg","oppo-reno9-pro-blue-back.jpg","https://tse1.mm.bing.net/th?q=OPPO%20Reno9%20Pro%20Blue%20official%20product%20phone%20white%20background&w=700&h=700&c=7&rs=1&p=0"
"182","Oppo","OPPO Reno9 Pro","Gold","oppo-reno9-pro-6gb-128gb-gold.jpg","oppo-reno9-pro-gold-back.jpg","https://tse1.mm.bing.net/th?q=OPPO%20Reno9%20Pro%20Gold%20official%20product%20phone%20white%20background&w=700&h=700&c=7&rs=1&p=0"
"183","Oppo","OPPO Reno9","Black","oppo-reno9-6gb-128gb-black.jpg","oppo-reno9-black-back.jpg","https://tse1.mm.bing.net/th?q=OPPO%20Reno9%20Black%20official%20product%20phone%20white%20background&w=700&h=700&c=7&rs=1&p=0"
"183","Oppo","OPPO Reno9","White","oppo-reno9-6gb-128gb-white.jpg","oppo-reno9-white-back.jpg","https://tse1.mm.bing.net/th?q=OPPO%20Reno9%20White%20official%20product%20phone%20white%20background&w=700&h=700&c=7&rs=1&p=0"
"183","Oppo","OPPO Reno9","Blue","oppo-reno9-6gb-128gb-blue.jpg","oppo-reno9-blue-back.jpg","https://tse1.mm.bing.net/th?q=OPPO%20Reno9%20Blue%20official%20product%20phone%20white%20background&w=700&h=700&c=7&rs=1&p=0"
"183","Oppo","OPPO Reno9","Gold","oppo-reno9-6gb-128gb-gold.jpg","oppo-reno9-gold-back.jpg","https://tse1.mm.bing.net/th?q=OPPO%20Reno9%20Gold%20official%20product%20phone%20white%20background&w=700&h=700&c=7&rs=1&p=0"
"184","Oppo","OPPO Reno8 Pro","Black","oppo-reno8-pro-6gb-128gb-black.jpg","oppo-reno8-pro-black-back.jpg","https://tse1.mm.bing.net/th?q=OPPO%20Reno8%20Pro%20Black%20official%20product%20phone%20white%20background&w=700&h=700&c=7&rs=1&p=0"
"184","Oppo","OPPO Reno8 Pro","White","oppo-reno8-pro-6gb-128gb-white.jpg","oppo-reno8-pro-white-back.jpg","https://tse1.mm.bing.net/th?q=OPPO%20Reno8%20Pro%20White%20official%20product%20phone%20white%20background&w=700&h=700&c=7&rs=1&p=0"
"184","Oppo","OPPO Reno8 Pro","Blue","oppo-reno8-pro-6gb-128gb-blue.jpg","oppo-reno8-pro-blue-back.jpg","https://tse1.mm.bing.net/th?q=OPPO%20Reno8%20Pro%20Blue%20official%20product%20phone%20white%20background&w=700&h=700&c=7&rs=1&p=0"
"184","Oppo","OPPO Reno8 Pro","Gold","oppo-reno8-pro-6gb-128gb-gold.jpg","oppo-reno8-pro-gold-back.jpg","https://tse1.mm.bing.net/th?q=OPPO%20Reno8%20Pro%20Gold%20official%20product%20phone%20white%20background&w=700&h=700&c=7&rs=1&p=0"
"185","Oppo","OPPO Reno8","Black","oppo-reno8-6gb-128gb-black.jpg","oppo-reno8-black-back.jpg","https://tse1.mm.bing.net/th?q=OPPO%20Reno8%20Black%20official%20product%20phone%20white%20background&w=700&h=700&c=7&rs=1&p=0"
"185","Oppo","OPPO Reno8","Gold","oppo-reno8-6gb-128gb-gold.jpg","oppo-reno8-gold-back.jpg","https://tse1.mm.bing.net/th?q=OPPO%20Reno8%20Gold%20official%20product%20phone%20white%20background&w=700&h=700&c=7&rs=1&p=0"
"186","Oppo","OPPO Reno7 Pro","Black","oppo-reno7-pro-6gb-128gb-black.jpg","oppo-reno7-pro-black-back.jpg","https://tse1.mm.bing.net/th?q=OPPO%20Reno7%20Pro%20Black%20official%20product%20phone%20white%20background&w=700&h=700&c=7&rs=1&p=0"
"186","Oppo","OPPO Reno7 Pro","White","oppo-reno7-pro-6gb-128gb-white.jpg","oppo-reno7-pro-white-back.jpg","https://tse1.mm.bing.net/th?q=OPPO%20Reno7%20Pro%20White%20official%20product%20phone%20white%20background&w=700&h=700&c=7&rs=1&p=0"
"186","Oppo","OPPO Reno7 Pro","Gold","oppo-reno7-pro-6gb-128gb-gold.jpg","oppo-reno7-pro-gold-back.jpg","https://tse1.mm.bing.net/th?q=OPPO%20Reno7%20Pro%20Gold%20official%20product%20phone%20white%20background&w=700&h=700&c=7&rs=1&p=0"
"187","Oppo","OPPO Reno7","Black","oppo-reno7-6gb-128gb-black.jpg","oppo-reno7-black-back.jpg","https://tse1.mm.bing.net/th?q=OPPO%20Reno7%20Black%20official%20product%20phone%20white%20background&w=700&h=700&c=7&rs=1&p=0"
"187","Oppo","OPPO Reno7","White","oppo-reno7-6gb-128gb-white.jpg","oppo-reno7-white-back.jpg","https://tse1.mm.bing.net/th?q=OPPO%20Reno7%20White%20official%20product%20phone%20white%20background&w=700&h=700&c=7&rs=1&p=0"
"187","Oppo","OPPO Reno7","Blue","oppo-reno7-6gb-128gb-blue.jpg","oppo-reno7-blue-back.jpg","https://tse1.mm.bing.net/th?q=OPPO%20Reno7%20Blue%20official%20product%20phone%20white%20background&w=700&h=700&c=7&rs=1&p=0"
"187","Oppo","OPPO Reno7","Gold","oppo-reno7-6gb-128gb-gold.jpg","oppo-reno7-gold-back.jpg","https://tse1.mm.bing.net/th?q=OPPO%20Reno7%20Gold%20official%20product%20phone%20white%20background&w=700&h=700&c=7&rs=1&p=0"
"188","Oppo","OPPO Reno6 Pro","Black","oppo-reno6-pro-6gb-128gb-black.jpg","oppo-reno6-pro-black-back.jpg","https://tse1.mm.bing.net/th?q=OPPO%20Reno6%20Pro%20Black%20official%20product%20phone%20white%20background&w=700&h=700&c=7&rs=1&p=0"
"188","Oppo","OPPO Reno6 Pro","White","oppo-reno6-pro-6gb-128gb-white.jpg","oppo-reno6-pro-white-back.jpg","https://tse1.mm.bing.net/th?q=OPPO%20Reno6%20Pro%20White%20official%20product%20phone%20white%20background&w=700&h=700&c=7&rs=1&p=0"
"188","Oppo","OPPO Reno6 Pro","Blue","oppo-reno6-pro-6gb-128gb-blue.jpg","oppo-reno6-pro-blue-back.jpg","https://tse1.mm.bing.net/th?q=OPPO%20Reno6%20Pro%20Blue%20official%20product%20phone%20white%20background&w=700&h=700&c=7&rs=1&p=0"
"188","Oppo","OPPO Reno6 Pro","Gold","oppo-reno6-pro-6gb-128gb-gold.jpg","oppo-reno6-pro-gold-back.jpg","https://tse1.mm.bing.net/th?q=OPPO%20Reno6%20Pro%20Gold%20official%20product%20phone%20white%20background&w=700&h=700&c=7&rs=1&p=0"
"189","Oppo","OPPO Reno6","Black","oppo-reno6-4gb-64gb-black.jpg","oppo-reno6-black-back.jpg","https://tse1.mm.bing.net/th?q=OPPO%20Reno6%20Black%20official%20product%20phone%20white%20background&w=700&h=700&c=7&rs=1&p=0"
"189","Oppo","OPPO Reno6","White","oppo-reno6-4gb-64gb-white.jpg","oppo-reno6-white-back.jpg","https://tse1.mm.bing.net/th?q=OPPO%20Reno6%20White%20official%20product%20phone%20white%20background&w=700&h=700&c=7&rs=1&p=0"
"189","Oppo","OPPO Reno6","Gold","oppo-reno6-4gb-64gb-gold.jpg","oppo-reno6-gold-back.jpg","https://tse1.mm.bing.net/th?q=OPPO%20Reno6%20Gold%20official%20product%20phone%20white%20background&w=700&h=700&c=7&rs=1&p=0"
"190","Oppo","OPPO A6 Pro 5G","Black","oppo-a6-pro-5g-4gb-64gb-black.jpg","oppo-a6-pro-5g-black-back.jpg","https://tse1.mm.bing.net/th?q=OPPO%20A6%20Pro%205G%20Black%20official%20product%20phone%20white%20background&w=700&h=700&c=7&rs=1&p=0"
"190","Oppo","OPPO A6 Pro 5G","White","oppo-a6-pro-5g-4gb-64gb-white.jpg","oppo-a6-pro-5g-white-back.jpg","https://tse1.mm.bing.net/th?q=OPPO%20A6%20Pro%205G%20White%20official%20product%20phone%20white%20background&w=700&h=700&c=7&rs=1&p=0"
"190","Oppo","OPPO A6 Pro 5G","Blue","oppo-a6-pro-5g-4gb-64gb-blue.jpg","oppo-a6-pro-5g-blue-back.jpg","https://tse1.mm.bing.net/th?q=OPPO%20A6%20Pro%205G%20Blue%20official%20product%20phone%20white%20background&w=700&h=700&c=7&rs=1&p=0"
"190","Oppo","OPPO A6 Pro 5G","Gold","oppo-a6-pro-5g-4gb-64gb-gold.jpg","oppo-a6-pro-5g-gold-back.jpg","https://tse1.mm.bing.net/th?q=OPPO%20A6%20Pro%205G%20Gold%20official%20product%20phone%20white%20background&w=700&h=700&c=7&rs=1&p=0"
"191","Oppo","OPPO A6 5G","Black","oppo-a6-5g-4gb-64gb-black.jpg","oppo-a6-5g-black-back.jpg","https://tse1.mm.bing.net/th?q=OPPO%20A6%205G%20Black%20official%20product%20phone%20white%20background&w=700&h=700&c=7&rs=1&p=0"
"191","Oppo","OPPO A6 5G","Blue","oppo-a6-5g-4gb-64gb-blue.jpg","oppo-a6-5g-blue-back.jpg","https://tse1.mm.bing.net/th?q=OPPO%20A6%205G%20Blue%20official%20product%20phone%20white%20background&w=700&h=700&c=7&rs=1&p=0"
"192","Oppo","OPPO A5 Pro 5G","Black","oppo-a5-pro-5g-4gb-64gb-black.jpg","oppo-a5-pro-5g-black-back.jpg","https://tse1.mm.bing.net/th?q=OPPO%20A5%20Pro%205G%20Black%20official%20product%20phone%20white%20background&w=700&h=700&c=7&rs=1&p=0"
"192","Oppo","OPPO A5 Pro 5G","White","oppo-a5-pro-5g-4gb-64gb-white.jpg","oppo-a5-pro-5g-white-back.jpg","https://tse1.mm.bing.net/th?q=OPPO%20A5%20Pro%205G%20White%20official%20product%20phone%20white%20background&w=700&h=700&c=7&rs=1&p=0"
"192","Oppo","OPPO A5 Pro 5G","Blue","oppo-a5-pro-5g-4gb-64gb-blue.jpg","oppo-a5-pro-5g-blue-back.jpg","https://tse1.mm.bing.net/th?q=OPPO%20A5%20Pro%205G%20Blue%20official%20product%20phone%20white%20background&w=700&h=700&c=7&rs=1&p=0"
"193","Oppo","OPPO A5 5G","Black","oppo-a5-5g-4gb-64gb-black.jpg","oppo-a5-5g-black-back.jpg","https://tse1.mm.bing.net/th?q=OPPO%20A5%205G%20Black%20official%20product%20phone%20white%20background&w=700&h=700&c=7&rs=1&p=0"
"193","Oppo","OPPO A5 5G","White","oppo-a5-5g-4gb-64gb-white.jpg","oppo-a5-5g-white-back.jpg","https://tse1.mm.bing.net/th?q=OPPO%20A5%205G%20White%20official%20product%20phone%20white%20background&w=700&h=700&c=7&rs=1&p=0"
"194","Oppo","OPPO A5","Black","oppo-a5-4gb-64gb-black.jpg","oppo-a5-black-back.jpg","https://tse1.mm.bing.net/th?q=OPPO%20A5%20Black%20official%20product%20phone%20white%20background&w=700&h=700&c=7&rs=1&p=0"
"194","Oppo","OPPO A5","White","oppo-a5-4gb-64gb-white.jpg","oppo-a5-white-back.jpg","https://tse1.mm.bing.net/th?q=OPPO%20A5%20White%20official%20product%20phone%20white%20background&w=700&h=700&c=7&rs=1&p=0"
"194","Oppo","OPPO A5","Blue","oppo-a5-4gb-64gb-blue.jpg","oppo-a5-blue-back.jpg","https://tse1.mm.bing.net/th?q=OPPO%20A5%20Blue%20official%20product%20phone%20white%20background&w=700&h=700&c=7&rs=1&p=0"
"194","Oppo","OPPO A5","Gold","oppo-a5-4gb-64gb-gold.jpg","oppo-a5-gold-back.jpg","https://tse1.mm.bing.net/th?q=OPPO%20A5%20Gold%20official%20product%20phone%20white%20background&w=700&h=700&c=7&rs=1&p=0"
"195","Oppo","OPPO A3 Pro","Black","oppo-a3-pro-4gb-64gb-black.jpg","oppo-a3-pro-black-back.jpg","https://tse1.mm.bing.net/th?q=OPPO%20A3%20Pro%20Black%20official%20product%20phone%20white%20background&w=700&h=700&c=7&rs=1&p=0"
"195","Oppo","OPPO A3 Pro","White","oppo-a3-pro-4gb-64gb-white.jpg","oppo-a3-pro-white-back.jpg","https://tse1.mm.bing.net/th?q=OPPO%20A3%20Pro%20White%20official%20product%20phone%20white%20background&w=700&h=700&c=7&rs=1&p=0"
"195","Oppo","OPPO A3 Pro","Blue","oppo-a3-pro-4gb-64gb-blue.jpg","oppo-a3-pro-blue-back.jpg","https://tse1.mm.bing.net/th?q=OPPO%20A3%20Pro%20Blue%20official%20product%20phone%20white%20background&w=700&h=700&c=7&rs=1&p=0"
"196","Oppo","OPPO A3","Black","oppo-a3-4gb-64gb-black.jpg","oppo-a3-black-back.jpg","https://tse1.mm.bing.net/th?q=OPPO%20A3%20Black%20official%20product%20phone%20white%20background&w=700&h=700&c=7&rs=1&p=0"
"196","Oppo","OPPO A3","White","oppo-a3-4gb-64gb-white.jpg","oppo-a3-white-back.jpg","https://tse1.mm.bing.net/th?q=OPPO%20A3%20White%20official%20product%20phone%20white%20background&w=700&h=700&c=7&rs=1&p=0"
"196","Oppo","OPPO A3","Blue","oppo-a3-4gb-64gb-blue.jpg","oppo-a3-blue-back.jpg","https://tse1.mm.bing.net/th?q=OPPO%20A3%20Blue%20official%20product%20phone%20white%20background&w=700&h=700&c=7&rs=1&p=0"
"196","Oppo","OPPO A3","Gold","oppo-a3-4gb-64gb-gold.jpg","oppo-a3-gold-back.jpg","https://tse1.mm.bing.net/th?q=OPPO%20A3%20Gold%20official%20product%20phone%20white%20background&w=700&h=700&c=7&rs=1&p=0"
"197","Oppo","OPPO A98","Black","oppo-a98-4gb-64gb-black.jpg","oppo-a98-black-back.jpg","https://tse1.mm.bing.net/th?q=OPPO%20A98%20Black%20official%20product%20phone%20white%20background&w=700&h=700&c=7&rs=1&p=0"
"197","Oppo","OPPO A98","White","oppo-a98-4gb-64gb-white.jpg","oppo-a98-white-back.jpg","https://tse1.mm.bing.net/th?q=OPPO%20A98%20White%20official%20product%20phone%20white%20background&w=700&h=700&c=7&rs=1&p=0"
"198","Oppo","OPPO A96","Black","oppo-a96-4gb-64gb-black.jpg","oppo-a96-black-back.jpg","https://tse1.mm.bing.net/th?q=OPPO%20A96%20Black%20official%20product%20phone%20white%20background&w=700&h=700&c=7&rs=1&p=0"
"198","Oppo","OPPO A96","White","oppo-a96-4gb-64gb-white.jpg","oppo-a96-white-back.jpg","https://tse1.mm.bing.net/th?q=OPPO%20A96%20White%20official%20product%20phone%20white%20background&w=700&h=700&c=7&rs=1&p=0"
"198","Oppo","OPPO A96","Blue","oppo-a96-4gb-64gb-blue.jpg","oppo-a96-blue-back.jpg","https://tse1.mm.bing.net/th?q=OPPO%20A96%20Blue%20official%20product%20phone%20white%20background&w=700&h=700&c=7&rs=1&p=0"
"198","Oppo","OPPO A96","Gold","oppo-a96-4gb-64gb-gold.jpg","oppo-a96-gold-back.jpg","https://tse1.mm.bing.net/th?q=OPPO%20A96%20Gold%20official%20product%20phone%20white%20background&w=700&h=700&c=7&rs=1&p=0"
"199","Oppo","OPPO A78","Black","oppo-a78-4gb-64gb-black.jpg","oppo-a78-black-back.jpg","https://tse1.mm.bing.net/th?q=OPPO%20A78%20Black%20official%20product%20phone%20white%20background&w=700&h=700&c=7&rs=1&p=0"
"199","Oppo","OPPO A78","White","oppo-a78-4gb-64gb-white.jpg","oppo-a78-white-back.jpg","https://tse1.mm.bing.net/th?q=OPPO%20A78%20White%20official%20product%20phone%20white%20background&w=700&h=700&c=7&rs=1&p=0"
"199","Oppo","OPPO A78","Blue","oppo-a78-4gb-64gb-blue.jpg","oppo-a78-blue-back.jpg","https://tse1.mm.bing.net/th?q=OPPO%20A78%20Blue%20official%20product%20phone%20white%20background&w=700&h=700&c=7&rs=1&p=0"
"200","Oppo","OPPO A57","Black","oppo-a57-4gb-64gb-black.jpg","oppo-a57-black-back.jpg","https://tse1.mm.bing.net/th?q=OPPO%20A57%20Black%20official%20product%20phone%20white%20background&w=700&h=700&c=7&rs=1&p=0"
"200","Oppo","OPPO A57","White","oppo-a57-4gb-64gb-white.jpg","oppo-a57-white-back.jpg","https://tse1.mm.bing.net/th?q=OPPO%20A57%20White%20official%20product%20phone%20white%20background&w=700&h=700&c=7&rs=1&p=0"
"200","Oppo","OPPO A57","Gold","oppo-a57-4gb-64gb-gold.jpg","oppo-a57-gold-back.jpg","https://tse1.mm.bing.net/th?q=OPPO%20A57%20Gold%20official%20product%20phone%20white%20background&w=700&h=700&c=7&rs=1&p=0"
