"ProductId","Brand","ProductName","Color","Query","QueryUrl","FirstVariantImage"
"1","Apple","iPhone 17 Pro Max","Black Titanium","iPhone 17 Pro Max Black Titanium official product phone white background","https://tse1.mm.bing.net/th?q=iPhone%2017%20Pro%20Max%20Black%20Titanium%20official%20product%20phone%20white%20background&w=700&h=700&c=7&rs=1&p=0","iphone-17-pro-max-8gb-256gb-black-titanium.jpg"
"1","Apple","iPhone 17 Pro Max","White Titanium","iPhone 17 Pro Max White Titanium official product phone white background","https://tse1.mm.bing.net/th?q=iPhone%2017%20Pro%20Max%20White%20Titanium%20official%20product%20phone%20white%20background&w=700&h=700&c=7&rs=1&p=0","iphone-17-pro-max-8gb-256gb-white-titanium.jpg"
"1","Apple","iPhone 17 Pro Max","Blue Titanium","iPhone 17 Pro Max Blue Titanium official product phone white background","https://tse1.mm.bing.net/th?q=iPhone%2017%20Pro%20Max%20Blue%20Titanium%20official%20product%20phone%20white%20background&w=700&h=700&c=7&rs=1&p=0","iphone-17-pro-max-8gb-256gb-blue-titanium.jpg"
"1","Apple","iPhone 17 Pro Max","Natural Titanium","iPhone 17 Pro Max Natural Titanium official product phone white background","https://tse1.mm.bing.net/th?q=iPhone%2017%20Pro%20Max%20Natural%20Titanium%20official%20product%20phone%20white%20background&w=700&h=700&c=7&rs=1&p=0","iphone-17-pro-max-8gb-256gb-natural-titanium.jpg"
"2","Apple","iPhone 17 Pro","Black Titanium","iPhone 17 Pro Black Titanium official product phone white background","https://tse1.mm.bing.net/th?q=iPhone%2017%20Pro%20Black%20Titanium%20official%20product%20phone%20white%20background&w=700&h=700&c=7&rs=1&p=0","iphone-17-pro-8gb-256gb-black-titanium.jpg"
"2","Apple","iPhone 17 Pro","White Titanium","iPhone 17 Pro White Titanium official product phone white background","https://tse1.mm.bing.net/th?q=iPhone%2017%20Pro%20White%20Titanium%20official%20product%20phone%20white%20background&w=700&h=700&c=7&rs=1&p=0","iphone-17-pro-8gb-256gb-white-titanium.jpg"
"2","Apple","iPhone 17 Pro","Blue Titanium","iPhone 17 Pro Blue Titanium official product phone white background","https://tse1.mm.bing.net/th?q=iPhone%2017%20Pro%20Blue%20Titanium%20official%20product%20phone%20white%20background&w=700&h=700&c=7&rs=1&p=0","iphone-17-pro-8gb-256gb-blue-titanium.jpg"
"2","Apple","iPhone 17 Pro","Natural Titanium","iPhone 17 Pro Natural Titanium official product phone white background","https://tse1.mm.bing.net/th?q=iPhone%2017%20Pro%20Natural%20Titanium%20official%20product%20phone%20white%20background&w=700&h=700&c=7&rs=1&p=0","iphone-17-pro-8gb-256gb-natural-titanium.jpg"
"3","Apple","iPhone Air","Black","iPhone Air Black official product phone white background","https://tse1.mm.bing.net/th?q=iPhone%20Air%20Black%20official%20product%20phone%20white%20background&w=700&h=700&c=7&rs=1&p=0","iphone-air-8gb-256gb-black.jpg"
"3","Apple","iPhone Air","White","iPhone Air White official product phone white background","https://tse1.mm.bing.net/th?q=iPhone%20Air%20White%20official%20product%20phone%20white%20background&w=700&h=700&c=7&rs=1&p=0","iphone-air-8gb-256gb-white.jpg"
"3","Apple","iPhone Air","Blue","iPhone Air Blue official product phone white background","https://tse1.mm.bing.net/th?q=iPhone%20Air%20Blue%20official%20product%20phone%20white%20background&w=700&h=700&c=7&rs=1&p=0","iphone-air-8gb-256gb-blue.jpg"
"3","Apple","iPhone Air","Pink","iPhone Air Pink official product phone white background","https://tse1.mm.bing.net/th?q=iPhone%20Air%20Pink%20official%20product%20phone%20white%20background&w=700&h=700&c=7&rs=1&p=0","iphone-air-8gb-256gb-pink.jpg"
"4","Apple","iPhone 17","Black","iPhone 17 Black official product phone white background","https://tse1.mm.bing.net/th?q=iPhone%2017%20Black%20official%20product%20phone%20white%20background&w=700&h=700&c=7&rs=1&p=0","iphone-17-8gb-256gb-black.jpg"
"4","Apple","iPhone 17","White","iPhone 17 White official product phone white background","https://tse1.mm.bing.net/th?q=iPhone%2017%20White%20official%20product%20phone%20white%20background&w=700&h=700&c=7&rs=1&p=0","iphone-17-8gb-256gb-white.jpg"
"4","Apple","iPhone 17","Blue","iPhone 17 Blue official product phone white background","https://tse1.mm.bing.net/th?q=iPhone%2017%20Blue%20official%20product%20phone%20white%20background&w=700&h=700&c=7&rs=1&p=0","iphone-17-8gb-256gb-blue.jpg"
"4","Apple","iPhone 17","Pink","iPhone 17 Pink official product phone white background","https://tse1.mm.bing.net/th?q=iPhone%2017%20Pink%20official%20product%20phone%20white%20background&w=700&h=700&c=7&rs=1&p=0","iphone-17-8gb-256gb-pink.jpg"
"5","Apple","iPhone 17e","Black","iPhone 17e Black official product phone white background","https://tse1.mm.bing.net/th?q=iPhone%2017e%20Black%20official%20product%20phone%20white%20background&w=700&h=700&c=7&rs=1&p=0","iphone-17e-8gb-256gb-black.jpg"
"5","Apple","iPhone 17e","White","iPhone 17e White official product phone white background","https://tse1.mm.bing.net/th?q=iPhone%2017e%20White%20official%20product%20phone%20white%20background&w=700&h=700&c=7&rs=1&p=0","iphone-17e-8gb-256gb-white.jpg"
"5","Apple","iPhone 17e","Blue","iPhone 17e Blue official product phone white background","https://tse1.mm.bing.net/th?q=iPhone%2017e%20Blue%20official%20product%20phone%20white%20background&w=700&h=700&c=7&rs=1&p=0","iphone-17e-8gb-256gb-blue.jpg"
"5","Apple","iPhone 17e","Pink","iPhone 17e Pink official product phone white background","https://tse1.mm.bing.net/th?q=iPhone%2017e%20Pink%20official%20product%20phone%20white%20background&w=700&h=700&c=7&rs=1&p=0","iphone-17e-8gb-256gb-pink.jpg"
"6","Apple","iPhone 16 Pro Max","Black Titanium","iPhone 16 Pro Max Black Titanium official product phone white background","https://tse1.mm.bing.net/th?q=iPhone%2016%20Pro%20Max%20Black%20Titanium%20official%20product%20phone%20white%20background&w=700&h=700&c=7&rs=1&p=0","iphone-16-pro-max-8gb-256gb-black-titanium.jpg"
"6","Apple","iPhone 16 Pro Max","White Titanium","iPhone 16 Pro Max White Titanium official product phone white background","https://tse1.mm.bing.net/th?q=iPhone%2016%20Pro%20Max%20White%20Titanium%20official%20product%20phone%20white%20background&w=700&h=700&c=7&rs=1&p=0","iphone-16-pro-max-8gb-256gb-white-titanium.jpg"
"6","Apple","iPhone 16 Pro Max","Blue Titanium","iPhone 16 Pro Max Blue Titanium official product phone white background","https://tse1.mm.bing.net/th?q=iPhone%2016%20Pro%20Max%20Blue%20Titanium%20official%20product%20phone%20white%20background&w=700&h=700&c=7&rs=1&p=0","iphone-16-pro-max-8gb-256gb-blue-titanium.jpg"
"6","Apple","iPhone 16 Pro Max","Natural Titanium","iPhone 16 Pro Max Natural Titanium official product phone white background","https://tse1.mm.bing.net/th?q=iPhone%2016%20Pro%20Max%20Natural%20Titanium%20official%20product%20phone%20white%20background&w=700&h=700&c=7&rs=1&p=0","iphone-16-pro-max-8gb-256gb-natural-titanium.jpg"
"7","Apple","iPhone 16 Pro","Black Titanium","iPhone 16 Pro Black Titanium official product phone white background","https://tse1.mm.bing.net/th?q=iPhone%2016%20Pro%20Black%20Titanium%20official%20product%20phone%20white%20background&w=700&h=700&c=7&rs=1&p=0","iphone-16-pro-8gb-256gb-black-titanium.jpg"
"7","Apple","iPhone 16 Pro","White Titanium","iPhone 16 Pro White Titanium official product phone white background","https://tse1.mm.bing.net/th?q=iPhone%2016%20Pro%20White%20Titanium%20official%20product%20phone%20white%20background&w=700&h=700&c=7&rs=1&p=0","iphone-16-pro-8gb-256gb-white-titanium.jpg"
"7","Apple","iPhone 16 Pro","Blue Titanium","iPhone 16 Pro Blue Titanium official product phone white background","https://tse1.mm.bing.net/th?q=iPhone%2016%20Pro%20Blue%20Titanium%20official%20product%20phone%20white%20background&w=700&h=700&c=7&rs=1&p=0","iphone-16-pro-8gb-256gb-blue-titanium.jpg"
"7","Apple","iPhone 16 Pro","Natural Titanium","iPhone 16 Pro Natural Titanium official product phone white background","https://tse1.mm.bing.net/th?q=iPhone%2016%20Pro%20Natural%20Titanium%20official%20product%20phone%20white%20background&w=700&h=700&c=7&rs=1&p=0","iphone-16-pro-8gb-256gb-natural-titanium.jpg"
"8","Apple","iPhone 16 Plus","Black","iPhone 16 Plus Black official product phone white background","https://tse1.mm.bing.net/th?q=iPhone%2016%20Plus%20Black%20official%20product%20phone%20white%20background&w=700&h=700&c=7&rs=1&p=0","iphone-16-plus-8gb-256gb-black.jpg"
"8","Apple","iPhone 16 Plus","White","iPhone 16 Plus White official product phone white background","https://tse1.mm.bing.net/th?q=iPhone%2016%20Plus%20White%20official%20product%20phone%20white%20background&w=700&h=700&c=7&rs=1&p=0","iphone-16-plus-8gb-256gb-white.jpg"
"8","Apple","iPhone 16 Plus","Blue","iPhone 16 Plus Blue official product phone white background","https://tse1.mm.bing.net/th?q=iPhone%2016%20Plus%20Blue%20official%20product%20phone%20white%20background&w=700&h=700&c=7&rs=1&p=0","iphone-16-plus-8gb-256gb-blue.jpg"
"8","Apple","iPhone 16 Plus","Pink","iPhone 16 Plus Pink official product phone white background","https://tse1.mm.bing.net/th?q=iPhone%2016%20Plus%20Pink%20official%20product%20phone%20white%20background&w=700&h=700&c=7&rs=1&p=0","iphone-16-plus-8gb-256gb-pink.jpg"
"9","Apple","iPhone 16","Black","iPhone 16 Black official product phone white background","https://tse1.mm.bing.net/th?q=iPhone%2016%20Black%20official%20product%20phone%20white%20background&w=700&h=700&c=7&rs=1&p=0","iphone-16-8gb-256gb-black.jpg"
"9","Apple","iPhone 16","White","iPhone 16 White official product phone white background","https://tse1.mm.bing.net/th?q=iPhone%2016%20White%20official%20product%20phone%20white%20background&w=700&h=700&c=7&rs=1&p=0","iphone-16-8gb-256gb-white.jpg"
"9","Apple","iPhone 16","Blue","iPhone 16 Blue official product phone white background","https://tse1.mm.bing.net/th?q=iPhone%2016%20Blue%20official%20product%20phone%20white%20background&w=700&h=700&c=7&rs=1&p=0","iphone-16-8gb-256gb-blue.jpg"
"9","Apple","iPhone 16","Pink","iPhone 16 Pink official product phone white background","https://tse1.mm.bing.net/th?q=iPhone%2016%20Pink%20official%20product%20phone%20white%20background&w=700&h=700&c=7&rs=1&p=0","iphone-16-8gb-256gb-pink.jpg"
"10","Apple","iPhone 16e","Black","iPhone 16e Black official product phone white background","https://tse1.mm.bing.net/th?q=iPhone%2016e%20Black%20official%20product%20phone%20white%20background&w=700&h=700&c=7&rs=1&p=0","iphone-16e-8gb-256gb-black.jpg"
"10","Apple","iPhone 16e","White","iPhone 16e White official product phone white background","https://tse1.mm.bing.net/th?q=iPhone%2016e%20White%20official%20product%20phone%20white%20background&w=700&h=700&c=7&rs=1&p=0","iphone-16e-8gb-256gb-white.jpg"
"10","Apple","iPhone 16e","Blue","iPhone 16e Blue official product phone white background","https://tse1.mm.bing.net/th?q=iPhone%2016e%20Blue%20official%20product%20phone%20white%20background&w=700&h=700&c=7&rs=1&p=0","iphone-16e-8gb-256gb-blue.jpg"
"10","Apple","iPhone 16e","Pink","iPhone 16e Pink official product phone white background","https://tse1.mm.bing.net/th?q=iPhone%2016e%20Pink%20official%20product%20phone%20white%20background&w=700&h=700&c=7&rs=1&p=0","iphone-16e-8gb-256gb-pink.jpg"
"11","Apple","iPhone 15 Pro Max","Black Titanium","iPhone 15 Pro Max Black Titanium official product phone white background","https://tse1.mm.bing.net/th?q=iPhone%2015%20Pro%20Max%20Black%20Titanium%20official%20product%20phone%20white%20background&w=700&h=700&c=7&rs=1&p=0","iphone-15-pro-max-8gb-256gb-black-titanium.jpg"
"11","Apple","iPhone 15 Pro Max","White Titanium","iPhone 15 Pro Max White Titanium official product phone white background","https://tse1.mm.bing.net/th?q=iPhone%2015%20Pro%20Max%20White%20Titanium%20official%20product%20phone%20white%20background&w=700&h=700&c=7&rs=1&p=0","iphone-15-pro-max-8gb-256gb-white-titanium.jpg"
"11","Apple","iPhone 15 Pro Max","Blue Titanium","iPhone 15 Pro Max Blue Titanium official product phone white background","https://tse1.mm.bing.net/th?q=iPhone%2015%20Pro%20Max%20Blue%20Titanium%20official%20product%20phone%20white%20background&w=700&h=700&c=7&rs=1&p=0","iphone-15-pro-max-8gb-256gb-blue-titanium.jpg"
"11","Apple","iPhone 15 Pro Max","Natural Titanium","iPhone 15 Pro Max Natural Titanium official product phone white background","https://tse1.mm.bing.net/th?q=iPhone%2015%20Pro%20Max%20Natural%20Titanium%20official%20product%20phone%20white%20background&w=700&h=700&c=7&rs=1&p=0","iphone-15-pro-max-8gb-256gb-natural-titanium.jpg"
"12","Apple","iPhone 15 Pro","Black Titanium","iPhone 15 Pro Black Titanium official product phone white background","https://tse1.mm.bing.net/th?q=iPhone%2015%20Pro%20Black%20Titanium%20official%20product%20phone%20white%20background&w=700&h=700&c=7&rs=1&p=0","iphone-15-pro-8gb-256gb-black-titanium.jpg"
"12","Apple","iPhone 15 Pro","White Titanium","iPhone 15 Pro White Titanium official product phone white background","https://tse1.mm.bing.net/th?q=iPhone%2015%20Pro%20White%20Titanium%20official%20product%20phone%20white%20background&w=700&h=700&c=7&rs=1&p=0","iphone-15-pro-8gb-256gb-white-titanium.jpg"
"12","Apple","iPhone 15 Pro","Blue Titanium","iPhone 15 Pro Blue Titanium official product phone white background","https://tse1.mm.bing.net/th?q=iPhone%2015%20Pro%20Blue%20Titanium%20official%20product%20phone%20white%20background&w=700&h=700&c=7&rs=1&p=0","iphone-15-pro-8gb-256gb-blue-titanium.jpg"
"12","Apple","iPhone 15 Pro","Natural Titanium","iPhone 15 Pro Natural Titanium official product phone white background","https://tse1.mm.bing.net/th?q=iPhone%2015%20Pro%20Natural%20Titanium%20official%20product%20phone%20white%20background&w=700&h=700&c=7&rs=1&p=0","iphone-15-pro-8gb-256gb-natural-titanium.jpg"
"13","Apple","iPhone 15 Plus","Black","iPhone 15 Plus Black official product phone white background","https://tse1.mm.bing.net/th?q=iPhone%2015%20Plus%20Black%20official%20product%20phone%20white%20background&w=700&h=700&c=7&rs=1&p=0","iphone-15-plus-8gb-256gb-black.jpg"
"13","Apple","iPhone 15 Plus","White","iPhone 15 Plus White official product phone white background","https://tse1.mm.bing.net/th?q=iPhone%2015%20Plus%20White%20official%20product%20phone%20white%20background&w=700&h=700&c=7&rs=1&p=0","iphone-15-plus-8gb-256gb-white.jpg"
"13","Apple","iPhone 15 Plus","Blue","iPhone 15 Plus Blue official product phone white background","https://tse1.mm.bing.net/th?q=iPhone%2015%20Plus%20Blue%20official%20product%20phone%20white%20background&w=700&h=700&c=7&rs=1&p=0","iphone-15-plus-8gb-256gb-blue.jpg"
"13","Apple","iPhone 15 Plus","Pink","iPhone 15 Plus Pink official product phone white background","https://tse1.mm.bing.net/th?q=iPhone%2015%20Plus%20Pink%20official%20product%20phone%20white%20background&w=700&h=700&c=7&rs=1&p=0","iphone-15-plus-8gb-256gb-pink.jpg"
"14","Apple","iPhone 15","Black","iPhone 15 Black official product phone white background","https://tse1.mm.bing.net/th?q=iPhone%2015%20Black%20official%20product%20phone%20white%20background&w=700&h=700&c=7&rs=1&p=0","iphone-15-6gb-128gb-black.jpg"
"14","Apple","iPhone 15","White","iPhone 15 White official product phone white background","https://tse1.mm.bing.net/th?q=iPhone%2015%20White%20official%20product%20phone%20white%20background&w=700&h=700&c=7&rs=1&p=0","iphone-15-6gb-128gb-white.jpg"
"14","Apple","iPhone 15","Blue","iPhone 15 Blue official product phone white background","https://tse1.mm.bing.net/th?q=iPhone%2015%20Blue%20official%20product%20phone%20white%20background&w=700&h=700&c=7&rs=1&p=0","iphone-15-6gb-128gb-blue.jpg"
"14","Apple","iPhone 15","Pink","iPhone 15 Pink official product phone white background","https://tse1.mm.bing.net/th?q=iPhone%2015%20Pink%20official%20product%20phone%20white%20background&w=700&h=700&c=7&rs=1&p=0","iphone-15-6gb-128gb-pink.jpg"
"15","Apple","iPhone 14 Pro Max","Black","iPhone 14 Pro Max Black official product phone white background","https://tse1.mm.bing.net/th?q=iPhone%2014%20Pro%20Max%20Black%20official%20product%20phone%20white%20background&w=700&h=700&c=7&rs=1&p=0","iphone-14-pro-max-6gb-128gb-black.jpg"
"15","Apple","iPhone 14 Pro Max","White","iPhone 14 Pro Max White official product phone white background","https://tse1.mm.bing.net/th?q=iPhone%2014%20Pro%20Max%20White%20official%20product%20phone%20white%20background&w=700&h=700&c=7&rs=1&p=0","iphone-14-pro-max-6gb-128gb-white.jpg"
"15","Apple","iPhone 14 Pro Max","Blue","iPhone 14 Pro Max Blue official product phone white background","https://tse1.mm.bing.net/th?q=iPhone%2014%20Pro%20Max%20Blue%20official%20product%20phone%20white%20background&w=700&h=700&c=7&rs=1&p=0","iphone-14-pro-max-6gb-128gb-blue.jpg"
"15","Apple","iPhone 14 Pro Max","Pink","iPhone 14 Pro Max Pink official product phone white background","https://tse1.mm.bing.net/th?q=iPhone%2014%20Pro%20Max%20Pink%20official%20product%20phone%20white%20background&w=700&h=700&c=7&rs=1&p=0","iphone-14-pro-max-6gb-128gb-pink.jpg"
"16","Apple","iPhone 14 Pro","Black","iPhone 14 Pro Black official product phone white background","https://tse1.mm.bing.net/th?q=iPhone%2014%20Pro%20Black%20official%20product%20phone%20white%20background&w=700&h=700&c=7&rs=1&p=0","iphone-14-pro-6gb-128gb-black.jpg"
"16","Apple","iPhone 14 Pro","White","iPhone 14 Pro White official product phone white background","https://tse1.mm.bing.net/th?q=iPhone%2014%20Pro%20White%20official%20product%20phone%20white%20background&w=700&h=700&c=7&rs=1&p=0","iphone-14-pro-6gb-128gb-white.jpg"
"16","Apple","iPhone 14 Pro","Blue","iPhone 14 Pro Blue official product phone white background","https://tse1.mm.bing.net/th?q=iPhone%2014%20Pro%20Blue%20official%20product%20phone%20white%20background&w=700&h=700&c=7&rs=1&p=0","iphone-14-pro-6gb-128gb-blue.jpg"
"16","Apple","iPhone 14 Pro","Pink","iPhone 14 Pro Pink official product phone white background","https://tse1.mm.bing.net/th?q=iPhone%2014%20Pro%20Pink%20official%20product%20phone%20white%20background&w=700&h=700&c=7&rs=1&p=0","iphone-14-pro-6gb-128gb-pink.jpg"
"17","Apple","iPhone 14 Plus","Black","iPhone 14 Plus Black official product phone white background","https://tse1.mm.bing.net/th?q=iPhone%2014%20Plus%20Black%20official%20product%20phone%20white%20background&w=700&h=700&c=7&rs=1&p=0","iphone-14-plus-6gb-128gb-black.jpg"
"17","Apple","iPhone 14 Plus","White","iPhone 14 Plus White official product phone white background","https://tse1.mm.bing.net/th?q=iPhone%2014%20Plus%20White%20official%20product%20phone%20white%20background&w=700&h=700&c=7&rs=1&p=0","iphone-14-plus-6gb-128gb-white.jpg"
"17","Apple","iPhone 14 Plus","Blue","iPhone 14 Plus Blue official product phone white background","https://tse1.mm.bing.net/th?q=iPhone%2014%20Plus%20Blue%20official%20product%20phone%20white%20background&w=700&h=700&c=7&rs=1&p=0","iphone-14-plus-6gb-128gb-blue.jpg"
"17","Apple","iPhone 14 Plus","Pink","iPhone 14 Plus Pink official product phone white background","https://tse1.mm.bing.net/th?q=iPhone%2014%20Plus%20Pink%20official%20product%20phone%20white%20background&w=700&h=700&c=7&rs=1&p=0","iphone-14-plus-6gb-128gb-pink.jpg"
"18","Apple","iPhone 14","Black","iPhone 14 Black official product phone white background","https://tse1.mm.bing.net/th?q=iPhone%2014%20Black%20official%20product%20phone%20white%20background&w=700&h=700&c=7&rs=1&p=0","iphone-14-6gb-128gb-black.jpg"
"18","Apple","iPhone 14","White","iPhone 14 White official product phone white background","https://tse1.mm.bing.net/th?q=iPhone%2014%20White%20official%20product%20phone%20white%20background&w=700&h=700&c=7&rs=1&p=0","iphone-14-6gb-128gb-white.jpg"
"18","Apple","iPhone 14","Blue","iPhone 14 Blue official product phone white background","https://tse1.mm.bing.net/th?q=iPhone%2014%20Blue%20official%20product%20phone%20white%20background&w=700&h=700&c=7&rs=1&p=0","iphone-14-6gb-128gb-blue.jpg"
"18","Apple","iPhone 14","Pink","iPhone 14 Pink official product phone white background","https://tse1.mm.bing.net/th?q=iPhone%2014%20Pink%20official%20product%20phone%20white%20background&w=700&h=700&c=7&rs=1&p=0","iphone-14-6gb-128gb-pink.jpg"
"19","Apple","iPhone 13 Pro Max","Black","iPhone 13 Pro Max Black official product phone white background","https://tse1.mm.bing.net/th?q=iPhone%2013%20Pro%20Max%20Black%20official%20product%20phone%20white%20background&w=700&h=700&c=7&rs=1&p=0","iphone-13-pro-max-6gb-128gb-black.jpg"
"19","Apple","iPhone 13 Pro Max","White","iPhone 13 Pro Max White official product phone white background","https://tse1.mm.bing.net/th?q=iPhone%2013%20Pro%20Max%20White%20official%20product%20phone%20white%20background&w=700&h=700&c=7&rs=1&p=0","iphone-13-pro-max-6gb-128gb-white.jpg"
"19","Apple","iPhone 13 Pro Max","Blue","iPhone 13 Pro Max Blue official product phone white background","https://tse1.mm.bing.net/th?q=iPhone%2013%20Pro%20Max%20Blue%20official%20product%20phone%20white%20background&w=700&h=700&c=7&rs=1&p=0","iphone-13-pro-max-6gb-128gb-blue.jpg"
"19","Apple","iPhone 13 Pro Max","Pink","iPhone 13 Pro Max Pink official product phone white background","https://tse1.mm.bing.net/th?q=iPhone%2013%20Pro%20Max%20Pink%20official%20product%20phone%20white%20background&w=700&h=700&c=7&rs=1&p=0","iphone-13-pro-max-6gb-128gb-pink.jpg"
"20","Apple","iPhone 13 Pro","Black","iPhone 13 Pro Black official product phone white background","https://tse1.mm.bing.net/th?q=iPhone%2013%20Pro%20Black%20official%20product%20phone%20white%20background&w=700&h=700&c=7&rs=1&p=0","iphone-13-pro-6gb-128gb-black.jpg"
"20","Apple","iPhone 13 Pro","White","iPhone 13 Pro White official product phone white background","https://tse1.mm.bing.net/th?q=iPhone%2013%20Pro%20White%20official%20product%20phone%20white%20background&w=700&h=700&c=7&rs=1&p=0","iphone-13-pro-6gb-128gb-white.jpg"
"20","Apple","iPhone 13 Pro","Blue","iPhone 13 Pro Blue official product phone white background","https://tse1.mm.bing.net/th?q=iPhone%2013%20Pro%20Blue%20official%20product%20phone%20white%20background&w=700&h=700&c=7&rs=1&p=0","iphone-13-pro-6gb-128gb-blue.jpg"
"20","Apple","iPhone 13 Pro","Pink","iPhone 13 Pro Pink official product phone white background","https://tse1.mm.bing.net/th?q=iPhone%2013%20Pro%20Pink%20official%20product%20phone%20white%20background&w=700&h=700&c=7&rs=1&p=0","iphone-13-pro-6gb-128gb-pink.jpg"
"21","Apple","iPhone 13","Black","iPhone 13 Black official product phone white background","https://tse1.mm.bing.net/th?q=iPhone%2013%20Black%20official%20product%20phone%20white%20background&w=700&h=700&c=7&rs=1&p=0","iphone-13-6gb-128gb-black.jpg"
"21","Apple","iPhone 13","White","iPhone 13 White official product phone white background","https://tse1.mm.bing.net/th?q=iPhone%2013%20White%20official%20product%20phone%20white%20background&w=700&h=700&c=7&rs=1&p=0","iphone-13-6gb-128gb-white.jpg"
"21","Apple","iPhone 13","Blue","iPhone 13 Blue official product phone white background","https://tse1.mm.bing.net/th?q=iPhone%2013%20Blue%20official%20product%20phone%20white%20background&w=700&h=700&c=7&rs=1&p=0","iphone-13-6gb-128gb-blue.jpg"
"21","Apple","iPhone 13","Pink","iPhone 13 Pink official product phone white background","https://tse1.mm.bing.net/th?q=iPhone%2013%20Pink%20official%20product%20phone%20white%20background&w=700&h=700&c=7&rs=1&p=0","iphone-13-6gb-128gb-pink.jpg"
"22","Apple","iPhone 12 Pro Max","Black","iPhone 12 Pro Max Black official product phone white background","https://tse1.mm.bing.net/th?q=iPhone%2012%20Pro%20Max%20Black%20official%20product%20phone%20white%20background&w=700&h=700&c=7&rs=1&p=0","iphone-12-pro-max-6gb-128gb-black.jpg"
"22","Apple","iPhone 12 Pro Max","White","iPhone 12 Pro Max White official product phone white background","https://tse1.mm.bing.net/th?q=iPhone%2012%20Pro%20Max%20White%20official%20product%20phone%20white%20background&w=700&h=700&c=7&rs=1&p=0","iphone-12-pro-max-6gb-128gb-white.jpg"
"22","Apple","iPhone 12 Pro Max","Blue","iPhone 12 Pro Max Blue official product phone white background","https://tse1.mm.bing.net/th?q=iPhone%2012%20Pro%20Max%20Blue%20official%20product%20phone%20white%20background&w=700&h=700&c=7&rs=1&p=0","iphone-12-pro-max-6gb-128gb-blue.jpg"
"22","Apple","iPhone 12 Pro Max","Pink","iPhone 12 Pro Max Pink official product phone white background","https://tse1.mm.bing.net/th?q=iPhone%2012%20Pro%20Max%20Pink%20official%20product%20phone%20white%20background&w=700&h=700&c=7&rs=1&p=0","iphone-12-pro-max-6gb-128gb-pink.jpg"
"23","Apple","iPhone 12 Pro","Black","iPhone 12 Pro Black official product phone white background","https://tse1.mm.bing.net/th?q=iPhone%2012%20Pro%20Black%20official%20product%20phone%20white%20background&w=700&h=700&c=7&rs=1&p=0","iphone-12-pro-6gb-128gb-black.jpg"
"23","Apple","iPhone 12 Pro","White","iPhone 12 Pro White official product phone white background","https://tse1.mm.bing.net/th?q=iPhone%2012%20Pro%20White%20official%20product%20phone%20white%20background&w=700&h=700&c=7&rs=1&p=0","iphone-12-pro-6gb-128gb-white.jpg"
"23","Apple","iPhone 12 Pro","Blue","iPhone 12 Pro Blue official product phone white background","https://tse1.mm.bing.net/th?q=iPhone%2012%20Pro%20Blue%20official%20product%20phone%20white%20background&w=700&h=700&c=7&rs=1&p=0","iphone-12-pro-6gb-128gb-blue.jpg"
"23","Apple","iPhone 12 Pro","Pink","iPhone 12 Pro Pink official product phone white background","https://tse1.mm.bing.net/th?q=iPhone%2012%20Pro%20Pink%20official%20product%20phone%20white%20background&w=700&h=700&c=7&rs=1&p=0","iphone-12-pro-6gb-128gb-pink.jpg"
"24","Apple","iPhone 11 Pro Max","Black","iPhone 11 Pro Max Black official product phone white background","https://tse1.mm.bing.net/th?q=iPhone%2011%20Pro%20Max%20Black%20official%20product%20phone%20white%20background&w=700&h=700&c=7&rs=1&p=0","iphone-11-pro-max-6gb-128gb-black.jpg"
"24","Apple","iPhone 11 Pro Max","White","iPhone 11 Pro Max White official product phone white background","https://tse1.mm.bing.net/th?q=iPhone%2011%20Pro%20Max%20White%20official%20product%20phone%20white%20background&w=700&h=700&c=7&rs=1&p=0","iphone-11-pro-max-6gb-128gb-white.jpg"
"24","Apple","iPhone 11 Pro Max","Blue","iPhone 11 Pro Max Blue official product phone white background","https://tse1.mm.bing.net/th?q=iPhone%2011%20Pro%20Max%20Blue%20official%20product%20phone%20white%20background&w=700&h=700&c=7&rs=1&p=0","iphone-11-pro-max-6gb-128gb-blue.jpg"
"24","Apple","iPhone 11 Pro Max","Pink","iPhone 11 Pro Max Pink official product phone white background","https://tse1.mm.bing.net/th?q=iPhone%2011%20Pro%20Max%20Pink%20official%20product%20phone%20white%20background&w=700&h=700&c=7&rs=1&p=0","iphone-11-pro-max-6gb-128gb-pink.jpg"
"25","Apple","iPhone 11 Pro","Black","iPhone 11 Pro Black official product phone white background","https://tse1.mm.bing.net/th?q=iPhone%2011%20Pro%20Black%20official%20product%20phone%20white%20background&w=700&h=700&c=7&rs=1&p=0","iphone-11-pro-6gb-128gb-black.jpg"
"25","Apple","iPhone 11 Pro","White","iPhone 11 Pro White official product phone white background","https://tse1.mm.bing.net/th?q=iPhone%2011%20Pro%20White%20official%20product%20phone%20white%20background&w=700&h=700&c=7&rs=1&p=0","iphone-11-pro-6gb-128gb-white.jpg"
"25","Apple","iPhone 11 Pro","Blue","iPhone 11 Pro Blue official product phone white background","https://tse1.mm.bing.net/th?q=iPhone%2011%20Pro%20Blue%20official%20product%20phone%20white%20background&w=700&h=700&c=7&rs=1&p=0","iphone-11-pro-6gb-128gb-blue.jpg"
"25","Apple","iPhone 11 Pro","Pink","iPhone 11 Pro Pink official product phone white background","https://tse1.mm.bing.net/th?q=iPhone%2011%20Pro%20Pink%20official%20product%20phone%20white%20background&w=700&h=700&c=7&rs=1&p=0","iphone-11-pro-6gb-128gb-pink.jpg"
"26","Apple","iPhone SE 3","Black","iPhone SE 3 Black official product phone white background","https://tse1.mm.bing.net/th?q=iPhone%20SE%203%20Black%20official%20product%20phone%20white%20background&w=700&h=700&c=7&rs=1&p=0","iphone-se-3-6gb-128gb-black.jpg"
"26","Apple","iPhone SE 3","White","iPhone SE 3 White official product phone white background","https://tse1.mm.bing.net/th?q=iPhone%20SE%203%20White%20official%20product%20phone%20white%20background&w=700&h=700&c=7&rs=1&p=0","iphone-se-3-6gb-128gb-white.jpg"
"26","Apple","iPhone SE 3","Blue","iPhone SE 3 Blue official product phone white background","https://tse1.mm.bing.net/th?q=iPhone%20SE%203%20Blue%20official%20product%20phone%20white%20background&w=700&h=700&c=7&rs=1&p=0","iphone-se-3-6gb-128gb-blue.jpg"
"26","Apple","iPhone SE 3","Pink","iPhone SE 3 Pink official product phone white background","https://tse1.mm.bing.net/th?q=iPhone%20SE%203%20Pink%20official%20product%20phone%20white%20background&w=700&h=700&c=7&rs=1&p=0","iphone-se-3-6gb-128gb-pink.jpg"
"27","Apple","iPhone 13 mini","Black","iPhone 13 mini Black official product phone white background","https://tse1.mm.bing.net/th?q=iPhone%2013%20mini%20Black%20official%20product%20phone%20white%20background&w=700&h=700&c=7&rs=1&p=0","iphone-13-mini-4gb-64gb-black.jpg"
"27","Apple","iPhone 13 mini","White","iPhone 13 mini White official product phone white background","https://tse1.mm.bing.net/th?q=iPhone%2013%20mini%20White%20official%20product%20phone%20white%20background&w=700&h=700&c=7&rs=1&p=0","iphone-13-mini-4gb-64gb-white.jpg"
"27","Apple","iPhone 13 mini","Blue","iPhone 13 mini Blue official product phone white background","https://tse1.mm.bing.net/th?q=iPhone%2013%20mini%20Blue%20official%20product%20phone%20white%20background&w=700&h=700&c=7&rs=1&p=0","iphone-13-mini-4gb-64gb-blue.jpg"
"27","Apple","iPhone 13 mini","Pink","iPhone 13 mini Pink official product phone white background","https://tse1.mm.bing.net/th?q=iPhone%2013%20mini%20Pink%20official%20product%20phone%20white%20background&w=700&h=700&c=7&rs=1&p=0","iphone-13-mini-4gb-64gb-pink.jpg"
"28","Apple","iPhone 12 mini","Black","iPhone 12 mini Black official product phone white background","https://tse1.mm.bing.net/th?q=iPhone%2012%20mini%20Black%20official%20product%20phone%20white%20background&w=700&h=700&c=7&rs=1&p=0","iphone-12-mini-4gb-64gb-black.jpg"
"28","Apple","iPhone 12 mini","White","iPhone 12 mini White official product phone white background","https://tse1.mm.bing.net/th?q=iPhone%2012%20mini%20White%20official%20product%20phone%20white%20background&w=700&h=700&c=7&rs=1&p=0","iphone-12-mini-4gb-64gb-white.jpg"
"28","Apple","iPhone 12 mini","Blue","iPhone 12 mini Blue official product phone white background","https://tse1.mm.bing.net/th?q=iPhone%2012%20mini%20Blue%20official%20product%20phone%20white%20background&w=700&h=700&c=7&rs=1&p=0","iphone-12-mini-4gb-64gb-blue.jpg"
"28","Apple","iPhone 12 mini","Pink","iPhone 12 mini Pink official product phone white background","https://tse1.mm.bing.net/th?q=iPhone%2012%20mini%20Pink%20official%20product%20phone%20white%20background&w=700&h=700&c=7&rs=1&p=0","iphone-12-mini-4gb-64gb-pink.jpg"
"29","Apple","iPhone 11","Black","iPhone 11 Black official product phone white background","https://tse1.mm.bing.net/th?q=iPhone%2011%20Black%20official%20product%20phone%20white%20background&w=700&h=700&c=7&rs=1&p=0","iphone-11-4gb-64gb-black.jpg"
"29","Apple","iPhone 11","White","iPhone 11 White official product phone white background","https://tse1.mm.bing.net/th?q=iPhone%2011%20White%20official%20product%20phone%20white%20background&w=700&h=700&c=7&rs=1&p=0","iphone-11-4gb-64gb-white.jpg"
"29","Apple","iPhone 11","Blue","iPhone 11 Blue official product phone white background","https://tse1.mm.bing.net/th?q=iPhone%2011%20Blue%20official%20product%20phone%20white%20background&w=700&h=700&c=7&rs=1&p=0","iphone-11-4gb-64gb-blue.jpg"
"29","Apple","iPhone 11","Pink","iPhone 11 Pink official product phone white background","https://tse1.mm.bing.net/th?q=iPhone%2011%20Pink%20official%20product%20phone%20white%20background&w=700&h=700&c=7&rs=1&p=0","iphone-11-4gb-64gb-pink.jpg"
"30","Apple","iPhone XS Max","Black","iPhone XS Max Black official product phone white background","https://tse1.mm.bing.net/th?q=iPhone%20XS%20Max%20Black%20official%20product%20phone%20white%20background&w=700&h=700&c=7&rs=1&p=0","iphone-xs-max-4gb-64gb-black.jpg"
"30","Apple","iPhone XS Max","White","iPhone XS Max White official product phone white background","https://tse1.mm.bing.net/th?q=iPhone%20XS%20Max%20White%20official%20product%20phone%20white%20background&w=700&h=700&c=7&rs=1&p=0","iphone-xs-max-4gb-64gb-white.jpg"
"30","Apple","iPhone XS Max","Blue","iPhone XS Max Blue official product phone white background","https://tse1.mm.bing.net/th?q=iPhone%20XS%20Max%20Blue%20official%20product%20phone%20white%20background&w=700&h=700&c=7&rs=1&p=0","iphone-xs-max-4gb-64gb-blue.jpg"
"30","Apple","iPhone XS Max","Pink","iPhone XS Max Pink official product phone white background","https://tse1.mm.bing.net/th?q=iPhone%20XS%20Max%20Pink%20official%20product%20phone%20white%20background&w=700&h=700&c=7&rs=1&p=0","iphone-xs-max-4gb-64gb-pink.jpg"
"31","Apple","iPhone XS","Black","iPhone XS Black official product phone white background","https://tse1.mm.bing.net/th?q=iPhone%20XS%20Black%20official%20product%20phone%20white%20background&w=700&h=700&c=7&rs=1&p=0","iphone-xs-4gb-64gb-black.jpg"
"31","Apple","iPhone XS","White","iPhone XS White official product phone white background","https://tse1.mm.bing.net/th?q=iPhone%20XS%20White%20official%20product%20phone%20white%20background&w=700&h=700&c=7&rs=1&p=0","iphone-xs-4gb-64gb-white.jpg"
"31","Apple","iPhone XS","Blue","iPhone XS Blue official product phone white background","https://tse1.mm.bing.net/th?q=iPhone%20XS%20Blue%20official%20product%20phone%20white%20background&w=700&h=700&c=7&rs=1&p=0","iphone-xs-4gb-64gb-blue.jpg"
"31","Apple","iPhone XS","Pink","iPhone XS Pink official product phone white background","https://tse1.mm.bing.net/th?q=iPhone%20XS%20Pink%20official%20product%20phone%20white%20background&w=700&h=700&c=7&rs=1&p=0","iphone-xs-4gb-64gb-pink.jpg"
"32","Apple","iPhone XR","Black","iPhone XR Black official product phone white background","https://tse1.mm.bing.net/th?q=iPhone%20XR%20Black%20official%20product%20phone%20white%20background&w=700&h=700&c=7&rs=1&p=0","iphone-xr-4gb-64gb-black.jpg"
"32","Apple","iPhone XR","White","iPhone XR White official product phone white background","https://tse1.mm.bing.net/th?q=iPhone%20XR%20White%20official%20product%20phone%20white%20background&w=700&h=700&c=7&rs=1&p=0","iphone-xr-4gb-64gb-white.jpg"
"32","Apple","iPhone XR","Blue","iPhone XR Blue official product phone white background","https://tse1.mm.bing.net/th?q=iPhone%20XR%20Blue%20official%20product%20phone%20white%20background&w=700&h=700&c=7&rs=1&p=0","iphone-xr-4gb-64gb-blue.jpg"
"32","Apple","iPhone XR","Pink","iPhone XR Pink official product phone white background","https://tse1.mm.bing.net/th?q=iPhone%20XR%20Pink%20official%20product%20phone%20white%20background&w=700&h=700&c=7&rs=1&p=0","iphone-xr-4gb-64gb-pink.jpg"
"33","Apple","iPhone X","Black","iPhone X Black official product phone white background","https://tse1.mm.bing.net/th?q=iPhone%20X%20Black%20official%20product%20phone%20white%20background&w=700&h=700&c=7&rs=1&p=0","iphone-x-4gb-64gb-black.jpg"
"33","Apple","iPhone X","White","iPhone X White official product phone white background","https://tse1.mm.bing.net/th?q=iPhone%20X%20White%20official%20product%20phone%20white%20background&w=700&h=700&c=7&rs=1&p=0","iphone-x-4gb-64gb-white.jpg"
"33","Apple","iPhone X","Blue","iPhone X Blue official product phone white background","https://tse1.mm.bing.net/th?q=iPhone%20X%20Blue%20official%20product%20phone%20white%20background&w=700&h=700&c=7&rs=1&p=0","iphone-x-4gb-64gb-blue.jpg"
"33","Apple","iPhone X","Pink","iPhone X Pink official product phone white background","https://tse1.mm.bing.net/th?q=iPhone%20X%20Pink%20official%20product%20phone%20white%20background&w=700&h=700&c=7&rs=1&p=0","iphone-x-4gb-64gb-pink.jpg"
"34","Apple","iPhone SE 2","Black","iPhone SE 2 Black official product phone white background","https://tse1.mm.bing.net/th?q=iPhone%20SE%202%20Black%20official%20product%20phone%20white%20background&w=700&h=700&c=7&rs=1&p=0","iphone-se-2-4gb-64gb-black.jpg"
"34","Apple","iPhone SE 2","White","iPhone SE 2 White official product phone white background","https://tse1.mm.bing.net/th?q=iPhone%20SE%202%20White%20official%20product%20phone%20white%20background&w=700&h=700&c=7&rs=1&p=0","iphone-se-2-4gb-64gb-white.jpg"
"34","Apple","iPhone SE 2","Blue","iPhone SE 2 Blue official product phone white background","https://tse1.mm.bing.net/th?q=iPhone%20SE%202%20Blue%20official%20product%20phone%20white%20background&w=700&h=700&c=7&rs=1&p=0","iphone-se-2-4gb-64gb-blue.jpg"
"34","Apple","iPhone SE 2","Pink","iPhone SE 2 Pink official product phone white background","https://tse1.mm.bing.net/th?q=iPhone%20SE%202%20Pink%20official%20product%20phone%20white%20background&w=700&h=700&c=7&rs=1&p=0","iphone-se-2-4gb-64gb-pink.jpg"
"35","Apple","iPhone 8 Plus","Black","iPhone 8 Plus Black official product phone white background","https://tse1.mm.bing.net/th?q=iPhone%208%20Plus%20Black%20official%20product%20phone%20white%20background&w=700&h=700&c=7&rs=1&p=0","iphone-8-plus-4gb-64gb-black.jpg"
"35","Apple","iPhone 8 Plus","White","iPhone 8 Plus White official product phone white background","https://tse1.mm.bing.net/th?q=iPhone%208%20Plus%20White%20official%20product%20phone%20white%20background&w=700&h=700&c=7&rs=1&p=0","iphone-8-plus-4gb-64gb-white.jpg"
"35","Apple","iPhone 8 Plus","Blue","iPhone 8 Plus Blue official product phone white background","https://tse1.mm.bing.net/th?q=iPhone%208%20Plus%20Blue%20official%20product%20phone%20white%20background&w=700&h=700&c=7&rs=1&p=0","iphone-8-plus-4gb-64gb-blue.jpg"
"35","Apple","iPhone 8 Plus","Pink","iPhone 8 Plus Pink official product phone white background","https://tse1.mm.bing.net/th?q=iPhone%208%20Plus%20Pink%20official%20product%20phone%20white%20background&w=700&h=700&c=7&rs=1&p=0","iphone-8-plus-4gb-64gb-pink.jpg"
"36","Apple","iPhone 8","Black","iPhone 8 Black official product phone white background","https://tse1.mm.bing.net/th?q=iPhone%208%20Black%20official%20product%20phone%20white%20background&w=700&h=700&c=7&rs=1&p=0","iphone-8-4gb-64gb-black.jpg"
"36","Apple","iPhone 8","White","iPhone 8 White official product phone white background","https://tse1.mm.bing.net/th?q=iPhone%208%20White%20official%20product%20phone%20white%20background&w=700&h=700&c=7&rs=1&p=0","iphone-8-4gb-64gb-white.jpg"
"36","Apple","iPhone 8","Blue","iPhone 8 Blue official product phone white background","https://tse1.mm.bing.net/th?q=iPhone%208%20Blue%20official%20product%20phone%20white%20background&w=700&h=700&c=7&rs=1&p=0","iphone-8-4gb-64gb-blue.jpg"
"36","Apple","iPhone 8","Pink","iPhone 8 Pink official product phone white background","https://tse1.mm.bing.net/th?q=iPhone%208%20Pink%20official%20product%20phone%20white%20background&w=700&h=700&c=7&rs=1&p=0","iphone-8-4gb-64gb-pink.jpg"
"37","Apple","iPhone 7 Plus","Black","iPhone 7 Plus Black official product phone white background","https://tse1.mm.bing.net/th?q=iPhone%207%20Plus%20Black%20official%20product%20phone%20white%20background&w=700&h=700&c=7&rs=1&p=0","iphone-7-plus-4gb-64gb-black.jpg"
"37","Apple","iPhone 7 Plus","White","iPhone 7 Plus White official product phone white background","https://tse1.mm.bing.net/th?q=iPhone%207%20Plus%20White%20official%20product%20phone%20white%20background&w=700&h=700&c=7&rs=1&p=0","iphone-7-plus-4gb-64gb-white.jpg"
"37","Apple","iPhone 7 Plus","Blue","iPhone 7 Plus Blue official product phone white background","https://tse1.mm.bing.net/th?q=iPhone%207%20Plus%20Blue%20official%20product%20phone%20white%20background&w=700&h=700&c=7&rs=1&p=0","iphone-7-plus-4gb-64gb-blue.jpg"
"37","Apple","iPhone 7 Plus","Pink","iPhone 7 Plus Pink official product phone white background","https://tse1.mm.bing.net/th?q=iPhone%207%20Plus%20Pink%20official%20product%20phone%20white%20background&w=700&h=700&c=7&rs=1&p=0","iphone-7-plus-4gb-64gb-pink.jpg"
"38","Apple","iPhone 7","Black","iPhone 7 Black official product phone white background","https://tse1.mm.bing.net/th?q=iPhone%207%20Black%20official%20product%20phone%20white%20background&w=700&h=700&c=7&rs=1&p=0","iphone-7-4gb-64gb-black.jpg"
"38","Apple","iPhone 7","White","iPhone 7 White official product phone white background","https://tse1.mm.bing.net/th?q=iPhone%207%20White%20official%20product%20phone%20white%20background&w=700&h=700&c=7&rs=1&p=0","iphone-7-4gb-64gb-white.jpg"
"38","Apple","iPhone 7","Blue","iPhone 7 Blue official product phone white background","https://tse1.mm.bing.net/th?q=iPhone%207%20Blue%20official%20product%20phone%20white%20background&w=700&h=700&c=7&rs=1&p=0","iphone-7-4gb-64gb-blue.jpg"
"38","Apple","iPhone 7","Pink","iPhone 7 Pink official product phone white background","https://tse1.mm.bing.net/th?q=iPhone%207%20Pink%20official%20product%20phone%20white%20background&w=700&h=700&c=7&rs=1&p=0","iphone-7-4gb-64gb-pink.jpg"
"39","Apple","iPhone SE","Black","iPhone SE Black official product phone white background","https://tse1.mm.bing.net/th?q=iPhone%20SE%20Black%20official%20product%20phone%20white%20background&w=700&h=700&c=7&rs=1&p=0","iphone-se-2gb-32gb-black.jpg"
"39","Apple","iPhone SE","White","iPhone SE White official product phone white background","https://tse1.mm.bing.net/th?q=iPhone%20SE%20White%20official%20product%20phone%20white%20background&w=700&h=700&c=7&rs=1&p=0","iphone-se-2gb-32gb-white.jpg"
"39","Apple","iPhone SE","Blue","iPhone SE Blue official product phone white background","https://tse1.mm.bing.net/th?q=iPhone%20SE%20Blue%20official%20product%20phone%20white%20background&w=700&h=700&c=7&rs=1&p=0","iphone-se-2gb-32gb-blue.jpg"
"39","Apple","iPhone SE","Pink","iPhone SE Pink official product phone white background","https://tse1.mm.bing.net/th?q=iPhone%20SE%20Pink%20official%20product%20phone%20white%20background&w=700&h=700&c=7&rs=1&p=0","iphone-se-2gb-32gb-pink.jpg"
"40","Apple","iPhone 6s Plus","Black","iPhone 6s Plus Black official product phone white background","https://tse1.mm.bing.net/th?q=iPhone%206s%20Plus%20Black%20official%20product%20phone%20white%20background&w=700&h=700&c=7&rs=1&p=0","iphone-6s-plus-2gb-32gb-black.jpg"
"40","Apple","iPhone 6s Plus","White","iPhone 6s Plus White official product phone white background","https://tse1.mm.bing.net/th?q=iPhone%206s%20Plus%20White%20official%20product%20phone%20white%20background&w=700&h=700&c=7&rs=1&p=0","iphone-6s-plus-2gb-32gb-white.jpg"
"40","Apple","iPhone 6s Plus","Blue","iPhone 6s Plus Blue official product phone white background","https://tse1.mm.bing.net/th?q=iPhone%206s%20Plus%20Blue%20official%20product%20phone%20white%20background&w=700&h=700&c=7&rs=1&p=0","iphone-6s-plus-2gb-32gb-blue.jpg"
"40","Apple","iPhone 6s Plus","Pink","iPhone 6s Plus Pink official product phone white background","https://tse1.mm.bing.net/th?q=iPhone%206s%20Plus%20Pink%20official%20product%20phone%20white%20background&w=700&h=700&c=7&rs=1&p=0","iphone-6s-plus-2gb-32gb-pink.jpg"
"41","Apple","iPhone 6s","Black","iPhone 6s Black official product phone white background","https://tse1.mm.bing.net/th?q=iPhone%206s%20Black%20official%20product%20phone%20white%20background&w=700&h=700&c=7&rs=1&p=0","iphone-6s-2gb-32gb-black.jpg"
"41","Apple","iPhone 6s","White","iPhone 6s White official product phone white background","https://tse1.mm.bing.net/th?q=iPhone%206s%20White%20official%20product%20phone%20white%20background&w=700&h=700&c=7&rs=1&p=0","iphone-6s-2gb-32gb-white.jpg"
"41","Apple","iPhone 6s","Blue","iPhone 6s Blue official product phone white background","https://tse1.mm.bing.net/th?q=iPhone%206s%20Blue%20official%20product%20phone%20white%20background&w=700&h=700&c=7&rs=1&p=0","iphone-6s-2gb-32gb-blue.jpg"
"41","Apple","iPhone 6s","Pink","iPhone 6s Pink official product phone white background","https://tse1.mm.bing.net/th?q=iPhone%206s%20Pink%20official%20product%20phone%20white%20background&w=700&h=700&c=7&rs=1&p=0","iphone-6s-2gb-32gb-pink.jpg"
"42","Apple","iPhone 6 Plus","Black","iPhone 6 Plus Black official product phone white background","https://tse1.mm.bing.net/th?q=iPhone%206%20Plus%20Black%20official%20product%20phone%20white%20background&w=700&h=700&c=7&rs=1&p=0","iphone-6-plus-2gb-32gb-black.jpg"
"42","Apple","iPhone 6 Plus","White","iPhone 6 Plus White official product phone white background","https://tse1.mm.bing.net/th?q=iPhone%206%20Plus%20White%20official%20product%20phone%20white%20background&w=700&h=700&c=7&rs=1&p=0","iphone-6-plus-2gb-32gb-white.jpg"
"42","Apple","iPhone 6 Plus","Blue","iPhone 6 Plus Blue official product phone white background","https://tse1.mm.bing.net/th?q=iPhone%206%20Plus%20Blue%20official%20product%20phone%20white%20background&w=700&h=700&c=7&rs=1&p=0","iphone-6-plus-2gb-32gb-blue.jpg"
"42","Apple","iPhone 6 Plus","Pink","iPhone 6 Plus Pink official product phone white background","https://tse1.mm.bing.net/th?q=iPhone%206%20Plus%20Pink%20official%20product%20phone%20white%20background&w=700&h=700&c=7&rs=1&p=0","iphone-6-plus-2gb-32gb-pink.jpg"
"43","Apple","iPhone 6","Black","iPhone 6 Black official product phone white background","https://tse1.mm.bing.net/th?q=iPhone%206%20Black%20official%20product%20phone%20white%20background&w=700&h=700&c=7&rs=1&p=0","iphone-6-2gb-32gb-black.jpg"
"43","Apple","iPhone 6","White","iPhone 6 White official product phone white background","https://tse1.mm.bing.net/th?q=iPhone%206%20White%20official%20product%20phone%20white%20background&w=700&h=700&c=7&rs=1&p=0","iphone-6-2gb-32gb-white.jpg"
"43","Apple","iPhone 6","Blue","iPhone 6 Blue official product phone white background","https://tse1.mm.bing.net/th?q=iPhone%206%20Blue%20official%20product%20phone%20white%20background&w=700&h=700&c=7&rs=1&p=0","iphone-6-2gb-32gb-blue.jpg"
"43","Apple","iPhone 6","Pink","iPhone 6 Pink official product phone white background","https://tse1.mm.bing.net/th?q=iPhone%206%20Pink%20official%20product%20phone%20white%20background&w=700&h=700&c=7&rs=1&p=0","iphone-6-2gb-32gb-pink.jpg"
"44","Apple","iPhone 5s","Black","iPhone 5s Black official product phone white background","https://tse1.mm.bing.net/th?q=iPhone%205s%20Black%20official%20product%20phone%20white%20background&w=700&h=700&c=7&rs=1&p=0","iphone-5s-2gb-32gb-black.jpg"
"44","Apple","iPhone 5s","White","iPhone 5s White official product phone white background","https://tse1.mm.bing.net/th?q=iPhone%205s%20White%20official%20product%20phone%20white%20background&w=700&h=700&c=7&rs=1&p=0","iphone-5s-2gb-32gb-white.jpg"
"44","Apple","iPhone 5s","Blue","iPhone 5s Blue official product phone white background","https://tse1.mm.bing.net/th?q=iPhone%205s%20Blue%20official%20product%20phone%20white%20background&w=700&h=700&c=7&rs=1&p=0","iphone-5s-2gb-32gb-blue.jpg"
"44","Apple","iPhone 5s","Pink","iPhone 5s Pink official product phone white background","https://tse1.mm.bing.net/th?q=iPhone%205s%20Pink%20official%20product%20phone%20white%20background&w=700&h=700&c=7&rs=1&p=0","iphone-5s-2gb-32gb-pink.jpg"
"45","Apple","iPhone 5c","Black","iPhone 5c Black official product phone white background","https://tse1.mm.bing.net/th?q=iPhone%205c%20Black%20official%20product%20phone%20white%20background&w=700&h=700&c=7&rs=1&p=0","iphone-5c-2gb-32gb-black.jpg"
"45","Apple","iPhone 5c","White","iPhone 5c White official product phone white background","https://tse1.mm.bing.net/th?q=iPhone%205c%20White%20official%20product%20phone%20white%20background&w=700&h=700&c=7&rs=1&p=0","iphone-5c-2gb-32gb-white.jpg"
"45","Apple","iPhone 5c","Blue","iPhone 5c Blue official product phone white background","https://tse1.mm.bing.net/th?q=iPhone%205c%20Blue%20official%20product%20phone%20white%20background&w=700&h=700&c=7&rs=1&p=0","iphone-5c-2gb-32gb-blue.jpg"
"45","Apple","iPhone 5c","Pink","iPhone 5c Pink official product phone white background","https://tse1.mm.bing.net/th?q=iPhone%205c%20Pink%20official%20product%20phone%20white%20background&w=700&h=700&c=7&rs=1&p=0","iphone-5c-2gb-32gb-pink.jpg"
"46","Apple","iPhone 5","Black","iPhone 5 Black official product phone white background","https://tse1.mm.bing.net/th?q=iPhone%205%20Black%20official%20product%20phone%20white%20background&w=700&h=700&c=7&rs=1&p=0","iphone-5-2gb-32gb-black.jpg"
"46","Apple","iPhone 5","White","iPhone 5 White official product phone white background","https://tse1.mm.bing.net/th?q=iPhone%205%20White%20official%20product%20phone%20white%20background&w=700&h=700&c=7&rs=1&p=0","iphone-5-2gb-32gb-white.jpg"
"46","Apple","iPhone 5","Blue","iPhone 5 Blue official product phone white background","https://tse1.mm.bing.net/th?q=iPhone%205%20Blue%20official%20product%20phone%20white%20background&w=700&h=700&c=7&rs=1&p=0","iphone-5-2gb-32gb-blue.jpg"
"46","Apple","iPhone 5","Pink","iPhone 5 Pink official product phone white background","https://tse1.mm.bing.net/th?q=iPhone%205%20Pink%20official%20product%20phone%20white%20background&w=700&h=700&c=7&rs=1&p=0","iphone-5-2gb-32gb-pink.jpg"
"47","Apple","iPhone 4s","Black","iPhone 4s Black official product phone white background","https://tse1.mm.bing.net/th?q=iPhone%204s%20Black%20official%20product%20phone%20white%20background&w=700&h=700&c=7&rs=1&p=0","iphone-4s-2gb-32gb-black.jpg"
"47","Apple","iPhone 4s","White","iPhone 4s White official product phone white background","https://tse1.mm.bing.net/th?q=iPhone%204s%20White%20official%20product%20phone%20white%20background&w=700&h=700&c=7&rs=1&p=0","iphone-4s-2gb-32gb-white.jpg"
"47","Apple","iPhone 4s","Blue","iPhone 4s Blue official product phone white background","https://tse1.mm.bing.net/th?q=iPhone%204s%20Blue%20official%20product%20phone%20white%20background&w=700&h=700&c=7&rs=1&p=0","iphone-4s-2gb-32gb-blue.jpg"
"47","Apple","iPhone 4s","Pink","iPhone 4s Pink official product phone white background","https://tse1.mm.bing.net/th?q=iPhone%204s%20Pink%20official%20product%20phone%20white%20background&w=700&h=700&c=7&rs=1&p=0","iphone-4s-2gb-32gb-pink.jpg"
"48","Apple","iPhone 4","Black","iPhone 4 Black official product phone white background","https://tse1.mm.bing.net/th?q=iPhone%204%20Black%20official%20product%20phone%20white%20background&w=700&h=700&c=7&rs=1&p=0","iphone-4-2gb-32gb-black.jpg"
"48","Apple","iPhone 4","White","iPhone 4 White official product phone white background","https://tse1.mm.bing.net/th?q=iPhone%204%20White%20official%20product%20phone%20white%20background&w=700&h=700&c=7&rs=1&p=0","iphone-4-2gb-32gb-white.jpg"
"48","Apple","iPhone 4","Blue","iPhone 4 Blue official product phone white background","https://tse1.mm.bing.net/th?q=iPhone%204%20Blue%20official%20product%20phone%20white%20background&w=700&h=700&c=7&rs=1&p=0","iphone-4-2gb-32gb-blue.jpg"
"48","Apple","iPhone 4","Pink","iPhone 4 Pink official product phone white background","https://tse1.mm.bing.net/th?q=iPhone%204%20Pink%20official%20product%20phone%20white%20background&w=700&h=700&c=7&rs=1&p=0","iphone-4-2gb-32gb-pink.jpg"
"49","Apple","iPhone 3GS","Black","iPhone 3GS Black official product phone white background","https://tse1.mm.bing.net/th?q=iPhone%203GS%20Black%20official%20product%20phone%20white%20background&w=700&h=700&c=7&rs=1&p=0","iphone-3gs-2gb-32gb-black.jpg"
"49","Apple","iPhone 3GS","White","iPhone 3GS White official product phone white background","https://tse1.mm.bing.net/th?q=iPhone%203GS%20White%20official%20product%20phone%20white%20background&w=700&h=700&c=7&rs=1&p=0","iphone-3gs-2gb-32gb-white.jpg"
"49","Apple","iPhone 3GS","Blue","iPhone 3GS Blue official product phone white background","https://tse1.mm.bing.net/th?q=iPhone%203GS%20Blue%20official%20product%20phone%20white%20background&w=700&h=700&c=7&rs=1&p=0","iphone-3gs-2gb-32gb-blue.jpg"
"49","Apple","iPhone 3GS","Pink","iPhone 3GS Pink official product phone white background","https://tse1.mm.bing.net/th?q=iPhone%203GS%20Pink%20official%20product%20phone%20white%20background&w=700&h=700&c=7&rs=1&p=0","iphone-3gs-2gb-32gb-pink.jpg"
"50","Apple","iPhone 3G","Black","iPhone 3G Black official product phone white background","https://tse1.mm.bing.net/th?q=iPhone%203G%20Black%20official%20product%20phone%20white%20background&w=700&h=700&c=7&rs=1&p=0","iphone-3g-2gb-32gb-black.jpg"
"50","Apple","iPhone 3G","White","iPhone 3G White official product phone white background","https://tse1.mm.bing.net/th?q=iPhone%203G%20White%20official%20product%20phone%20white%20background&w=700&h=700&c=7&rs=1&p=0","iphone-3g-2gb-32gb-white.jpg"
"50","Apple","iPhone 3G","Blue","iPhone 3G Blue official product phone white background","https://tse1.mm.bing.net/th?q=iPhone%203G%20Blue%20official%20product%20phone%20white%20background&w=700&h=700&c=7&rs=1&p=0","iphone-3g-2gb-32gb-blue.jpg"
"50","Apple","iPhone 3G","Pink","iPhone 3G Pink official product phone white background","https://tse1.mm.bing.net/th?q=iPhone%203G%20Pink%20official%20product%20phone%20white%20background&w=700&h=700&c=7&rs=1&p=0","iphone-3g-2gb-32gb-pink.jpg"
"51","Samsung","Samsung Galaxy S26 Ultra","Black","Samsung Galaxy S26 Ultra Black official product phone white background","https://tse1.mm.bing.net/th?q=Samsung%20Galaxy%20S26%20Ultra%20Black%20official%20product%20phone%20white%20background&w=700&h=700&c=7&rs=1&p=0","samsung-galaxy-s26-ultra-12gb-256gb-black.jpg"
"51","Samsung","Samsung Galaxy S26 Ultra","Silver","Samsung Galaxy S26 Ultra Silver official product phone white background","https://tse1.mm.bing.net/th?q=Samsung%20Galaxy%20S26%20Ultra%20Silver%20official%20product%20phone%20white%20background&w=700&h=700&c=7&rs=1&p=0","samsung-galaxy-s26-ultra-12gb-256gb-silver.jpg"
"51","Samsung","Samsung Galaxy S26 Ultra","Blue","Samsung Galaxy S26 Ultra Blue official product phone white background","https://tse1.mm.bing.net/th?q=Samsung%20Galaxy%20S26%20Ultra%20Blue%20official%20product%20phone%20white%20background&w=700&h=700&c=7&rs=1&p=0","samsung-galaxy-s26-ultra-12gb-256gb-blue.jpg"
"51","Samsung","Samsung Galaxy S26 Ultra","Green","Samsung Galaxy S26 Ultra Green official product phone white background","https://tse1.mm.bing.net/th?q=Samsung%20Galaxy%20S26%20Ultra%20Green%20official%20product%20phone%20white%20background&w=700&h=700&c=7&rs=1&p=0","samsung-galaxy-s26-ultra-12gb-256gb-green.jpg"
"52","Samsung","Samsung Galaxy S26+","Black","Samsung Galaxy S26+ Black official product phone white background","https://tse1.mm.bing.net/th?q=Samsung%20Galaxy%20S26%2B%20Black%20official%20product%20phone%20white%20background&w=700&h=700&c=7&rs=1&p=0","samsung-galaxy-s26-plus-12gb-256gb-black.jpg"
"52","Samsung","Samsung Galaxy S26+","Silver","Samsung Galaxy S26+ Silver official product phone white background","https://tse1.mm.bing.net/th?q=Samsung%20Galaxy%20S26%2B%20Silver%20official%20product%20phone%20white%20background&w=700&h=700&c=7&rs=1&p=0","samsung-galaxy-s26-plus-12gb-256gb-silver.jpg"
"52","Samsung","Samsung Galaxy S26+","Blue","Samsung Galaxy S26+ Blue official product phone white background","https://tse1.mm.bing.net/th?q=Samsung%20Galaxy%20S26%2B%20Blue%20official%20product%20phone%20white%20background&w=700&h=700&c=7&rs=1&p=0","samsung-galaxy-s26-plus-12gb-256gb-blue.jpg"
"52","Samsung","Samsung Galaxy S26+","Green","Samsung Galaxy S26+ Green official product phone white background","https://tse1.mm.bing.net/th?q=Samsung%20Galaxy%20S26%2B%20Green%20official%20product%20phone%20white%20background&w=700&h=700&c=7&rs=1&p=0","samsung-galaxy-s26-plus-12gb-256gb-green.jpg"
"53","Samsung","Samsung Galaxy S26","Black","Samsung Galaxy S26 Black official product phone white background","https://tse1.mm.bing.net/th?q=Samsung%20Galaxy%20S26%20Black%20official%20product%20phone%20white%20background&w=700&h=700&c=7&rs=1&p=0","samsung-galaxy-s26-12gb-256gb-black.jpg"
"53","Samsung","Samsung Galaxy S26","Silver","Samsung Galaxy S26 Silver official product phone white background","https://tse1.mm.bing.net/th?q=Samsung%20Galaxy%20S26%20Silver%20official%20product%20phone%20white%20background&w=700&h=700&c=7&rs=1&p=0","samsung-galaxy-s26-12gb-256gb-silver.jpg"
"53","Samsung","Samsung Galaxy S26","Blue","Samsung Galaxy S26 Blue official product phone white background","https://tse1.mm.bing.net/th?q=Samsung%20Galaxy%20S26%20Blue%20official%20product%20phone%20white%20background&w=700&h=700&c=7&rs=1&p=0","samsung-galaxy-s26-12gb-256gb-blue.jpg"
"53","Samsung","Samsung Galaxy S26","Green","Samsung Galaxy S26 Green official product phone white background","https://tse1.mm.bing.net/th?q=Samsung%20Galaxy%20S26%20Green%20official%20product%20phone%20white%20background&w=700&h=700&c=7&rs=1&p=0","samsung-galaxy-s26-12gb-256gb-green.jpg"
"54","Samsung","Samsung Galaxy S25 Ultra","Black","Samsung Galaxy S25 Ultra Black official product phone white background","https://tse1.mm.bing.net/th?q=Samsung%20Galaxy%20S25%20Ultra%20Black%20official%20product%20phone%20white%20background&w=700&h=700&c=7&rs=1&p=0","samsung-galaxy-s25-ultra-12gb-256gb-black.jpg"
"54","Samsung","Samsung Galaxy S25 Ultra","Silver","Samsung Galaxy S25 Ultra Silver official product phone white background","https://tse1.mm.bing.net/th?q=Samsung%20Galaxy%20S25%20Ultra%20Silver%20official%20product%20phone%20white%20background&w=700&h=700&c=7&rs=1&p=0","samsung-galaxy-s25-ultra-12gb-256gb-silver.jpg"
"54","Samsung","Samsung Galaxy S25 Ultra","Blue","Samsung Galaxy S25 Ultra Blue official product phone white background","https://tse1.mm.bing.net/th?q=Samsung%20Galaxy%20S25%20Ultra%20Blue%20official%20product%20phone%20white%20background&w=700&h=700&c=7&rs=1&p=0","samsung-galaxy-s25-ultra-12gb-256gb-blue.jpg"
"54","Samsung","Samsung Galaxy S25 Ultra","Green","Samsung Galaxy S25 Ultra Green official product phone white background","https://tse1.mm.bing.net/th?q=Samsung%20Galaxy%20S25%20Ultra%20Green%20official%20product%20phone%20white%20background&w=700&h=700&c=7&rs=1&p=0","samsung-galaxy-s25-ultra-12gb-256gb-green.jpg"
"55","Samsung","Samsung Galaxy S25+","Black","Samsung Galaxy S25+ Black official product phone white background","https://tse1.mm.bing.net/th?q=Samsung%20Galaxy%20S25%2B%20Black%20official%20product%20phone%20white%20background&w=700&h=700&c=7&rs=1&p=0","samsung-galaxy-s25-plus-12gb-256gb-black.jpg"
"55","Samsung","Samsung Galaxy S25+","Silver","Samsung Galaxy S25+ Silver official product phone white background","https://tse1.mm.bing.net/th?q=Samsung%20Galaxy%20S25%2B%20Silver%20official%20product%20phone%20white%20background&w=700&h=700&c=7&rs=1&p=0","samsung-galaxy-s25-plus-12gb-256gb-silver.jpg"
"55","Samsung","Samsung Galaxy S25+","Blue","Samsung Galaxy S25+ Blue official product phone white background","https://tse1.mm.bing.net/th?q=Samsung%20Galaxy%20S25%2B%20Blue%20official%20product%20phone%20white%20background&w=700&h=700&c=7&rs=1&p=0","samsung-galaxy-s25-plus-12gb-256gb-blue.jpg"
"55","Samsung","Samsung Galaxy S25+","Green","Samsung Galaxy S25+ Green official product phone white background","https://tse1.mm.bing.net/th?q=Samsung%20Galaxy%20S25%2B%20Green%20official%20product%20phone%20white%20background&w=700&h=700&c=7&rs=1&p=0","samsung-galaxy-s25-plus-12gb-256gb-green.jpg"
"56","Samsung","Samsung Galaxy S25 Edge","Black","Samsung Galaxy S25 Edge Black official product phone white background","https://tse1.mm.bing.net/th?q=Samsung%20Galaxy%20S25%20Edge%20Black%20official%20product%20phone%20white%20background&w=700&h=700&c=7&rs=1&p=0","samsung-galaxy-s25-edge-12gb-256gb-black.jpg"
"56","Samsung","Samsung Galaxy S25 Edge","Silver","Samsung Galaxy S25 Edge Silver official product phone white background","https://tse1.mm.bing.net/th?q=Samsung%20Galaxy%20S25%20Edge%20Silver%20official%20product%20phone%20white%20background&w=700&h=700&c=7&rs=1&p=0","samsung-galaxy-s25-edge-12gb-256gb-silver.jpg"
"56","Samsung","Samsung Galaxy S25 Edge","Blue","Samsung Galaxy S25 Edge Blue official product phone white background","https://tse1.mm.bing.net/th?q=Samsung%20Galaxy%20S25%20Edge%20Blue%20official%20product%20phone%20white%20background&w=700&h=700&c=7&rs=1&p=0","samsung-galaxy-s25-edge-12gb-256gb-blue.jpg"
"56","Samsung","Samsung Galaxy S25 Edge","Green","Samsung Galaxy S25 Edge Green official product phone white background","https://tse1.mm.bing.net/th?q=Samsung%20Galaxy%20S25%20Edge%20Green%20official%20product%20phone%20white%20background&w=700&h=700&c=7&rs=1&p=0","samsung-galaxy-s25-edge-12gb-256gb-green.jpg"
"57","Samsung","Samsung Galaxy S25 FE","Black","Samsung Galaxy S25 FE Black official product phone white background","https://tse1.mm.bing.net/th?q=Samsung%20Galaxy%20S25%20FE%20Black%20official%20product%20phone%20white%20background&w=700&h=700&c=7&rs=1&p=0","samsung-galaxy-s25-fe-12gb-256gb-black.jpg"
"57","Samsung","Samsung Galaxy S25 FE","Silver","Samsung Galaxy S25 FE Silver official product phone white background","https://tse1.mm.bing.net/th?q=Samsung%20Galaxy%20S25%20FE%20Silver%20official%20product%20phone%20white%20background&w=700&h=700&c=7&rs=1&p=0","samsung-galaxy-s25-fe-12gb-256gb-silver.jpg"
"57","Samsung","Samsung Galaxy S25 FE","Blue","Samsung Galaxy S25 FE Blue official product phone white background","https://tse1.mm.bing.net/th?q=Samsung%20Galaxy%20S25%20FE%20Blue%20official%20product%20phone%20white%20background&w=700&h=700&c=7&rs=1&p=0","samsung-galaxy-s25-fe-12gb-256gb-blue.jpg"
"57","Samsung","Samsung Galaxy S25 FE","Green","Samsung Galaxy S25 FE Green official product phone white background","https://tse1.mm.bing.net/th?q=Samsung%20Galaxy%20S25%20FE%20Green%20official%20product%20phone%20white%20background&w=700&h=700&c=7&rs=1&p=0","samsung-galaxy-s25-fe-12gb-256gb-green.jpg"
"58","Samsung","Samsung Galaxy S25","Black","Samsung Galaxy S25 Black official product phone white background","https://tse1.mm.bing.net/th?q=Samsung%20Galaxy%20S25%20Black%20official%20product%20phone%20white%20background&w=700&h=700&c=7&rs=1&p=0","samsung-galaxy-s25-12gb-256gb-black.jpg"
"58","Samsung","Samsung Galaxy S25","Silver","Samsung Galaxy S25 Silver official product phone white background","https://tse1.mm.bing.net/th?q=Samsung%20Galaxy%20S25%20Silver%20official%20product%20phone%20white%20background&w=700&h=700&c=7&rs=1&p=0","samsung-galaxy-s25-12gb-256gb-silver.jpg"
"58","Samsung","Samsung Galaxy S25","Blue","Samsung Galaxy S25 Blue official product phone white background","https://tse1.mm.bing.net/th?q=Samsung%20Galaxy%20S25%20Blue%20official%20product%20phone%20white%20background&w=700&h=700&c=7&rs=1&p=0","samsung-galaxy-s25-12gb-256gb-blue.jpg"
"58","Samsung","Samsung Galaxy S25","Green","Samsung Galaxy S25 Green official product phone white background","https://tse1.mm.bing.net/th?q=Samsung%20Galaxy%20S25%20Green%20official%20product%20phone%20white%20background&w=700&h=700&c=7&rs=1&p=0","samsung-galaxy-s25-12gb-256gb-green.jpg"
"59","Samsung","Samsung Galaxy S24 Ultra","Black","Samsung Galaxy S24 Ultra Black official product phone white background","https://tse1.mm.bing.net/th?q=Samsung%20Galaxy%20S24%20Ultra%20Black%20official%20product%20phone%20white%20background&w=700&h=700&c=7&rs=1&p=0","samsung-galaxy-s24-ultra-12gb-256gb-black.jpg"
"59","Samsung","Samsung Galaxy S24 Ultra","Silver","Samsung Galaxy S24 Ultra Silver official product phone white background","https://tse1.mm.bing.net/th?q=Samsung%20Galaxy%20S24%20Ultra%20Silver%20official%20product%20phone%20white%20background&w=700&h=700&c=7&rs=1&p=0","samsung-galaxy-s24-ultra-12gb-256gb-silver.jpg"
"59","Samsung","Samsung Galaxy S24 Ultra","Blue","Samsung Galaxy S24 Ultra Blue official product phone white background","https://tse1.mm.bing.net/th?q=Samsung%20Galaxy%20S24%20Ultra%20Blue%20official%20product%20phone%20white%20background&w=700&h=700&c=7&rs=1&p=0","samsung-galaxy-s24-ultra-12gb-256gb-blue.jpg"
"59","Samsung","Samsung Galaxy S24 Ultra","Green","Samsung Galaxy S24 Ultra Green official product phone white background","https://tse1.mm.bing.net/th?q=Samsung%20Galaxy%20S24%20Ultra%20Green%20official%20product%20phone%20white%20background&w=700&h=700&c=7&rs=1&p=0","samsung-galaxy-s24-ultra-12gb-256gb-green.jpg"
"60","Samsung","Samsung Galaxy S24+","Black","Samsung Galaxy S24+ Black official product phone white background","https://tse1.mm.bing.net/th?q=Samsung%20Galaxy%20S24%2B%20Black%20official%20product%20phone%20white%20background&w=700&h=700&c=7&rs=1&p=0","samsung-galaxy-s24-plus-12gb-256gb-black.jpg"
"60","Samsung","Samsung Galaxy S24+","Silver","Samsung Galaxy S24+ Silver official product phone white background","https://tse1.mm.bing.net/th?q=Samsung%20Galaxy%20S24%2B%20Silver%20official%20product%20phone%20white%20background&w=700&h=700&c=7&rs=1&p=0","samsung-galaxy-s24-plus-12gb-256gb-silver.jpg"
"60","Samsung","Samsung Galaxy S24+","Blue","Samsung Galaxy S24+ Blue official product phone white background","https://tse1.mm.bing.net/th?q=Samsung%20Galaxy%20S24%2B%20Blue%20official%20product%20phone%20white%20background&w=700&h=700&c=7&rs=1&p=0","samsung-galaxy-s24-plus-12gb-256gb-blue.jpg"
"60","Samsung","Samsung Galaxy S24+","Green","Samsung Galaxy S24+ Green official product phone white background","https://tse1.mm.bing.net/th?q=Samsung%20Galaxy%20S24%2B%20Green%20official%20product%20phone%20white%20background&w=700&h=700&c=7&rs=1&p=0","samsung-galaxy-s24-plus-12gb-256gb-green.jpg"
"61","Samsung","Samsung Galaxy S24 FE","Black","Samsung Galaxy S24 FE Black official product phone white background","https://tse1.mm.bing.net/th?q=Samsung%20Galaxy%20S24%20FE%20Black%20official%20product%20phone%20white%20background&w=700&h=700&c=7&rs=1&p=0","samsung-galaxy-s24-fe-12gb-256gb-black.jpg"
"61","Samsung","Samsung Galaxy S24 FE","Silver","Samsung Galaxy S24 FE Silver official product phone white background","https://tse1.mm.bing.net/th?q=Samsung%20Galaxy%20S24%20FE%20Silver%20official%20product%20phone%20white%20background&w=700&h=700&c=7&rs=1&p=0","samsung-galaxy-s24-fe-12gb-256gb-silver.jpg"
"61","Samsung","Samsung Galaxy S24 FE","Blue","Samsung Galaxy S24 FE Blue official product phone white background","https://tse1.mm.bing.net/th?q=Samsung%20Galaxy%20S24%20FE%20Blue%20official%20product%20phone%20white%20background&w=700&h=700&c=7&rs=1&p=0","samsung-galaxy-s24-fe-12gb-256gb-blue.jpg"
"61","Samsung","Samsung Galaxy S24 FE","Green","Samsung Galaxy S24 FE Green official product phone white background","https://tse1.mm.bing.net/th?q=Samsung%20Galaxy%20S24%20FE%20Green%20official%20product%20phone%20white%20background&w=700&h=700&c=7&rs=1&p=0","samsung-galaxy-s24-fe-12gb-256gb-green.jpg"
"62","Samsung","Samsung Galaxy S24","Black","Samsung Galaxy S24 Black official product phone white background","https://tse1.mm.bing.net/th?q=Samsung%20Galaxy%20S24%20Black%20official%20product%20phone%20white%20background&w=700&h=700&c=7&rs=1&p=0","samsung-galaxy-s24-12gb-256gb-black.jpg"
"62","Samsung","Samsung Galaxy S24","Silver","Samsung Galaxy S24 Silver official product phone white background","https://tse1.mm.bing.net/th?q=Samsung%20Galaxy%20S24%20Silver%20official%20product%20phone%20white%20background&w=700&h=700&c=7&rs=1&p=0","samsung-galaxy-s24-12gb-256gb-silver.jpg"
"62","Samsung","Samsung Galaxy S24","Blue","Samsung Galaxy S24 Blue official product phone white background","https://tse1.mm.bing.net/th?q=Samsung%20Galaxy%20S24%20Blue%20official%20product%20phone%20white%20background&w=700&h=700&c=7&rs=1&p=0","samsung-galaxy-s24-12gb-256gb-blue.jpg"
"62","Samsung","Samsung Galaxy S24","Green","Samsung Galaxy S24 Green official product phone white background","https://tse1.mm.bing.net/th?q=Samsung%20Galaxy%20S24%20Green%20official%20product%20phone%20white%20background&w=700&h=700&c=7&rs=1&p=0","samsung-galaxy-s24-12gb-256gb-green.jpg"
"63","Samsung","Samsung Galaxy Z Fold7","Black","Samsung Galaxy Z Fold7 Black official product phone white background","https://tse1.mm.bing.net/th?q=Samsung%20Galaxy%20Z%20Fold7%20Black%20official%20product%20phone%20white%20background&w=700&h=700&c=7&rs=1&p=0","samsung-galaxy-z-fold7-12gb-256gb-black.jpg"
"63","Samsung","Samsung Galaxy Z Fold7","Silver","Samsung Galaxy Z Fold7 Silver official product phone white background","https://tse1.mm.bing.net/th?q=Samsung%20Galaxy%20Z%20Fold7%20Silver%20official%20product%20phone%20white%20background&w=700&h=700&c=7&rs=1&p=0","samsung-galaxy-z-fold7-12gb-256gb-silver.jpg"
"63","Samsung","Samsung Galaxy Z Fold7","Blue","Samsung Galaxy Z Fold7 Blue official product phone white background","https://tse1.mm.bing.net/th?q=Samsung%20Galaxy%20Z%20Fold7%20Blue%20official%20product%20phone%20white%20background&w=700&h=700&c=7&rs=1&p=0","samsung-galaxy-z-fold7-12gb-256gb-blue.jpg"
"63","Samsung","Samsung Galaxy Z Fold7","Green","Samsung Galaxy Z Fold7 Green official product phone white background","https://tse1.mm.bing.net/th?q=Samsung%20Galaxy%20Z%20Fold7%20Green%20official%20product%20phone%20white%20background&w=700&h=700&c=7&rs=1&p=0","samsung-galaxy-z-fold7-12gb-256gb-green.jpg"
"64","Samsung","Samsung Galaxy Z Flip7","Black","Samsung Galaxy Z Flip7 Black official product phone white background","https://tse1.mm.bing.net/th?q=Samsung%20Galaxy%20Z%20Flip7%20Black%20official%20product%20phone%20white%20background&w=700&h=700&c=7&rs=1&p=0","samsung-galaxy-z-flip7-8gb-128gb-black.jpg"
"64","Samsung","Samsung Galaxy Z Flip7","Silver","Samsung Galaxy Z Flip7 Silver official product phone white background","https://tse1.mm.bing.net/th?q=Samsung%20Galaxy%20Z%20Flip7%20Silver%20official%20product%20phone%20white%20background&w=700&h=700&c=7&rs=1&p=0","samsung-galaxy-z-flip7-8gb-128gb-silver.jpg"
"64","Samsung","Samsung Galaxy Z Flip7","Blue","Samsung Galaxy Z Flip7 Blue official product phone white background","https://tse1.mm.bing.net/th?q=Samsung%20Galaxy%20Z%20Flip7%20Blue%20official%20product%20phone%20white%20background&w=700&h=700&c=7&rs=1&p=0","samsung-galaxy-z-flip7-8gb-128gb-blue.jpg"
"64","Samsung","Samsung Galaxy Z Flip7","Green","Samsung Galaxy Z Flip7 Green official product phone white background","https://tse1.mm.bing.net/th?q=Samsung%20Galaxy%20Z%20Flip7%20Green%20official%20product%20phone%20white%20background&w=700&h=700&c=7&rs=1&p=0","samsung-galaxy-z-flip7-8gb-128gb-green.jpg"
"65","Samsung","Samsung Galaxy Z Fold6","Black","Samsung Galaxy Z Fold6 Black official product phone white background","https://tse1.mm.bing.net/th?q=Samsung%20Galaxy%20Z%20Fold6%20Black%20official%20product%20phone%20white%20background&w=700&h=700&c=7&rs=1&p=0","samsung-galaxy-z-fold6-8gb-128gb-black.jpg"
"65","Samsung","Samsung Galaxy Z Fold6","Silver","Samsung Galaxy Z Fold6 Silver official product phone white background","https://tse1.mm.bing.net/th?q=Samsung%20Galaxy%20Z%20Fold6%20Silver%20official%20product%20phone%20white%20background&w=700&h=700&c=7&rs=1&p=0","samsung-galaxy-z-fold6-8gb-128gb-silver.jpg"
"65","Samsung","Samsung Galaxy Z Fold6","Blue","Samsung Galaxy Z Fold6 Blue official product phone white background","https://tse1.mm.bing.net/th?q=Samsung%20Galaxy%20Z%20Fold6%20Blue%20official%20product%20phone%20white%20background&w=700&h=700&c=7&rs=1&p=0","samsung-galaxy-z-fold6-8gb-128gb-blue.jpg"
"65","Samsung","Samsung Galaxy Z Fold6","Green","Samsung Galaxy Z Fold6 Green official product phone white background","https://tse1.mm.bing.net/th?q=Samsung%20Galaxy%20Z%20Fold6%20Green%20official%20product%20phone%20white%20background&w=700&h=700&c=7&rs=1&p=0","samsung-galaxy-z-fold6-8gb-128gb-green.jpg"
"66","Samsung","Samsung Galaxy Z Flip6","Black","Samsung Galaxy Z Flip6 Black official product phone white background","https://tse1.mm.bing.net/th?q=Samsung%20Galaxy%20Z%20Flip6%20Black%20official%20product%20phone%20white%20background&w=700&h=700&c=7&rs=1&p=0","samsung-galaxy-z-flip6-8gb-128gb-black.jpg"
"66","Samsung","Samsung Galaxy Z Flip6","Silver","Samsung Galaxy Z Flip6 Silver official product phone white background","https://tse1.mm.bing.net/th?q=Samsung%20Galaxy%20Z%20Flip6%20Silver%20official%20product%20phone%20white%20background&w=700&h=700&c=7&rs=1&p=0","samsung-galaxy-z-flip6-8gb-128gb-silver.jpg"
"66","Samsung","Samsung Galaxy Z Flip6","Blue","Samsung Galaxy Z Flip6 Blue official product phone white background","https://tse1.mm.bing.net/th?q=Samsung%20Galaxy%20Z%20Flip6%20Blue%20official%20product%20phone%20white%20background&w=700&h=700&c=7&rs=1&p=0","samsung-galaxy-z-flip6-8gb-128gb-blue.jpg"
"66","Samsung","Samsung Galaxy Z Flip6","Green","Samsung Galaxy Z Flip6 Green official product phone white background","https://tse1.mm.bing.net/th?q=Samsung%20Galaxy%20Z%20Flip6%20Green%20official%20product%20phone%20white%20background&w=700&h=700&c=7&rs=1&p=0","samsung-galaxy-z-flip6-8gb-128gb-green.jpg"
"67","Samsung","Samsung Galaxy S23 Ultra","Black","Samsung Galaxy S23 Ultra Black official product phone white background","https://tse1.mm.bing.net/th?q=Samsung%20Galaxy%20S23%20Ultra%20Black%20official%20product%20phone%20white%20background&w=700&h=700&c=7&rs=1&p=0","samsung-galaxy-s23-ultra-8gb-128gb-black.jpg"
"67","Samsung","Samsung Galaxy S23 Ultra","Silver","Samsung Galaxy S23 Ultra Silver official product phone white background","https://tse1.mm.bing.net/th?q=Samsung%20Galaxy%20S23%20Ultra%20Silver%20official%20product%20phone%20white%20background&w=700&h=700&c=7&rs=1&p=0","samsung-galaxy-s23-ultra-8gb-128gb-silver.jpg"
"67","Samsung","Samsung Galaxy S23 Ultra","Blue","Samsung Galaxy S23 Ultra Blue official product phone white background","https://tse1.mm.bing.net/th?q=Samsung%20Galaxy%20S23%20Ultra%20Blue%20official%20product%20phone%20white%20background&w=700&h=700&c=7&rs=1&p=0","samsung-galaxy-s23-ultra-8gb-128gb-blue.jpg"
"67","Samsung","Samsung Galaxy S23 Ultra","Green","Samsung Galaxy S23 Ultra Green official product phone white background","https://tse1.mm.bing.net/th?q=Samsung%20Galaxy%20S23%20Ultra%20Green%20official%20product%20phone%20white%20background&w=700&h=700&c=7&rs=1&p=0","samsung-galaxy-s23-ultra-8gb-128gb-green.jpg"
"68","Samsung","Samsung Galaxy S23+","Black","Samsung Galaxy S23+ Black official product phone white background","https://tse1.mm.bing.net/th?q=Samsung%20Galaxy%20S23%2B%20Black%20official%20product%20phone%20white%20background&w=700&h=700&c=7&rs=1&p=0","samsung-galaxy-s23-plus-8gb-128gb-black.jpg"
"68","Samsung","Samsung Galaxy S23+","Silver","Samsung Galaxy S23+ Silver official product phone white background","https://tse1.mm.bing.net/th?q=Samsung%20Galaxy%20S23%2B%20Silver%20official%20product%20phone%20white%20background&w=700&h=700&c=7&rs=1&p=0","samsung-galaxy-s23-plus-8gb-128gb-silver.jpg"
"68","Samsung","Samsung Galaxy S23+","Blue","Samsung Galaxy S23+ Blue official product phone white background","https://tse1.mm.bing.net/th?q=Samsung%20Galaxy%20S23%2B%20Blue%20official%20product%20phone%20white%20background&w=700&h=700&c=7&rs=1&p=0","samsung-galaxy-s23-plus-8gb-128gb-blue.jpg"
"68","Samsung","Samsung Galaxy S23+","Green","Samsung Galaxy S23+ Green official product phone white background","https://tse1.mm.bing.net/th?q=Samsung%20Galaxy%20S23%2B%20Green%20official%20product%20phone%20white%20background&w=700&h=700&c=7&rs=1&p=0","samsung-galaxy-s23-plus-8gb-128gb-green.jpg"
"69","Samsung","Samsung Galaxy S23 FE","Black","Samsung Galaxy S23 FE Black official product phone white background","https://tse1.mm.bing.net/th?q=Samsung%20Galaxy%20S23%20FE%20Black%20official%20product%20phone%20white%20background&w=700&h=700&c=7&rs=1&p=0","samsung-galaxy-s23-fe-8gb-128gb-black.jpg"
"69","Samsung","Samsung Galaxy S23 FE","Silver","Samsung Galaxy S23 FE Silver official product phone white background","https://tse1.mm.bing.net/th?q=Samsung%20Galaxy%20S23%20FE%20Silver%20official%20product%20phone%20white%20background&w=700&h=700&c=7&rs=1&p=0","samsung-galaxy-s23-fe-8gb-128gb-silver.jpg"
"69","Samsung","Samsung Galaxy S23 FE","Blue","Samsung Galaxy S23 FE Blue official product phone white background","https://tse1.mm.bing.net/th?q=Samsung%20Galaxy%20S23%20FE%20Blue%20official%20product%20phone%20white%20background&w=700&h=700&c=7&rs=1&p=0","samsung-galaxy-s23-fe-8gb-128gb-blue.jpg"
"69","Samsung","Samsung Galaxy S23 FE","Green","Samsung Galaxy S23 FE Green official product phone white background","https://tse1.mm.bing.net/th?q=Samsung%20Galaxy%20S23%20FE%20Green%20official%20product%20phone%20white%20background&w=700&h=700&c=7&rs=1&p=0","samsung-galaxy-s23-fe-8gb-128gb-green.jpg"
"70","Samsung","Samsung Galaxy S23","Black","Samsung Galaxy S23 Black official product phone white background","https://tse1.mm.bing.net/th?q=Samsung%20Galaxy%20S23%20Black%20official%20product%20phone%20white%20background&w=700&h=700&c=7&rs=1&p=0","samsung-galaxy-s23-8gb-128gb-black.jpg"
"70","Samsung","Samsung Galaxy S23","Silver","Samsung Galaxy S23 Silver official product phone white background","https://tse1.mm.bing.net/th?q=Samsung%20Galaxy%20S23%20Silver%20official%20product%20phone%20white%20background&w=700&h=700&c=7&rs=1&p=0","samsung-galaxy-s23-8gb-128gb-silver.jpg"
"70","Samsung","Samsung Galaxy S23","Blue","Samsung Galaxy S23 Blue official product phone white background","https://tse1.mm.bing.net/th?q=Samsung%20Galaxy%20S23%20Blue%20official%20product%20phone%20white%20background&w=700&h=700&c=7&rs=1&p=0","samsung-galaxy-s23-8gb-128gb-blue.jpg"
"70","Samsung","Samsung Galaxy S23","Green","Samsung Galaxy S23 Green official product phone white background","https://tse1.mm.bing.net/th?q=Samsung%20Galaxy%20S23%20Green%20official%20product%20phone%20white%20background&w=700&h=700&c=7&rs=1&p=0","samsung-galaxy-s23-8gb-128gb-green.jpg"
"71","Samsung","Samsung Galaxy S22 Ultra","Black","Samsung Galaxy S22 Ultra Black official product phone white background","https://tse1.mm.bing.net/th?q=Samsung%20Galaxy%20S22%20Ultra%20Black%20official%20product%20phone%20white%20background&w=700&h=700&c=7&rs=1&p=0","samsung-galaxy-s22-ultra-8gb-128gb-black.jpg"
"71","Samsung","Samsung Galaxy S22 Ultra","Silver","Samsung Galaxy S22 Ultra Silver official product phone white background","https://tse1.mm.bing.net/th?q=Samsung%20Galaxy%20S22%20Ultra%20Silver%20official%20product%20phone%20white%20background&w=700&h=700&c=7&rs=1&p=0","samsung-galaxy-s22-ultra-8gb-128gb-silver.jpg"
"71","Samsung","Samsung Galaxy S22 Ultra","Blue","Samsung Galaxy S22 Ultra Blue official product phone white background","https://tse1.mm.bing.net/th?q=Samsung%20Galaxy%20S22%20Ultra%20Blue%20official%20product%20phone%20white%20background&w=700&h=700&c=7&rs=1&p=0","samsung-galaxy-s22-ultra-8gb-128gb-blue.jpg"
"71","Samsung","Samsung Galaxy S22 Ultra","Green","Samsung Galaxy S22 Ultra Green official product phone white background","https://tse1.mm.bing.net/th?q=Samsung%20Galaxy%20S22%20Ultra%20Green%20official%20product%20phone%20white%20background&w=700&h=700&c=7&rs=1&p=0","samsung-galaxy-s22-ultra-8gb-128gb-green.jpg"
"72","Samsung","Samsung Galaxy S22+","Black","Samsung Galaxy S22+ Black official product phone white background","https://tse1.mm.bing.net/th?q=Samsung%20Galaxy%20S22%2B%20Black%20official%20product%20phone%20white%20background&w=700&h=700&c=7&rs=1&p=0","samsung-galaxy-s22-plus-8gb-128gb-black.jpg"
"72","Samsung","Samsung Galaxy S22+","Silver","Samsung Galaxy S22+ Silver official product phone white background","https://tse1.mm.bing.net/th?q=Samsung%20Galaxy%20S22%2B%20Silver%20official%20product%20phone%20white%20background&w=700&h=700&c=7&rs=1&p=0","samsung-galaxy-s22-plus-8gb-128gb-silver.jpg"
"72","Samsung","Samsung Galaxy S22+","Blue","Samsung Galaxy S22+ Blue official product phone white background","https://tse1.mm.bing.net/th?q=Samsung%20Galaxy%20S22%2B%20Blue%20official%20product%20phone%20white%20background&w=700&h=700&c=7&rs=1&p=0","samsung-galaxy-s22-plus-8gb-128gb-blue.jpg"
"72","Samsung","Samsung Galaxy S22+","Green","Samsung Galaxy S22+ Green official product phone white background","https://tse1.mm.bing.net/th?q=Samsung%20Galaxy%20S22%2B%20Green%20official%20product%20phone%20white%20background&w=700&h=700&c=7&rs=1&p=0","samsung-galaxy-s22-plus-8gb-128gb-green.jpg"
"73","Samsung","Samsung Galaxy S22","Black","Samsung Galaxy S22 Black official product phone white background","https://tse1.mm.bing.net/th?q=Samsung%20Galaxy%20S22%20Black%20official%20product%20phone%20white%20background&w=700&h=700&c=7&rs=1&p=0","samsung-galaxy-s22-8gb-128gb-black.jpg"
"73","Samsung","Samsung Galaxy S22","Silver","Samsung Galaxy S22 Silver official product phone white background","https://tse1.mm.bing.net/th?q=Samsung%20Galaxy%20S22%20Silver%20official%20product%20phone%20white%20background&w=700&h=700&c=7&rs=1&p=0","samsung-galaxy-s22-8gb-128gb-silver.jpg"
"73","Samsung","Samsung Galaxy S22","Blue","Samsung Galaxy S22 Blue official product phone white background","https://tse1.mm.bing.net/th?q=Samsung%20Galaxy%20S22%20Blue%20official%20product%20phone%20white%20background&w=700&h=700&c=7&rs=1&p=0","samsung-galaxy-s22-8gb-128gb-blue.jpg"
"73","Samsung","Samsung Galaxy S22","Green","Samsung Galaxy S22 Green official product phone white background","https://tse1.mm.bing.net/th?q=Samsung%20Galaxy%20S22%20Green%20official%20product%20phone%20white%20background&w=700&h=700&c=7&rs=1&p=0","samsung-galaxy-s22-8gb-128gb-green.jpg"
"74","Samsung","Samsung Galaxy S21 Ultra","Black","Samsung Galaxy S21 Ultra Black official product phone white background","https://tse1.mm.bing.net/th?q=Samsung%20Galaxy%20S21%20Ultra%20Black%20official%20product%20phone%20white%20background&w=700&h=700&c=7&rs=1&p=0","samsung-galaxy-s21-ultra-8gb-128gb-black.jpg"
"74","Samsung","Samsung Galaxy S21 Ultra","Silver","Samsung Galaxy S21 Ultra Silver official product phone white background","https://tse1.mm.bing.net/th?q=Samsung%20Galaxy%20S21%20Ultra%20Silver%20official%20product%20phone%20white%20background&w=700&h=700&c=7&rs=1&p=0","samsung-galaxy-s21-ultra-8gb-128gb-silver.jpg"
"74","Samsung","Samsung Galaxy S21 Ultra","Blue","Samsung Galaxy S21 Ultra Blue official product phone white background","https://tse1.mm.bing.net/th?q=Samsung%20Galaxy%20S21%20Ultra%20Blue%20official%20product%20phone%20white%20background&w=700&h=700&c=7&rs=1&p=0","samsung-galaxy-s21-ultra-8gb-128gb-blue.jpg"
"74","Samsung","Samsung Galaxy S21 Ultra","Green","Samsung Galaxy S21 Ultra Green official product phone white background","https://tse1.mm.bing.net/th?q=Samsung%20Galaxy%20S21%20Ultra%20Green%20official%20product%20phone%20white%20background&w=700&h=700&c=7&rs=1&p=0","samsung-galaxy-s21-ultra-8gb-128gb-green.jpg"
"75","Samsung","Samsung Galaxy S21+","Black","Samsung Galaxy S21+ Black official product phone white background","https://tse1.mm.bing.net/th?q=Samsung%20Galaxy%20S21%2B%20Black%20official%20product%20phone%20white%20background&w=700&h=700&c=7&rs=1&p=0","samsung-galaxy-s21-plus-8gb-128gb-black.jpg"
"75","Samsung","Samsung Galaxy S21+","Silver","Samsung Galaxy S21+ Silver official product phone white background","https://tse1.mm.bing.net/th?q=Samsung%20Galaxy%20S21%2B%20Silver%20official%20product%20phone%20white%20background&w=700&h=700&c=7&rs=1&p=0","samsung-galaxy-s21-plus-8gb-128gb-silver.jpg"
"75","Samsung","Samsung Galaxy S21+","Blue","Samsung Galaxy S21+ Blue official product phone white background","https://tse1.mm.bing.net/th?q=Samsung%20Galaxy%20S21%2B%20Blue%20official%20product%20phone%20white%20background&w=700&h=700&c=7&rs=1&p=0","samsung-galaxy-s21-plus-8gb-128gb-blue.jpg"
"75","Samsung","Samsung Galaxy S21+","Green","Samsung Galaxy S21+ Green official product phone white background","https://tse1.mm.bing.net/th?q=Samsung%20Galaxy%20S21%2B%20Green%20official%20product%20phone%20white%20background&w=700&h=700&c=7&rs=1&p=0","samsung-galaxy-s21-plus-8gb-128gb-green.jpg"
"76","Samsung","Samsung Galaxy S21 FE","Black","Samsung Galaxy S21 FE Black official product phone white background","https://tse1.mm.bing.net/th?q=Samsung%20Galaxy%20S21%20FE%20Black%20official%20product%20phone%20white%20background&w=700&h=700&c=7&rs=1&p=0","samsung-galaxy-s21-fe-8gb-128gb-black.jpg"
"76","Samsung","Samsung Galaxy S21 FE","Silver","Samsung Galaxy S21 FE Silver official product phone white background","https://tse1.mm.bing.net/th?q=Samsung%20Galaxy%20S21%20FE%20Silver%20official%20product%20phone%20white%20background&w=700&h=700&c=7&rs=1&p=0","samsung-galaxy-s21-fe-8gb-128gb-silver.jpg"
"76","Samsung","Samsung Galaxy S21 FE","Blue","Samsung Galaxy S21 FE Blue official product phone white background","https://tse1.mm.bing.net/th?q=Samsung%20Galaxy%20S21%20FE%20Blue%20official%20product%20phone%20white%20background&w=700&h=700&c=7&rs=1&p=0","samsung-galaxy-s21-fe-8gb-128gb-blue.jpg"
"76","Samsung","Samsung Galaxy S21 FE","Green","Samsung Galaxy S21 FE Green official product phone white background","https://tse1.mm.bing.net/th?q=Samsung%20Galaxy%20S21%20FE%20Green%20official%20product%20phone%20white%20background&w=700&h=700&c=7&rs=1&p=0","samsung-galaxy-s21-fe-8gb-128gb-green.jpg"
"77","Samsung","Samsung Galaxy S21","Black","Samsung Galaxy S21 Black official product phone white background","https://tse1.mm.bing.net/th?q=Samsung%20Galaxy%20S21%20Black%20official%20product%20phone%20white%20background&w=700&h=700&c=7&rs=1&p=0","samsung-galaxy-s21-6gb-128gb-black.jpg"
"77","Samsung","Samsung Galaxy S21","Silver","Samsung Galaxy S21 Silver official product phone white background","https://tse1.mm.bing.net/th?q=Samsung%20Galaxy%20S21%20Silver%20official%20product%20phone%20white%20background&w=700&h=700&c=7&rs=1&p=0","samsung-galaxy-s21-6gb-128gb-silver.jpg"
"77","Samsung","Samsung Galaxy S21","Blue","Samsung Galaxy S21 Blue official product phone white background","https://tse1.mm.bing.net/th?q=Samsung%20Galaxy%20S21%20Blue%20official%20product%20phone%20white%20background&w=700&h=700&c=7&rs=1&p=0","samsung-galaxy-s21-6gb-128gb-blue.jpg"
"77","Samsung","Samsung Galaxy S21","Green","Samsung Galaxy S21 Green official product phone white background","https://tse1.mm.bing.net/th?q=Samsung%20Galaxy%20S21%20Green%20official%20product%20phone%20white%20background&w=700&h=700&c=7&rs=1&p=0","samsung-galaxy-s21-6gb-128gb-green.jpg"
"78","Samsung","Samsung Galaxy S20 Ultra","Black","Samsung Galaxy S20 Ultra Black official product phone white background","https://tse1.mm.bing.net/th?q=Samsung%20Galaxy%20S20%20Ultra%20Black%20official%20product%20phone%20white%20background&w=700&h=700&c=7&rs=1&p=0","samsung-galaxy-s20-ultra-6gb-128gb-black.jpg"
"78","Samsung","Samsung Galaxy S20 Ultra","Silver","Samsung Galaxy S20 Ultra Silver official product phone white background","https://tse1.mm.bing.net/th?q=Samsung%20Galaxy%20S20%20Ultra%20Silver%20official%20product%20phone%20white%20background&w=700&h=700&c=7&rs=1&p=0","samsung-galaxy-s20-ultra-6gb-128gb-silver.jpg"
"78","Samsung","Samsung Galaxy S20 Ultra","Blue","Samsung Galaxy S20 Ultra Blue official product phone white background","https://tse1.mm.bing.net/th?q=Samsung%20Galaxy%20S20%20Ultra%20Blue%20official%20product%20phone%20white%20background&w=700&h=700&c=7&rs=1&p=0","samsung-galaxy-s20-ultra-6gb-128gb-blue.jpg"
"78","Samsung","Samsung Galaxy S20 Ultra","Green","Samsung Galaxy S20 Ultra Green official product phone white background","https://tse1.mm.bing.net/th?q=Samsung%20Galaxy%20S20%20Ultra%20Green%20official%20product%20phone%20white%20background&w=700&h=700&c=7&rs=1&p=0","samsung-galaxy-s20-ultra-6gb-128gb-green.jpg"
"79","Samsung","Samsung Galaxy S20+","Black","Samsung Galaxy S20+ Black official product phone white background","https://tse1.mm.bing.net/th?q=Samsung%20Galaxy%20S20%2B%20Black%20official%20product%20phone%20white%20background&w=700&h=700&c=7&rs=1&p=0","samsung-galaxy-s20-plus-6gb-128gb-black.jpg"
"79","Samsung","Samsung Galaxy S20+","Silver","Samsung Galaxy S20+ Silver official product phone white background","https://tse1.mm.bing.net/th?q=Samsung%20Galaxy%20S20%2B%20Silver%20official%20product%20phone%20white%20background&w=700&h=700&c=7&rs=1&p=0","samsung-galaxy-s20-plus-6gb-128gb-silver.jpg"
"79","Samsung","Samsung Galaxy S20+","Blue","Samsung Galaxy S20+ Blue official product phone white background","https://tse1.mm.bing.net/th?q=Samsung%20Galaxy%20S20%2B%20Blue%20official%20product%20phone%20white%20background&w=700&h=700&c=7&rs=1&p=0","samsung-galaxy-s20-plus-6gb-128gb-blue.jpg"
"79","Samsung","Samsung Galaxy S20+","Green","Samsung Galaxy S20+ Green official product phone white background","https://tse1.mm.bing.net/th?q=Samsung%20Galaxy%20S20%2B%20Green%20official%20product%20phone%20white%20background&w=700&h=700&c=7&rs=1&p=0","samsung-galaxy-s20-plus-6gb-128gb-green.jpg"
"80","Samsung","Samsung Galaxy S20 FE","Black","Samsung Galaxy S20 FE Black official product phone white background","https://tse1.mm.bing.net/th?q=Samsung%20Galaxy%20S20%20FE%20Black%20official%20product%20phone%20white%20background&w=700&h=700&c=7&rs=1&p=0","samsung-galaxy-s20-fe-6gb-128gb-black.jpg"
"80","Samsung","Samsung Galaxy S20 FE","Silver","Samsung Galaxy S20 FE Silver official product phone white background","https://tse1.mm.bing.net/th?q=Samsung%20Galaxy%20S20%20FE%20Silver%20official%20product%20phone%20white%20background&w=700&h=700&c=7&rs=1&p=0","samsung-galaxy-s20-fe-6gb-128gb-silver.jpg"
"80","Samsung","Samsung Galaxy S20 FE","Blue","Samsung Galaxy S20 FE Blue official product phone white background","https://tse1.mm.bing.net/th?q=Samsung%20Galaxy%20S20%20FE%20Blue%20official%20product%20phone%20white%20background&w=700&h=700&c=7&rs=1&p=0","samsung-galaxy-s20-fe-6gb-128gb-blue.jpg"
"80","Samsung","Samsung Galaxy S20 FE","Green","Samsung Galaxy S20 FE Green official product phone white background","https://tse1.mm.bing.net/th?q=Samsung%20Galaxy%20S20%20FE%20Green%20official%20product%20phone%20white%20background&w=700&h=700&c=7&rs=1&p=0","samsung-galaxy-s20-fe-6gb-128gb-green.jpg"
"81","Samsung","Samsung Galaxy S20","Black","Samsung Galaxy S20 Black official product phone white background","https://tse1.mm.bing.net/th?q=Samsung%20Galaxy%20S20%20Black%20official%20product%20phone%20white%20background&w=700&h=700&c=7&rs=1&p=0","samsung-galaxy-s20-6gb-128gb-black.jpg"
"81","Samsung","Samsung Galaxy S20","Silver","Samsung Galaxy S20 Silver official product phone white background","https://tse1.mm.bing.net/th?q=Samsung%20Galaxy%20S20%20Silver%20official%20product%20phone%20white%20background&w=700&h=700&c=7&rs=1&p=0","samsung-galaxy-s20-6gb-128gb-silver.jpg"
"81","Samsung","Samsung Galaxy S20","Blue","Samsung Galaxy S20 Blue official product phone white background","https://tse1.mm.bing.net/th?q=Samsung%20Galaxy%20S20%20Blue%20official%20product%20phone%20white%20background&w=700&h=700&c=7&rs=1&p=0","samsung-galaxy-s20-6gb-128gb-blue.jpg"
"81","Samsung","Samsung Galaxy S20","Green","Samsung Galaxy S20 Green official product phone white background","https://tse1.mm.bing.net/th?q=Samsung%20Galaxy%20S20%20Green%20official%20product%20phone%20white%20background&w=700&h=700&c=7&rs=1&p=0","samsung-galaxy-s20-6gb-128gb-green.jpg"
"82","Samsung","Samsung Galaxy Note20 Ultra","Black","Samsung Galaxy Note20 Ultra Black official product phone white background","https://tse1.mm.bing.net/th?q=Samsung%20Galaxy%20Note20%20Ultra%20Black%20official%20product%20phone%20white%20background&w=700&h=700&c=7&rs=1&p=0","samsung-galaxy-note20-ultra-6gb-128gb-black.jpg"
"82","Samsung","Samsung Galaxy Note20 Ultra","Silver","Samsung Galaxy Note20 Ultra Silver official product phone white background","https://tse1.mm.bing.net/th?q=Samsung%20Galaxy%20Note20%20Ultra%20Silver%20official%20product%20phone%20white%20background&w=700&h=700&c=7&rs=1&p=0","samsung-galaxy-note20-ultra-6gb-128gb-silver.jpg"
"82","Samsung","Samsung Galaxy Note20 Ultra","Blue","Samsung Galaxy Note20 Ultra Blue official product phone white background","https://tse1.mm.bing.net/th?q=Samsung%20Galaxy%20Note20%20Ultra%20Blue%20official%20product%20phone%20white%20background&w=700&h=700&c=7&rs=1&p=0","samsung-galaxy-note20-ultra-6gb-128gb-blue.jpg"
"82","Samsung","Samsung Galaxy Note20 Ultra","Green","Samsung Galaxy Note20 Ultra Green official product phone white background","https://tse1.mm.bing.net/th?q=Samsung%20Galaxy%20Note20%20Ultra%20Green%20official%20product%20phone%20white%20background&w=700&h=700&c=7&rs=1&p=0","samsung-galaxy-note20-ultra-6gb-128gb-green.jpg"
"83","Samsung","Samsung Galaxy Note20","Black","Samsung Galaxy Note20 Black official product phone white background","https://tse1.mm.bing.net/th?q=Samsung%20Galaxy%20Note20%20Black%20official%20product%20phone%20white%20background&w=700&h=700&c=7&rs=1&p=0","samsung-galaxy-note20-6gb-128gb-black.jpg"
"83","Samsung","Samsung Galaxy Note20","Silver","Samsung Galaxy Note20 Silver official product phone white background","https://tse1.mm.bing.net/th?q=Samsung%20Galaxy%20Note20%20Silver%20official%20product%20phone%20white%20background&w=700&h=700&c=7&rs=1&p=0","samsung-galaxy-note20-6gb-128gb-silver.jpg"
"83","Samsung","Samsung Galaxy Note20","Blue","Samsung Galaxy Note20 Blue official product phone white background","https://tse1.mm.bing.net/th?q=Samsung%20Galaxy%20Note20%20Blue%20official%20product%20phone%20white%20background&w=700&h=700&c=7&rs=1&p=0","samsung-galaxy-note20-6gb-128gb-blue.jpg"
"83","Samsung","Samsung Galaxy Note20","Green","Samsung Galaxy Note20 Green official product phone white background","https://tse1.mm.bing.net/th?q=Samsung%20Galaxy%20Note20%20Green%20official%20product%20phone%20white%20background&w=700&h=700&c=7&rs=1&p=0","samsung-galaxy-note20-6gb-128gb-green.jpg"
"84","Samsung","Samsung Galaxy Note10+","Black","Samsung Galaxy Note10+ Black official product phone white background","https://tse1.mm.bing.net/th?q=Samsung%20Galaxy%20Note10%2B%20Black%20official%20product%20phone%20white%20background&w=700&h=700&c=7&rs=1&p=0","samsung-galaxy-note10-plus-6gb-128gb-black.jpg"
"84","Samsung","Samsung Galaxy Note10+","Silver","Samsung Galaxy Note10+ Silver official product phone white background","https://tse1.mm.bing.net/th?q=Samsung%20Galaxy%20Note10%2B%20Silver%20official%20product%20phone%20white%20background&w=700&h=700&c=7&rs=1&p=0","samsung-galaxy-note10-plus-6gb-128gb-silver.jpg"
"84","Samsung","Samsung Galaxy Note10+","Blue","Samsung Galaxy Note10+ Blue official product phone white background","https://tse1.mm.bing.net/th?q=Samsung%20Galaxy%20Note10%2B%20Blue%20official%20product%20phone%20white%20background&w=700&h=700&c=7&rs=1&p=0","samsung-galaxy-note10-plus-6gb-128gb-blue.jpg"
"84","Samsung","Samsung Galaxy Note10+","Green","Samsung Galaxy Note10+ Green official product phone white background","https://tse1.mm.bing.net/th?q=Samsung%20Galaxy%20Note10%2B%20Green%20official%20product%20phone%20white%20background&w=700&h=700&c=7&rs=1&p=0","samsung-galaxy-note10-plus-6gb-128gb-green.jpg"
"85","Samsung","Samsung Galaxy Note10","Black","Samsung Galaxy Note10 Black official product phone white background","https://tse1.mm.bing.net/th?q=Samsung%20Galaxy%20Note10%20Black%20official%20product%20phone%20white%20background&w=700&h=700&c=7&rs=1&p=0","samsung-galaxy-note10-6gb-128gb-black.jpg"
"85","Samsung","Samsung Galaxy Note10","Silver","Samsung Galaxy Note10 Silver official product phone white background","https://tse1.mm.bing.net/th?q=Samsung%20Galaxy%20Note10%20Silver%20official%20product%20phone%20white%20background&w=700&h=700&c=7&rs=1&p=0","samsung-galaxy-note10-6gb-128gb-silver.jpg"
"85","Samsung","Samsung Galaxy Note10","Blue","Samsung Galaxy Note10 Blue official product phone white background","https://tse1.mm.bing.net/th?q=Samsung%20Galaxy%20Note10%20Blue%20official%20product%20phone%20white%20background&w=700&h=700&c=7&rs=1&p=0","samsung-galaxy-note10-6gb-128gb-blue.jpg"
"85","Samsung","Samsung Galaxy Note10","Green","Samsung Galaxy Note10 Green official product phone white background","https://tse1.mm.bing.net/th?q=Samsung%20Galaxy%20Note10%20Green%20official%20product%20phone%20white%20background&w=700&h=700&c=7&rs=1&p=0","samsung-galaxy-note10-6gb-128gb-green.jpg"
"86","Samsung","Samsung Galaxy A56","Black","Samsung Galaxy A56 Black official product phone white background","https://tse1.mm.bing.net/th?q=Samsung%20Galaxy%20A56%20Black%20official%20product%20phone%20white%20background&w=700&h=700&c=7&rs=1&p=0","samsung-galaxy-a56-6gb-128gb-black.jpg"
"86","Samsung","Samsung Galaxy A56","Silver","Samsung Galaxy A56 Silver official product phone white background","https://tse1.mm.bing.net/th?q=Samsung%20Galaxy%20A56%20Silver%20official%20product%20phone%20white%20background&w=700&h=700&c=7&rs=1&p=0","samsung-galaxy-a56-6gb-128gb-silver.jpg"
"86","Samsung","Samsung Galaxy A56","Blue","Samsung Galaxy A56 Blue official product phone white background","https://tse1.mm.bing.net/th?q=Samsung%20Galaxy%20A56%20Blue%20official%20product%20phone%20white%20background&w=700&h=700&c=7&rs=1&p=0","samsung-galaxy-a56-6gb-128gb-blue.jpg"
"86","Samsung","Samsung Galaxy A56","Green","Samsung Galaxy A56 Green official product phone white background","https://tse1.mm.bing.net/th?q=Samsung%20Galaxy%20A56%20Green%20official%20product%20phone%20white%20background&w=700&h=700&c=7&rs=1&p=0","samsung-galaxy-a56-6gb-128gb-green.jpg"
"87","Samsung","Samsung Galaxy A55","Black","Samsung Galaxy A55 Black official product phone white background","https://tse1.mm.bing.net/th?q=Samsung%20Galaxy%20A55%20Black%20official%20product%20phone%20white%20background&w=700&h=700&c=7&rs=1&p=0","samsung-galaxy-a55-6gb-128gb-black.jpg"
"87","Samsung","Samsung Galaxy A55","Silver","Samsung Galaxy A55 Silver official product phone white background","https://tse1.mm.bing.net/th?q=Samsung%20Galaxy%20A55%20Silver%20official%20product%20phone%20white%20background&w=700&h=700&c=7&rs=1&p=0","samsung-galaxy-a55-6gb-128gb-silver.jpg"
"87","Samsung","Samsung Galaxy A55","Blue","Samsung Galaxy A55 Blue official product phone white background","https://tse1.mm.bing.net/th?q=Samsung%20Galaxy%20A55%20Blue%20official%20product%20phone%20white%20background&w=700&h=700&c=7&rs=1&p=0","samsung-galaxy-a55-6gb-128gb-blue.jpg"
"87","Samsung","Samsung Galaxy A55","Green","Samsung Galaxy A55 Green official product phone white background","https://tse1.mm.bing.net/th?q=Samsung%20Galaxy%20A55%20Green%20official%20product%20phone%20white%20background&w=700&h=700&c=7&rs=1&p=0","samsung-galaxy-a55-6gb-128gb-green.jpg"
"88","Samsung","Samsung Galaxy A54","Black","Samsung Galaxy A54 Black official product phone white background","https://tse1.mm.bing.net/th?q=Samsung%20Galaxy%20A54%20Black%20official%20product%20phone%20white%20background&w=700&h=700&c=7&rs=1&p=0","samsung-galaxy-a54-6gb-128gb-black.jpg"
"88","Samsung","Samsung Galaxy A54","Silver","Samsung Galaxy A54 Silver official product phone white background","https://tse1.mm.bing.net/th?q=Samsung%20Galaxy%20A54%20Silver%20official%20product%20phone%20white%20background&w=700&h=700&c=7&rs=1&p=0","samsung-galaxy-a54-6gb-128gb-silver.jpg"
"88","Samsung","Samsung Galaxy A54","Blue","Samsung Galaxy A54 Blue official product phone white background","https://tse1.mm.bing.net/th?q=Samsung%20Galaxy%20A54%20Blue%20official%20product%20phone%20white%20background&w=700&h=700&c=7&rs=1&p=0","samsung-galaxy-a54-6gb-128gb-blue.jpg"
"88","Samsung","Samsung Galaxy A54","Green","Samsung Galaxy A54 Green official product phone white background","https://tse1.mm.bing.net/th?q=Samsung%20Galaxy%20A54%20Green%20official%20product%20phone%20white%20background&w=700&h=700&c=7&rs=1&p=0","samsung-galaxy-a54-6gb-128gb-green.jpg"
"89","Samsung","Samsung Galaxy A53","Black","Samsung Galaxy A53 Black official product phone white background","https://tse1.mm.bing.net/th?q=Samsung%20Galaxy%20A53%20Black%20official%20product%20phone%20white%20background&w=700&h=700&c=7&rs=1&p=0","samsung-galaxy-a53-4gb-64gb-black.jpg"
"89","Samsung","Samsung Galaxy A53","Silver","Samsung Galaxy A53 Silver official product phone white background","https://tse1.mm.bing.net/th?q=Samsung%20Galaxy%20A53%20Silver%20official%20product%20phone%20white%20background&w=700&h=700&c=7&rs=1&p=0","samsung-galaxy-a53-4gb-64gb-silver.jpg"
"89","Samsung","Samsung Galaxy A53","Blue","Samsung Galaxy A53 Blue official product phone white background","https://tse1.mm.bing.net/th?q=Samsung%20Galaxy%20A53%20Blue%20official%20product%20phone%20white%20background&w=700&h=700&c=7&rs=1&p=0","samsung-galaxy-a53-4gb-64gb-blue.jpg"
"89","Samsung","Samsung Galaxy A53","Green","Samsung Galaxy A53 Green official product phone white background","https://tse1.mm.bing.net/th?q=Samsung%20Galaxy%20A53%20Green%20official%20product%20phone%20white%20background&w=700&h=700&c=7&rs=1&p=0","samsung-galaxy-a53-4gb-64gb-green.jpg"
"90","Samsung","Samsung Galaxy A52s 5G","Black","Samsung Galaxy A52s 5G Black official product phone white background","https://tse1.mm.bing.net/th?q=Samsung%20Galaxy%20A52s%205G%20Black%20official%20product%20phone%20white%20background&w=700&h=700&c=7&rs=1&p=0","samsung-galaxy-a52s-5g-4gb-64gb-black.jpg"
"90","Samsung","Samsung Galaxy A52s 5G","Silver","Samsung Galaxy A52s 5G Silver official product phone white background","https://tse1.mm.bing.net/th?q=Samsung%20Galaxy%20A52s%205G%20Silver%20official%20product%20phone%20white%20background&w=700&h=700&c=7&rs=1&p=0","samsung-galaxy-a52s-5g-4gb-64gb-silver.jpg"
"90","Samsung","Samsung Galaxy A52s 5G","Blue","Samsung Galaxy A52s 5G Blue official product phone white background","https://tse1.mm.bing.net/th?q=Samsung%20Galaxy%20A52s%205G%20Blue%20official%20product%20phone%20white%20background&w=700&h=700&c=7&rs=1&p=0","samsung-galaxy-a52s-5g-4gb-64gb-blue.jpg"
"90","Samsung","Samsung Galaxy A52s 5G","Green","Samsung Galaxy A52s 5G Green official product phone white background","https://tse1.mm.bing.net/th?q=Samsung%20Galaxy%20A52s%205G%20Green%20official%20product%20phone%20white%20background&w=700&h=700&c=7&rs=1&p=0","samsung-galaxy-a52s-5g-4gb-64gb-green.jpg"
"91","Samsung","Samsung Galaxy A52","Black","Samsung Galaxy A52 Black official product phone white background","https://tse1.mm.bing.net/th?q=Samsung%20Galaxy%20A52%20Black%20official%20product%20phone%20white%20background&w=700&h=700&c=7&rs=1&p=0","samsung-galaxy-a52-4gb-64gb-black.jpg"
"91","Samsung","Samsung Galaxy A52","Silver","Samsung Galaxy A52 Silver official product phone white background","https://tse1.mm.bing.net/th?q=Samsung%20Galaxy%20A52%20Silver%20official%20product%20phone%20white%20background&w=700&h=700&c=7&rs=1&p=0","samsung-galaxy-a52-4gb-64gb-silver.jpg"
"91","Samsung","Samsung Galaxy A52","Blue","Samsung Galaxy A52 Blue official product phone white background","https://tse1.mm.bing.net/th?q=Samsung%20Galaxy%20A52%20Blue%20official%20product%20phone%20white%20background&w=700&h=700&c=7&rs=1&p=0","samsung-galaxy-a52-4gb-64gb-blue.jpg"
"91","Samsung","Samsung Galaxy A52","Green","Samsung Galaxy A52 Green official product phone white background","https://tse1.mm.bing.net/th?q=Samsung%20Galaxy%20A52%20Green%20official%20product%20phone%20white%20background&w=700&h=700&c=7&rs=1&p=0","samsung-galaxy-a52-4gb-64gb-green.jpg"
"92","Samsung","Samsung Galaxy A36","Black","Samsung Galaxy A36 Black official product phone white background","https://tse1.mm.bing.net/th?q=Samsung%20Galaxy%20A36%20Black%20official%20product%20phone%20white%20background&w=700&h=700&c=7&rs=1&p=0","samsung-galaxy-a36-4gb-64gb-black.jpg"
"92","Samsung","Samsung Galaxy A36","Silver","Samsung Galaxy A36 Silver official product phone white background","https://tse1.mm.bing.net/th?q=Samsung%20Galaxy%20A36%20Silver%20official%20product%20phone%20white%20background&w=700&h=700&c=7&rs=1&p=0","samsung-galaxy-a36-4gb-64gb-silver.jpg"
"92","Samsung","Samsung Galaxy A36","Blue","Samsung Galaxy A36 Blue official product phone white background","https://tse1.mm.bing.net/th?q=Samsung%20Galaxy%20A36%20Blue%20official%20product%20phone%20white%20background&w=700&h=700&c=7&rs=1&p=0","samsung-galaxy-a36-4gb-64gb-blue.jpg"
"92","Samsung","Samsung Galaxy A36","Green","Samsung Galaxy A36 Green official product phone white background","https://tse1.mm.bing.net/th?q=Samsung%20Galaxy%20A36%20Green%20official%20product%20phone%20white%20background&w=700&h=700&c=7&rs=1&p=0","samsung-galaxy-a36-4gb-64gb-green.jpg"
"93","Samsung","Samsung Galaxy A35","Black","Samsung Galaxy A35 Black official product phone white background","https://tse1.mm.bing.net/th?q=Samsung%20Galaxy%20A35%20Black%20official%20product%20phone%20white%20background&w=700&h=700&c=7&rs=1&p=0","samsung-galaxy-a35-4gb-64gb-black.jpg"
"93","Samsung","Samsung Galaxy A35","Silver","Samsung Galaxy A35 Silver official product phone white background","https://tse1.mm.bing.net/th?q=Samsung%20Galaxy%20A35%20Silver%20official%20product%20phone%20white%20background&w=700&h=700&c=7&rs=1&p=0","samsung-galaxy-a35-4gb-64gb-silver.jpg"
"93","Samsung","Samsung Galaxy A35","Blue","Samsung Galaxy A35 Blue official product phone white background","https://tse1.mm.bing.net/th?q=Samsung%20Galaxy%20A35%20Blue%20official%20product%20phone%20white%20background&w=700&h=700&c=7&rs=1&p=0","samsung-galaxy-a35-4gb-64gb-blue.jpg"
"93","Samsung","Samsung Galaxy A35","Green","Samsung Galaxy A35 Green official product phone white background","https://tse1.mm.bing.net/th?q=Samsung%20Galaxy%20A35%20Green%20official%20product%20phone%20white%20background&w=700&h=700&c=7&rs=1&p=0","samsung-galaxy-a35-4gb-64gb-green.jpg"
"94","Samsung","Samsung Galaxy A34","Black","Samsung Galaxy A34 Black official product phone white background","https://tse1.mm.bing.net/th?q=Samsung%20Galaxy%20A34%20Black%20official%20product%20phone%20white%20background&w=700&h=700&c=7&rs=1&p=0","samsung-galaxy-a34-4gb-64gb-black.jpg"
"94","Samsung","Samsung Galaxy A34","Silver","Samsung Galaxy A34 Silver official product phone white background","https://tse1.mm.bing.net/th?q=Samsung%20Galaxy%20A34%20Silver%20official%20product%20phone%20white%20background&w=700&h=700&c=7&rs=1&p=0","samsung-galaxy-a34-4gb-64gb-silver.jpg"
"94","Samsung","Samsung Galaxy A34","Blue","Samsung Galaxy A34 Blue official product phone white background","https://tse1.mm.bing.net/th?q=Samsung%20Galaxy%20A34%20Blue%20official%20product%20phone%20white%20background&w=700&h=700&c=7&rs=1&p=0","samsung-galaxy-a34-4gb-64gb-blue.jpg"
"94","Samsung","Samsung Galaxy A34","Green","Samsung Galaxy A34 Green official product phone white background","https://tse1.mm.bing.net/th?q=Samsung%20Galaxy%20A34%20Green%20official%20product%20phone%20white%20background&w=700&h=700&c=7&rs=1&p=0","samsung-galaxy-a34-4gb-64gb-green.jpg"
"95","Samsung","Samsung Galaxy A33","Black","Samsung Galaxy A33 Black official product phone white background","https://tse1.mm.bing.net/th?q=Samsung%20Galaxy%20A33%20Black%20official%20product%20phone%20white%20background&w=700&h=700&c=7&rs=1&p=0","samsung-galaxy-a33-4gb-64gb-black.jpg"
"95","Samsung","Samsung Galaxy A33","Silver","Samsung Galaxy A33 Silver official product phone white background","https://tse1.mm.bing.net/th?q=Samsung%20Galaxy%20A33%20Silver%20official%20product%20phone%20white%20background&w=700&h=700&c=7&rs=1&p=0","samsung-galaxy-a33-4gb-64gb-silver.jpg"
"95","Samsung","Samsung Galaxy A33","Blue","Samsung Galaxy A33 Blue official product phone white background","https://tse1.mm.bing.net/th?q=Samsung%20Galaxy%20A33%20Blue%20official%20product%20phone%20white%20background&w=700&h=700&c=7&rs=1&p=0","samsung-galaxy-a33-4gb-64gb-blue.jpg"
"95","Samsung","Samsung Galaxy A33","Green","Samsung Galaxy A33 Green official product phone white background","https://tse1.mm.bing.net/th?q=Samsung%20Galaxy%20A33%20Green%20official%20product%20phone%20white%20background&w=700&h=700&c=7&rs=1&p=0","samsung-galaxy-a33-4gb-64gb-green.jpg"
"96","Samsung","Samsung Galaxy A26","Black","Samsung Galaxy A26 Black official product phone white background","https://tse1.mm.bing.net/th?q=Samsung%20Galaxy%20A26%20Black%20official%20product%20phone%20white%20background&w=700&h=700&c=7&rs=1&p=0","samsung-galaxy-a26-4gb-64gb-black.jpg"
"96","Samsung","Samsung Galaxy A26","Silver","Samsung Galaxy A26 Silver official product phone white background","https://tse1.mm.bing.net/th?q=Samsung%20Galaxy%20A26%20Silver%20official%20product%20phone%20white%20background&w=700&h=700&c=7&rs=1&p=0","samsung-galaxy-a26-4gb-64gb-silver.jpg"
"96","Samsung","Samsung Galaxy A26","Blue","Samsung Galaxy A26 Blue official product phone white background","https://tse1.mm.bing.net/th?q=Samsung%20Galaxy%20A26%20Blue%20official%20product%20phone%20white%20background&w=700&h=700&c=7&rs=1&p=0","samsung-galaxy-a26-4gb-64gb-blue.jpg"
"96","Samsung","Samsung Galaxy A26","Green","Samsung Galaxy A26 Green official product phone white background","https://tse1.mm.bing.net/th?q=Samsung%20Galaxy%20A26%20Green%20official%20product%20phone%20white%20background&w=700&h=700&c=7&rs=1&p=0","samsung-galaxy-a26-4gb-64gb-green.jpg"
"97","Samsung","Samsung Galaxy A25","Black","Samsung Galaxy A25 Black official product phone white background","https://tse1.mm.bing.net/th?q=Samsung%20Galaxy%20A25%20Black%20official%20product%20phone%20white%20background&w=700&h=700&c=7&rs=1&p=0","samsung-galaxy-a25-4gb-64gb-black.jpg"
"97","Samsung","Samsung Galaxy A25","Silver","Samsung Galaxy A25 Silver official product phone white background","https://tse1.mm.bing.net/th?q=Samsung%20Galaxy%20A25%20Silver%20official%20product%20phone%20white%20background&w=700&h=700&c=7&rs=1&p=0","samsung-galaxy-a25-4gb-64gb-silver.jpg"
"97","Samsung","Samsung Galaxy A25","Blue","Samsung Galaxy A25 Blue official product phone white background","https://tse1.mm.bing.net/th?q=Samsung%20Galaxy%20A25%20Blue%20official%20product%20phone%20white%20background&w=700&h=700&c=7&rs=1&p=0","samsung-galaxy-a25-4gb-64gb-blue.jpg"
"97","Samsung","Samsung Galaxy A25","Green","Samsung Galaxy A25 Green official product phone white background","https://tse1.mm.bing.net/th?q=Samsung%20Galaxy%20A25%20Green%20official%20product%20phone%20white%20background&w=700&h=700&c=7&rs=1&p=0","samsung-galaxy-a25-4gb-64gb-green.jpg"
"98","Samsung","Samsung Galaxy A24","Black","Samsung Galaxy A24 Black official product phone white background","https://tse1.mm.bing.net/th?q=Samsung%20Galaxy%20A24%20Black%20official%20product%20phone%20white%20background&w=700&h=700&c=7&rs=1&p=0","samsung-galaxy-a24-4gb-64gb-black.jpg"
"98","Samsung","Samsung Galaxy A24","Silver","Samsung Galaxy A24 Silver official product phone white background","https://tse1.mm.bing.net/th?q=Samsung%20Galaxy%20A24%20Silver%20official%20product%20phone%20white%20background&w=700&h=700&c=7&rs=1&p=0","samsung-galaxy-a24-4gb-64gb-silver.jpg"
"98","Samsung","Samsung Galaxy A24","Blue","Samsung Galaxy A24 Blue official product phone white background","https://tse1.mm.bing.net/th?q=Samsung%20Galaxy%20A24%20Blue%20official%20product%20phone%20white%20background&w=700&h=700&c=7&rs=1&p=0","samsung-galaxy-a24-4gb-64gb-blue.jpg"
"98","Samsung","Samsung Galaxy A24","Green","Samsung Galaxy A24 Green official product phone white background","https://tse1.mm.bing.net/th?q=Samsung%20Galaxy%20A24%20Green%20official%20product%20phone%20white%20background&w=700&h=700&c=7&rs=1&p=0","samsung-galaxy-a24-4gb-64gb-green.jpg"
"99","Samsung","Samsung Galaxy A16","Black","Samsung Galaxy A16 Black official product phone white background","https://tse1.mm.bing.net/th?q=Samsung%20Galaxy%20A16%20Black%20official%20product%20phone%20white%20background&w=700&h=700&c=7&rs=1&p=0","samsung-galaxy-a16-4gb-64gb-black.jpg"
"99","Samsung","Samsung Galaxy A16","Silver","Samsung Galaxy A16 Silver official product phone white background","https://tse1.mm.bing.net/th?q=Samsung%20Galaxy%20A16%20Silver%20official%20product%20phone%20white%20background&w=700&h=700&c=7&rs=1&p=0","samsung-galaxy-a16-4gb-64gb-silver.jpg"
"99","Samsung","Samsung Galaxy A16","Blue","Samsung Galaxy A16 Blue official product phone white background","https://tse1.mm.bing.net/th?q=Samsung%20Galaxy%20A16%20Blue%20official%20product%20phone%20white%20background&w=700&h=700&c=7&rs=1&p=0","samsung-galaxy-a16-4gb-64gb-blue.jpg"
"99","Samsung","Samsung Galaxy A16","Green","Samsung Galaxy A16 Green official product phone white background","https://tse1.mm.bing.net/th?q=Samsung%20Galaxy%20A16%20Green%20official%20product%20phone%20white%20background&w=700&h=700&c=7&rs=1&p=0","samsung-galaxy-a16-4gb-64gb-green.jpg"
"100","Samsung","Samsung Galaxy A15","Black","Samsung Galaxy A15 Black official product phone white background","https://tse1.mm.bing.net/th?q=Samsung%20Galaxy%20A15%20Black%20official%20product%20phone%20white%20background&w=700&h=700&c=7&rs=1&p=0","samsung-galaxy-a15-4gb-64gb-black.jpg"
"100","Samsung","Samsung Galaxy A15","Silver","Samsung Galaxy A15 Silver official product phone white background","https://tse1.mm.bing.net/th?q=Samsung%20Galaxy%20A15%20Silver%20official%20product%20phone%20white%20background&w=700&h=700&c=7&rs=1&p=0","samsung-galaxy-a15-4gb-64gb-silver.jpg"
"100","Samsung","Samsung Galaxy A15","Blue","Samsung Galaxy A15 Blue official product phone white background","https://tse1.mm.bing.net/th?q=Samsung%20Galaxy%20A15%20Blue%20official%20product%20phone%20white%20background&w=700&h=700&c=7&rs=1&p=0","samsung-galaxy-a15-4gb-64gb-blue.jpg"
"100","Samsung","Samsung Galaxy A15","Green","Samsung Galaxy A15 Green official product phone white background","https://tse1.mm.bing.net/th?q=Samsung%20Galaxy%20A15%20Green%20official%20product%20phone%20white%20background&w=700&h=700&c=7&rs=1&p=0","samsung-galaxy-a15-4gb-64gb-green.jpg"
"101","Xiaomi","Xiaomi 17 Ultra","Black","Xiaomi 17 Ultra Black official product phone white background","https://tse1.mm.bing.net/th?q=Xiaomi%2017%20Ultra%20Black%20official%20product%20phone%20white%20background&w=700&h=700&c=7&rs=1&p=0","xiaomi-17-ultra-12gb-256gb-black.jpg"
"101","Xiaomi","Xiaomi 17 Ultra","Silver","Xiaomi 17 Ultra Silver official product phone white background","https://tse1.mm.bing.net/th?q=Xiaomi%2017%20Ultra%20Silver%20official%20product%20phone%20white%20background&w=700&h=700&c=7&rs=1&p=0","xiaomi-17-ultra-12gb-256gb-silver.jpg"
"101","Xiaomi","Xiaomi 17 Ultra","Blue","Xiaomi 17 Ultra Blue official product phone white background","https://tse1.mm.bing.net/th?q=Xiaomi%2017%20Ultra%20Blue%20official%20product%20phone%20white%20background&w=700&h=700&c=7&rs=1&p=0","xiaomi-17-ultra-12gb-256gb-blue.jpg"
"101","Xiaomi","Xiaomi 17 Ultra","Green","Xiaomi 17 Ultra Green official product phone white background","https://tse1.mm.bing.net/th?q=Xiaomi%2017%20Ultra%20Green%20official%20product%20phone%20white%20background&w=700&h=700&c=7&rs=1&p=0","xiaomi-17-ultra-12gb-256gb-green.jpg"
"102","Xiaomi","Xiaomi 17 Pro Max","Black","Xiaomi 17 Pro Max Black official product phone white background","https://tse1.mm.bing.net/th?q=Xiaomi%2017%20Pro%20Max%20Black%20official%20product%20phone%20white%20background&w=700&h=700&c=7&rs=1&p=0","xiaomi-17-pro-max-12gb-256gb-black.jpg"
"102","Xiaomi","Xiaomi 17 Pro Max","Silver","Xiaomi 17 Pro Max Silver official product phone white background","https://tse1.mm.bing.net/th?q=Xiaomi%2017%20Pro%20Max%20Silver%20official%20product%20phone%20white%20background&w=700&h=700&c=7&rs=1&p=0","xiaomi-17-pro-max-12gb-256gb-silver.jpg"
"102","Xiaomi","Xiaomi 17 Pro Max","Blue","Xiaomi 17 Pro Max Blue official product phone white background","https://tse1.mm.bing.net/th?q=Xiaomi%2017%20Pro%20Max%20Blue%20official%20product%20phone%20white%20background&w=700&h=700&c=7&rs=1&p=0","xiaomi-17-pro-max-12gb-256gb-blue.jpg"
"102","Xiaomi","Xiaomi 17 Pro Max","Green","Xiaomi 17 Pro Max Green official product phone white background","https://tse1.mm.bing.net/th?q=Xiaomi%2017%20Pro%20Max%20Green%20official%20product%20phone%20white%20background&w=700&h=700&c=7&rs=1&p=0","xiaomi-17-pro-max-12gb-256gb-green.jpg"
"103","Xiaomi","Xiaomi 17 Pro","Black","Xiaomi 17 Pro Black official product phone white background","https://tse1.mm.bing.net/th?q=Xiaomi%2017%20Pro%20Black%20official%20product%20phone%20white%20background&w=700&h=700&c=7&rs=1&p=0","xiaomi-17-pro-12gb-256gb-black.jpg"
"103","Xiaomi","Xiaomi 17 Pro","Silver","Xiaomi 17 Pro Silver official product phone white background","https://tse1.mm.bing.net/th?q=Xiaomi%2017%20Pro%20Silver%20official%20product%20phone%20white%20background&w=700&h=700&c=7&rs=1&p=0","xiaomi-17-pro-12gb-256gb-silver.jpg"
"103","Xiaomi","Xiaomi 17 Pro","Blue","Xiaomi 17 Pro Blue official product phone white background","https://tse1.mm.bing.net/th?q=Xiaomi%2017%20Pro%20Blue%20official%20product%20phone%20white%20background&w=700&h=700&c=7&rs=1&p=0","xiaomi-17-pro-12gb-256gb-blue.jpg"
"103","Xiaomi","Xiaomi 17 Pro","Green","Xiaomi 17 Pro Green official product phone white background","https://tse1.mm.bing.net/th?q=Xiaomi%2017%20Pro%20Green%20official%20product%20phone%20white%20background&w=700&h=700&c=7&rs=1&p=0","xiaomi-17-pro-12gb-256gb-green.jpg"
"104","Xiaomi","Xiaomi 17","Black","Xiaomi 17 Black official product phone white background","https://tse1.mm.bing.net/th?q=Xiaomi%2017%20Black%20official%20product%20phone%20white%20background&w=700&h=700&c=7&rs=1&p=0","xiaomi-17-12gb-256gb-black.jpg"
"104","Xiaomi","Xiaomi 17","Silver","Xiaomi 17 Silver official product phone white background","https://tse1.mm.bing.net/th?q=Xiaomi%2017%20Silver%20official%20product%20phone%20white%20background&w=700&h=700&c=7&rs=1&p=0","xiaomi-17-12gb-256gb-silver.jpg"
"104","Xiaomi","Xiaomi 17","Blue","Xiaomi 17 Blue official product phone white background","https://tse1.mm.bing.net/th?q=Xiaomi%2017%20Blue%20official%20product%20phone%20white%20background&w=700&h=700&c=7&rs=1&p=0","xiaomi-17-12gb-256gb-blue.jpg"
"104","Xiaomi","Xiaomi 17","Green","Xiaomi 17 Green official product phone white background","https://tse1.mm.bing.net/th?q=Xiaomi%2017%20Green%20official%20product%20phone%20white%20background&w=700&h=700&c=7&rs=1&p=0","xiaomi-17-12gb-256gb-green.jpg"
"105","Xiaomi","Xiaomi 15 Ultra","Black","Xiaomi 15 Ultra Black official product phone white background","https://tse1.mm.bing.net/th?q=Xiaomi%2015%20Ultra%20Black%20official%20product%20phone%20white%20background&w=700&h=700&c=7&rs=1&p=0","xiaomi-15-ultra-12gb-256gb-black.jpg"
"105","Xiaomi","Xiaomi 15 Ultra","Silver","Xiaomi 15 Ultra Silver official product phone white background","https://tse1.mm.bing.net/th?q=Xiaomi%2015%20Ultra%20Silver%20official%20product%20phone%20white%20background&w=700&h=700&c=7&rs=1&p=0","xiaomi-15-ultra-12gb-256gb-silver.jpg"
"105","Xiaomi","Xiaomi 15 Ultra","Blue","Xiaomi 15 Ultra Blue official product phone white background","https://tse1.mm.bing.net/th?q=Xiaomi%2015%20Ultra%20Blue%20official%20product%20phone%20white%20background&w=700&h=700&c=7&rs=1&p=0","xiaomi-15-ultra-12gb-256gb-blue.jpg"
"105","Xiaomi","Xiaomi 15 Ultra","Green","Xiaomi 15 Ultra Green official product phone white background","https://tse1.mm.bing.net/th?q=Xiaomi%2015%20Ultra%20Green%20official%20product%20phone%20white%20background&w=700&h=700&c=7&rs=1&p=0","xiaomi-15-ultra-12gb-256gb-green.jpg"
"106","Xiaomi","Xiaomi 15 Pro","Black","Xiaomi 15 Pro Black official product phone white background","https://tse1.mm.bing.net/th?q=Xiaomi%2015%20Pro%20Black%20official%20product%20phone%20white%20background&w=700&h=700&c=7&rs=1&p=0","xiaomi-15-pro-12gb-256gb-black.jpg"
"106","Xiaomi","Xiaomi 15 Pro","Silver","Xiaomi 15 Pro Silver official product phone white background","https://tse1.mm.bing.net/th?q=Xiaomi%2015%20Pro%20Silver%20official%20product%20phone%20white%20background&w=700&h=700&c=7&rs=1&p=0","xiaomi-15-pro-12gb-256gb-silver.jpg"
"106","Xiaomi","Xiaomi 15 Pro","Blue","Xiaomi 15 Pro Blue official product phone white background","https://tse1.mm.bing.net/th?q=Xiaomi%2015%20Pro%20Blue%20official%20product%20phone%20white%20background&w=700&h=700&c=7&rs=1&p=0","xiaomi-15-pro-12gb-256gb-blue.jpg"
"106","Xiaomi","Xiaomi 15 Pro","Green","Xiaomi 15 Pro Green official product phone white background","https://tse1.mm.bing.net/th?q=Xiaomi%2015%20Pro%20Green%20official%20product%20phone%20white%20background&w=700&h=700&c=7&rs=1&p=0","xiaomi-15-pro-12gb-256gb-green.jpg"
"107","Xiaomi","Xiaomi 14 Ultra","Black","Xiaomi 14 Ultra Black official product phone white background","https://tse1.mm.bing.net/th?q=Xiaomi%2014%20Ultra%20Black%20official%20product%20phone%20white%20background&w=700&h=700&c=7&rs=1&p=0","xiaomi-14-ultra-12gb-256gb-black.jpg"
"107","Xiaomi","Xiaomi 14 Ultra","Silver","Xiaomi 14 Ultra Silver official product phone white background","https://tse1.mm.bing.net/th?q=Xiaomi%2014%20Ultra%20Silver%20official%20product%20phone%20white%20background&w=700&h=700&c=7&rs=1&p=0","xiaomi-14-ultra-12gb-256gb-silver.jpg"
"107","Xiaomi","Xiaomi 14 Ultra","Blue","Xiaomi 14 Ultra Blue official product phone white background","https://tse1.mm.bing.net/th?q=Xiaomi%2014%20Ultra%20Blue%20official%20product%20phone%20white%20background&w=700&h=700&c=7&rs=1&p=0","xiaomi-14-ultra-12gb-256gb-blue.jpg"
"107","Xiaomi","Xiaomi 14 Ultra","Green","Xiaomi 14 Ultra Green official product phone white background","https://tse1.mm.bing.net/th?q=Xiaomi%2014%20Ultra%20Green%20official%20product%20phone%20white%20background&w=700&h=700&c=7&rs=1&p=0","xiaomi-14-ultra-12gb-256gb-green.jpg"
"108","Xiaomi","Xiaomi 14 Pro","Black","Xiaomi 14 Pro Black official product phone white background","https://tse1.mm.bing.net/th?q=Xiaomi%2014%20Pro%20Black%20official%20product%20phone%20white%20background&w=700&h=700&c=7&rs=1&p=0","xiaomi-14-pro-12gb-256gb-black.jpg"
"108","Xiaomi","Xiaomi 14 Pro","Silver","Xiaomi 14 Pro Silver official product phone white background","https://tse1.mm.bing.net/th?q=Xiaomi%2014%20Pro%20Silver%20official%20product%20phone%20white%20background&w=700&h=700&c=7&rs=1&p=0","xiaomi-14-pro-12gb-256gb-silver.jpg"
"108","Xiaomi","Xiaomi 14 Pro","Blue","Xiaomi 14 Pro Blue official product phone white background","https://tse1.mm.bing.net/th?q=Xiaomi%2014%20Pro%20Blue%20official%20product%20phone%20white%20background&w=700&h=700&c=7&rs=1&p=0","xiaomi-14-pro-12gb-256gb-blue.jpg"
"108","Xiaomi","Xiaomi 14 Pro","Green","Xiaomi 14 Pro Green official product phone white background","https://tse1.mm.bing.net/th?q=Xiaomi%2014%20Pro%20Green%20official%20product%20phone%20white%20background&w=700&h=700&c=7&rs=1&p=0","xiaomi-14-pro-12gb-256gb-green.jpg"
"109","Xiaomi","Xiaomi 13 Ultra","Black","Xiaomi 13 Ultra Black official product phone white background","https://tse1.mm.bing.net/th?q=Xiaomi%2013%20Ultra%20Black%20official%20product%20phone%20white%20background&w=700&h=700&c=7&rs=1&p=0","xiaomi-13-ultra-12gb-256gb-black.jpg"
"109","Xiaomi","Xiaomi 13 Ultra","Silver","Xiaomi 13 Ultra Silver official product phone white background","https://tse1.mm.bing.net/th?q=Xiaomi%2013%20Ultra%20Silver%20official%20product%20phone%20white%20background&w=700&h=700&c=7&rs=1&p=0","xiaomi-13-ultra-12gb-256gb-silver.jpg"
"109","Xiaomi","Xiaomi 13 Ultra","Blue","Xiaomi 13 Ultra Blue official product phone white background","https://tse1.mm.bing.net/th?q=Xiaomi%2013%20Ultra%20Blue%20official%20product%20phone%20white%20background&w=700&h=700&c=7&rs=1&p=0","xiaomi-13-ultra-12gb-256gb-blue.jpg"
"109","Xiaomi","Xiaomi 13 Ultra","Green","Xiaomi 13 Ultra Green official product phone white background","https://tse1.mm.bing.net/th?q=Xiaomi%2013%20Ultra%20Green%20official%20product%20phone%20white%20background&w=700&h=700&c=7&rs=1&p=0","xiaomi-13-ultra-12gb-256gb-green.jpg"
"110","Xiaomi","Xiaomi 13 Pro","Black","Xiaomi 13 Pro Black official product phone white background","https://tse1.mm.bing.net/th?q=Xiaomi%2013%20Pro%20Black%20official%20product%20phone%20white%20background&w=700&h=700&c=7&rs=1&p=0","xiaomi-13-pro-12gb-256gb-black.jpg"
"110","Xiaomi","Xiaomi 13 Pro","Silver","Xiaomi 13 Pro Silver official product phone white background","https://tse1.mm.bing.net/th?q=Xiaomi%2013%20Pro%20Silver%20official%20product%20phone%20white%20background&w=700&h=700&c=7&rs=1&p=0","xiaomi-13-pro-12gb-256gb-silver.jpg"
"110","Xiaomi","Xiaomi 13 Pro","Blue","Xiaomi 13 Pro Blue official product phone white background","https://tse1.mm.bing.net/th?q=Xiaomi%2013%20Pro%20Blue%20official%20product%20phone%20white%20background&w=700&h=700&c=7&rs=1&p=0","xiaomi-13-pro-12gb-256gb-blue.jpg"
"110","Xiaomi","Xiaomi 13 Pro","Green","Xiaomi 13 Pro Green official product phone white background","https://tse1.mm.bing.net/th?q=Xiaomi%2013%20Pro%20Green%20official%20product%20phone%20white%20background&w=700&h=700&c=7&rs=1&p=0","xiaomi-13-pro-12gb-256gb-green.jpg"
"111","Xiaomi","Xiaomi 12S Ultra","Black","Xiaomi 12S Ultra Black official product phone white background","https://tse1.mm.bing.net/th?q=Xiaomi%2012S%20Ultra%20Black%20official%20product%20phone%20white%20background&w=700&h=700&c=7&rs=1&p=0","xiaomi-12s-ultra-12gb-256gb-black.jpg"
"111","Xiaomi","Xiaomi 12S Ultra","Silver","Xiaomi 12S Ultra Silver official product phone white background","https://tse1.mm.bing.net/th?q=Xiaomi%2012S%20Ultra%20Silver%20official%20product%20phone%20white%20background&w=700&h=700&c=7&rs=1&p=0","xiaomi-12s-ultra-12gb-256gb-silver.jpg"
"111","Xiaomi","Xiaomi 12S Ultra","Blue","Xiaomi 12S Ultra Blue official product phone white background","https://tse1.mm.bing.net/th?q=Xiaomi%2012S%20Ultra%20Blue%20official%20product%20phone%20white%20background&w=700&h=700&c=7&rs=1&p=0","xiaomi-12s-ultra-12gb-256gb-blue.jpg"
"111","Xiaomi","Xiaomi 12S Ultra","Green","Xiaomi 12S Ultra Green official product phone white background","https://tse1.mm.bing.net/th?q=Xiaomi%2012S%20Ultra%20Green%20official%20product%20phone%20white%20background&w=700&h=700&c=7&rs=1&p=0","xiaomi-12s-ultra-12gb-256gb-green.jpg"
"112","Xiaomi","Xiaomi Mi 11 Ultra","Black","Xiaomi Mi 11 Ultra Black official product phone white background","https://tse1.mm.bing.net/th?q=Xiaomi%20Mi%2011%20Ultra%20Black%20official%20product%20phone%20white%20background&w=700&h=700&c=7&rs=1&p=0","xiaomi-mi-11-ultra-12gb-256gb-black.jpg"
"112","Xiaomi","Xiaomi Mi 11 Ultra","Silver","Xiaomi Mi 11 Ultra Silver official product phone white background","https://tse1.mm.bing.net/th?q=Xiaomi%20Mi%2011%20Ultra%20Silver%20official%20product%20phone%20white%20background&w=700&h=700&c=7&rs=1&p=0","xiaomi-mi-11-ultra-12gb-256gb-silver.jpg"
"112","Xiaomi","Xiaomi Mi 11 Ultra","Blue","Xiaomi Mi 11 Ultra Blue official product phone white background","https://tse1.mm.bing.net/th?q=Xiaomi%20Mi%2011%20Ultra%20Blue%20official%20product%20phone%20white%20background&w=700&h=700&c=7&rs=1&p=0","xiaomi-mi-11-ultra-12gb-256gb-blue.jpg"
"112","Xiaomi","Xiaomi Mi 11 Ultra","Green","Xiaomi Mi 11 Ultra Green official product phone white background","https://tse1.mm.bing.net/th?q=Xiaomi%20Mi%2011%20Ultra%20Green%20official%20product%20phone%20white%20background&w=700&h=700&c=7&rs=1&p=0","xiaomi-mi-11-ultra-12gb-256gb-green.jpg"
"113","Xiaomi","POCO F7 Ultra","Black","POCO F7 Ultra Black official product phone white background","https://tse1.mm.bing.net/th?q=POCO%20F7%20Ultra%20Black%20official%20product%20phone%20white%20background&w=700&h=700&c=7&rs=1&p=0","poco-f7-ultra-12gb-256gb-black.jpg"
"113","Xiaomi","POCO F7 Ultra","Silver","POCO F7 Ultra Silver official product phone white background","https://tse1.mm.bing.net/th?q=POCO%20F7%20Ultra%20Silver%20official%20product%20phone%20white%20background&w=700&h=700&c=7&rs=1&p=0","poco-f7-ultra-12gb-256gb-silver.jpg"
"113","Xiaomi","POCO F7 Ultra","Blue","POCO F7 Ultra Blue official product phone white background","https://tse1.mm.bing.net/th?q=POCO%20F7%20Ultra%20Blue%20official%20product%20phone%20white%20background&w=700&h=700&c=7&rs=1&p=0","poco-f7-ultra-12gb-256gb-blue.jpg"
"113","Xiaomi","POCO F7 Ultra","Green","POCO F7 Ultra Green official product phone white background","https://tse1.mm.bing.net/th?q=POCO%20F7%20Ultra%20Green%20official%20product%20phone%20white%20background&w=700&h=700&c=7&rs=1&p=0","poco-f7-ultra-12gb-256gb-green.jpg"
"114","Xiaomi","Xiaomi 15","Black","Xiaomi 15 Black official product phone white background","https://tse1.mm.bing.net/th?q=Xiaomi%2015%20Black%20official%20product%20phone%20white%20background&w=700&h=700&c=7&rs=1&p=0","xiaomi-15-8gb-128gb-black.jpg"
"114","Xiaomi","Xiaomi 15","Silver","Xiaomi 15 Silver official product phone white background","https://tse1.mm.bing.net/th?q=Xiaomi%2015%20Silver%20official%20product%20phone%20white%20background&w=700&h=700&c=7&rs=1&p=0","xiaomi-15-8gb-128gb-silver.jpg"
"114","Xiaomi","Xiaomi 15","Blue","Xiaomi 15 Blue official product phone white background","https://tse1.mm.bing.net/th?q=Xiaomi%2015%20Blue%20official%20product%20phone%20white%20background&w=700&h=700&c=7&rs=1&p=0","xiaomi-15-8gb-128gb-blue.jpg"
"114","Xiaomi","Xiaomi 15","Green","Xiaomi 15 Green official product phone white background","https://tse1.mm.bing.net/th?q=Xiaomi%2015%20Green%20official%20product%20phone%20white%20background&w=700&h=700&c=7&rs=1&p=0","xiaomi-15-8gb-128gb-green.jpg"
"115","Xiaomi","Xiaomi 14","Black","Xiaomi 14 Black official product phone white background","https://tse1.mm.bing.net/th?q=Xiaomi%2014%20Black%20official%20product%20phone%20white%20background&w=700&h=700&c=7&rs=1&p=0","xiaomi-14-8gb-128gb-black.jpg"
"115","Xiaomi","Xiaomi 14","Silver","Xiaomi 14 Silver official product phone white background","https://tse1.mm.bing.net/th?q=Xiaomi%2014%20Silver%20official%20product%20phone%20white%20background&w=700&h=700&c=7&rs=1&p=0","xiaomi-14-8gb-128gb-silver.jpg"
"115","Xiaomi","Xiaomi 14","Blue","Xiaomi 14 Blue official product phone white background","https://tse1.mm.bing.net/th?q=Xiaomi%2014%20Blue%20official%20product%20phone%20white%20background&w=700&h=700&c=7&rs=1&p=0","xiaomi-14-8gb-128gb-blue.jpg"
"115","Xiaomi","Xiaomi 14","Green","Xiaomi 14 Green official product phone white background","https://tse1.mm.bing.net/th?q=Xiaomi%2014%20Green%20official%20product%20phone%20white%20background&w=700&h=700&c=7&rs=1&p=0","xiaomi-14-8gb-128gb-green.jpg"
"116","Xiaomi","Xiaomi 13","Black","Xiaomi 13 Black official product phone white background","https://tse1.mm.bing.net/th?q=Xiaomi%2013%20Black%20official%20product%20phone%20white%20background&w=700&h=700&c=7&rs=1&p=0","xiaomi-13-8gb-128gb-black.jpg"
"116","Xiaomi","Xiaomi 13","Silver","Xiaomi 13 Silver official product phone white background","https://tse1.mm.bing.net/th?q=Xiaomi%2013%20Silver%20official%20product%20phone%20white%20background&w=700&h=700&c=7&rs=1&p=0","xiaomi-13-8gb-128gb-silver.jpg"
"116","Xiaomi","Xiaomi 13","Blue","Xiaomi 13 Blue official product phone white background","https://tse1.mm.bing.net/th?q=Xiaomi%2013%20Blue%20official%20product%20phone%20white%20background&w=700&h=700&c=7&rs=1&p=0","xiaomi-13-8gb-128gb-blue.jpg"
"116","Xiaomi","Xiaomi 13","Green","Xiaomi 13 Green official product phone white background","https://tse1.mm.bing.net/th?q=Xiaomi%2013%20Green%20official%20product%20phone%20white%20background&w=700&h=700&c=7&rs=1&p=0","xiaomi-13-8gb-128gb-green.jpg"
"117","Xiaomi","Xiaomi 12S Pro","Black","Xiaomi 12S Pro Black official product phone white background","https://tse1.mm.bing.net/th?q=Xiaomi%2012S%20Pro%20Black%20official%20product%20phone%20white%20background&w=700&h=700&c=7&rs=1&p=0","xiaomi-12s-pro-8gb-128gb-black.jpg"
"117","Xiaomi","Xiaomi 12S Pro","Silver","Xiaomi 12S Pro Silver official product phone white background","https://tse1.mm.bing.net/th?q=Xiaomi%2012S%20Pro%20Silver%20official%20product%20phone%20white%20background&w=700&h=700&c=7&rs=1&p=0","xiaomi-12s-pro-8gb-128gb-silver.jpg"
"117","Xiaomi","Xiaomi 12S Pro","Blue","Xiaomi 12S Pro Blue official product phone white background","https://tse1.mm.bing.net/th?q=Xiaomi%2012S%20Pro%20Blue%20official%20product%20phone%20white%20background&w=700&h=700&c=7&rs=1&p=0","xiaomi-12s-pro-8gb-128gb-blue.jpg"
"117","Xiaomi","Xiaomi 12S Pro","Green","Xiaomi 12S Pro Green official product phone white background","https://tse1.mm.bing.net/th?q=Xiaomi%2012S%20Pro%20Green%20official%20product%20phone%20white%20background&w=700&h=700&c=7&rs=1&p=0","xiaomi-12s-pro-8gb-128gb-green.jpg"
"118","Xiaomi","Xiaomi 12S","Black","Xiaomi 12S Black official product phone white background","https://tse1.mm.bing.net/th?q=Xiaomi%2012S%20Black%20official%20product%20phone%20white%20background&w=700&h=700&c=7&rs=1&p=0","xiaomi-12s-8gb-128gb-black.jpg"
"118","Xiaomi","Xiaomi 12S","Silver","Xiaomi 12S Silver official product phone white background","https://tse1.mm.bing.net/th?q=Xiaomi%2012S%20Silver%20official%20product%20phone%20white%20background&w=700&h=700&c=7&rs=1&p=0","xiaomi-12s-8gb-128gb-silver.jpg"
"118","Xiaomi","Xiaomi 12S","Blue","Xiaomi 12S Blue official product phone white background","https://tse1.mm.bing.net/th?q=Xiaomi%2012S%20Blue%20official%20product%20phone%20white%20background&w=700&h=700&c=7&rs=1&p=0","xiaomi-12s-8gb-128gb-blue.jpg"
"118","Xiaomi","Xiaomi 12S","Green","Xiaomi 12S Green official product phone white background","https://tse1.mm.bing.net/th?q=Xiaomi%2012S%20Green%20official%20product%20phone%20white%20background&w=700&h=700&c=7&rs=1&p=0","xiaomi-12s-8gb-128gb-green.jpg"
"119","Xiaomi","Xiaomi 12 Pro","Black","Xiaomi 12 Pro Black official product phone white background","https://tse1.mm.bing.net/th?q=Xiaomi%2012%20Pro%20Black%20official%20product%20phone%20white%20background&w=700&h=700&c=7&rs=1&p=0","xiaomi-12-pro-8gb-128gb-black.jpg"
"119","Xiaomi","Xiaomi 12 Pro","Silver","Xiaomi 12 Pro Silver official product phone white background","https://tse1.mm.bing.net/th?q=Xiaomi%2012%20Pro%20Silver%20official%20product%20phone%20white%20background&w=700&h=700&c=7&rs=1&p=0","xiaomi-12-pro-8gb-128gb-silver.jpg"
"119","Xiaomi","Xiaomi 12 Pro","Blue","Xiaomi 12 Pro Blue official product phone white background","https://tse1.mm.bing.net/th?q=Xiaomi%2012%20Pro%20Blue%20official%20product%20phone%20white%20background&w=700&h=700&c=7&rs=1&p=0","xiaomi-12-pro-8gb-128gb-blue.jpg"
"119","Xiaomi","Xiaomi 12 Pro","Green","Xiaomi 12 Pro Green official product phone white background","https://tse1.mm.bing.net/th?q=Xiaomi%2012%20Pro%20Green%20official%20product%20phone%20white%20background&w=700&h=700&c=7&rs=1&p=0","xiaomi-12-pro-8gb-128gb-green.jpg"
"120","Xiaomi","Xiaomi Mi 11 Pro","Black","Xiaomi Mi 11 Pro Black official product phone white background","https://tse1.mm.bing.net/th?q=Xiaomi%20Mi%2011%20Pro%20Black%20official%20product%20phone%20white%20background&w=700&h=700&c=7&rs=1&p=0","xiaomi-mi-11-pro-8gb-128gb-black.jpg"
"120","Xiaomi","Xiaomi Mi 11 Pro","Silver","Xiaomi Mi 11 Pro Silver official product phone white background","https://tse1.mm.bing.net/th?q=Xiaomi%20Mi%2011%20Pro%20Silver%20official%20product%20phone%20white%20background&w=700&h=700&c=7&rs=1&p=0","xiaomi-mi-11-pro-8gb-128gb-silver.jpg"
"120","Xiaomi","Xiaomi Mi 11 Pro","Blue","Xiaomi Mi 11 Pro Blue official product phone white background","https://tse1.mm.bing.net/th?q=Xiaomi%20Mi%2011%20Pro%20Blue%20official%20product%20phone%20white%20background&w=700&h=700&c=7&rs=1&p=0","xiaomi-mi-11-pro-8gb-128gb-blue.jpg"
"120","Xiaomi","Xiaomi Mi 11 Pro","Green","Xiaomi Mi 11 Pro Green official product phone white background","https://tse1.mm.bing.net/th?q=Xiaomi%20Mi%2011%20Pro%20Green%20official%20product%20phone%20white%20background&w=700&h=700&c=7&rs=1&p=0","xiaomi-mi-11-pro-8gb-128gb-green.jpg"
"121","Xiaomi","Xiaomi Mi 11","Black","Xiaomi Mi 11 Black official product phone white background","https://tse1.mm.bing.net/th?q=Xiaomi%20Mi%2011%20Black%20official%20product%20phone%20white%20background&w=700&h=700&c=7&rs=1&p=0","xiaomi-mi-11-8gb-128gb-black.jpg"
"121","Xiaomi","Xiaomi Mi 11","Silver","Xiaomi Mi 11 Silver official product phone white background","https://tse1.mm.bing.net/th?q=Xiaomi%20Mi%2011%20Silver%20official%20product%20phone%20white%20background&w=700&h=700&c=7&rs=1&p=0","xiaomi-mi-11-8gb-128gb-silver.jpg"
"121","Xiaomi","Xiaomi Mi 11","Blue","Xiaomi Mi 11 Blue official product phone white background","https://tse1.mm.bing.net/th?q=Xiaomi%20Mi%2011%20Blue%20official%20product%20phone%20white%20background&w=700&h=700&c=7&rs=1&p=0","xiaomi-mi-11-8gb-128gb-blue.jpg"
"121","Xiaomi","Xiaomi Mi 11","Green","Xiaomi Mi 11 Green official product phone white background","https://tse1.mm.bing.net/th?q=Xiaomi%20Mi%2011%20Green%20official%20product%20phone%20white%20background&w=700&h=700&c=7&rs=1&p=0","xiaomi-mi-11-8gb-128gb-green.jpg"
"122","Xiaomi","Xiaomi Mi 10 Ultra","Black","Xiaomi Mi 10 Ultra Black official product phone white background","https://tse1.mm.bing.net/th?q=Xiaomi%20Mi%2010%20Ultra%20Black%20official%20product%20phone%20white%20background&w=700&h=700&c=7&rs=1&p=0","xiaomi-mi-10-ultra-8gb-128gb-black.jpg"
"122","Xiaomi","Xiaomi Mi 10 Ultra","Silver","Xiaomi Mi 10 Ultra Silver official product phone white background","https://tse1.mm.bing.net/th?q=Xiaomi%20Mi%2010%20Ultra%20Silver%20official%20product%20phone%20white%20background&w=700&h=700&c=7&rs=1&p=0","xiaomi-mi-10-ultra-8gb-128gb-silver.jpg"
"122","Xiaomi","Xiaomi Mi 10 Ultra","Blue","Xiaomi Mi 10 Ultra Blue official product phone white background","https://tse1.mm.bing.net/th?q=Xiaomi%20Mi%2010%20Ultra%20Blue%20official%20product%20phone%20white%20background&w=700&h=700&c=7&rs=1&p=0","xiaomi-mi-10-ultra-8gb-128gb-blue.jpg"
"122","Xiaomi","Xiaomi Mi 10 Ultra","Green","Xiaomi Mi 10 Ultra Green official product phone white background","https://tse1.mm.bing.net/th?q=Xiaomi%20Mi%2010%20Ultra%20Green%20official%20product%20phone%20white%20background&w=700&h=700&c=7&rs=1&p=0","xiaomi-mi-10-ultra-8gb-128gb-green.jpg"
"123","Xiaomi","Xiaomi Mi 10 Pro","Black","Xiaomi Mi 10 Pro Black official product phone white background","https://tse1.mm.bing.net/th?q=Xiaomi%20Mi%2010%20Pro%20Black%20official%20product%20phone%20white%20background&w=700&h=700&c=7&rs=1&p=0","xiaomi-mi-10-pro-8gb-128gb-black.jpg"
"123","Xiaomi","Xiaomi Mi 10 Pro","Silver","Xiaomi Mi 10 Pro Silver official product phone white background","https://tse1.mm.bing.net/th?q=Xiaomi%20Mi%2010%20Pro%20Silver%20official%20product%20phone%20white%20background&w=700&h=700&c=7&rs=1&p=0","xiaomi-mi-10-pro-8gb-128gb-silver.jpg"
"123","Xiaomi","Xiaomi Mi 10 Pro","Blue","Xiaomi Mi 10 Pro Blue official product phone white background","https://tse1.mm.bing.net/th?q=Xiaomi%20Mi%2010%20Pro%20Blue%20official%20product%20phone%20white%20background&w=700&h=700&c=7&rs=1&p=0","xiaomi-mi-10-pro-8gb-128gb-blue.jpg"
"123","Xiaomi","Xiaomi Mi 10 Pro","Green","Xiaomi Mi 10 Pro Green official product phone white background","https://tse1.mm.bing.net/th?q=Xiaomi%20Mi%2010%20Pro%20Green%20official%20product%20phone%20white%20background&w=700&h=700&c=7&rs=1&p=0","xiaomi-mi-10-pro-8gb-128gb-green.jpg"
"124","Xiaomi","Redmi Note 15 Pro+ 5G","Black","Redmi Note 15 Pro+ 5G Black official product phone white background","https://tse1.mm.bing.net/th?q=Redmi%20Note%2015%20Pro%2B%205G%20Black%20official%20product%20phone%20white%20background&w=700&h=700&c=7&rs=1&p=0","redmi-note-15-pro-plus-5g-8gb-128gb-black.jpg"
"124","Xiaomi","Redmi Note 15 Pro+ 5G","Silver","Redmi Note 15 Pro+ 5G Silver official product phone white background","https://tse1.mm.bing.net/th?q=Redmi%20Note%2015%20Pro%2B%205G%20Silver%20official%20product%20phone%20white%20background&w=700&h=700&c=7&rs=1&p=0","redmi-note-15-pro-plus-5g-8gb-128gb-silver.jpg"
"124","Xiaomi","Redmi Note 15 Pro+ 5G","Blue","Redmi Note 15 Pro+ 5G Blue official product phone white background","https://tse1.mm.bing.net/th?q=Redmi%20Note%2015%20Pro%2B%205G%20Blue%20official%20product%20phone%20white%20background&w=700&h=700&c=7&rs=1&p=0","redmi-note-15-pro-plus-5g-8gb-128gb-blue.jpg"
"124","Xiaomi","Redmi Note 15 Pro+ 5G","Green","Redmi Note 15 Pro+ 5G Green official product phone white background","https://tse1.mm.bing.net/th?q=Redmi%20Note%2015%20Pro%2B%205G%20Green%20official%20product%20phone%20white%20background&w=700&h=700&c=7&rs=1&p=0","redmi-note-15-pro-plus-5g-8gb-128gb-green.jpg"
"125","Xiaomi","Redmi Note 14 Pro+ 5G","Black","Redmi Note 14 Pro+ 5G Black official product phone white background","https://tse1.mm.bing.net/th?q=Redmi%20Note%2014%20Pro%2B%205G%20Black%20official%20product%20phone%20white%20background&w=700&h=700&c=7&rs=1&p=0","redmi-note-14-pro-plus-5g-8gb-128gb-black.jpg"
"125","Xiaomi","Redmi Note 14 Pro+ 5G","Silver","Redmi Note 14 Pro+ 5G Silver official product phone white background","https://tse1.mm.bing.net/th?q=Redmi%20Note%2014%20Pro%2B%205G%20Silver%20official%20product%20phone%20white%20background&w=700&h=700&c=7&rs=1&p=0","redmi-note-14-pro-plus-5g-8gb-128gb-silver.jpg"
"125","Xiaomi","Redmi Note 14 Pro+ 5G","Blue","Redmi Note 14 Pro+ 5G Blue official product phone white background","https://tse1.mm.bing.net/th?q=Redmi%20Note%2014%20Pro%2B%205G%20Blue%20official%20product%20phone%20white%20background&w=700&h=700&c=7&rs=1&p=0","redmi-note-14-pro-plus-5g-8gb-128gb-blue.jpg"
"125","Xiaomi","Redmi Note 14 Pro+ 5G","Green","Redmi Note 14 Pro+ 5G Green official product phone white background","https://tse1.mm.bing.net/th?q=Redmi%20Note%2014%20Pro%2B%205G%20Green%20official%20product%20phone%20white%20background&w=700&h=700&c=7&rs=1&p=0","redmi-note-14-pro-plus-5g-8gb-128gb-green.jpg"
"126","Xiaomi","POCO F7 Pro","Black","POCO F7 Pro Black official product phone white background","https://tse1.mm.bing.net/th?q=POCO%20F7%20Pro%20Black%20official%20product%20phone%20white%20background&w=700&h=700&c=7&rs=1&p=0","poco-f7-pro-8gb-128gb-black.jpg"
"126","Xiaomi","POCO F7 Pro","Silver","POCO F7 Pro Silver official product phone white background","https://tse1.mm.bing.net/th?q=POCO%20F7%20Pro%20Silver%20official%20product%20phone%20white%20background&w=700&h=700&c=7&rs=1&p=0","poco-f7-pro-8gb-128gb-silver.jpg"
"126","Xiaomi","POCO F7 Pro","Blue","POCO F7 Pro Blue official product phone white background","https://tse1.mm.bing.net/th?q=POCO%20F7%20Pro%20Blue%20official%20product%20phone%20white%20background&w=700&h=700&c=7&rs=1&p=0","poco-f7-pro-8gb-128gb-blue.jpg"
"126","Xiaomi","POCO F7 Pro","Green","POCO F7 Pro Green official product phone white background","https://tse1.mm.bing.net/th?q=POCO%20F7%20Pro%20Green%20official%20product%20phone%20white%20background&w=700&h=700&c=7&rs=1&p=0","poco-f7-pro-8gb-128gb-green.jpg"
"127","Xiaomi","Xiaomi 13 Lite","Black","Xiaomi 13 Lite Black official product phone white background","https://tse1.mm.bing.net/th?q=Xiaomi%2013%20Lite%20Black%20official%20product%20phone%20white%20background&w=700&h=700&c=7&rs=1&p=0","xiaomi-13-lite-6gb-128gb-black.jpg"
"127","Xiaomi","Xiaomi 13 Lite","Silver","Xiaomi 13 Lite Silver official product phone white background","https://tse1.mm.bing.net/th?q=Xiaomi%2013%20Lite%20Silver%20official%20product%20phone%20white%20background&w=700&h=700&c=7&rs=1&p=0","xiaomi-13-lite-6gb-128gb-silver.jpg"
"127","Xiaomi","Xiaomi 13 Lite","Blue","Xiaomi 13 Lite Blue official product phone white background","https://tse1.mm.bing.net/th?q=Xiaomi%2013%20Lite%20Blue%20official%20product%20phone%20white%20background&w=700&h=700&c=7&rs=1&p=0","xiaomi-13-lite-6gb-128gb-blue.jpg"
"127","Xiaomi","Xiaomi 13 Lite","Green","Xiaomi 13 Lite Green official product phone white background","https://tse1.mm.bing.net/th?q=Xiaomi%2013%20Lite%20Green%20official%20product%20phone%20white%20background&w=700&h=700&c=7&rs=1&p=0","xiaomi-13-lite-6gb-128gb-green.jpg"
"128","Xiaomi","Xiaomi 12","Black","Xiaomi 12 Black official product phone white background","https://tse1.mm.bing.net/th?q=Xiaomi%2012%20Black%20official%20product%20phone%20white%20background&w=700&h=700&c=7&rs=1&p=0","xiaomi-12-6gb-128gb-black.jpg"
"128","Xiaomi","Xiaomi 12","Silver","Xiaomi 12 Silver official product phone white background","https://tse1.mm.bing.net/th?q=Xiaomi%2012%20Silver%20official%20product%20phone%20white%20background&w=700&h=700&c=7&rs=1&p=0","xiaomi-12-6gb-128gb-silver.jpg"
"128","Xiaomi","Xiaomi 12","Blue","Xiaomi 12 Blue official product phone white background","https://tse1.mm.bing.net/th?q=Xiaomi%2012%20Blue%20official%20product%20phone%20white%20background&w=700&h=700&c=7&rs=1&p=0","xiaomi-12-6gb-128gb-blue.jpg"
"128","Xiaomi","Xiaomi 12","Green","Xiaomi 12 Green official product phone white background","https://tse1.mm.bing.net/th?q=Xiaomi%2012%20Green%20official%20product%20phone%20white%20background&w=700&h=700&c=7&rs=1&p=0","xiaomi-12-6gb-128gb-green.jpg"
"129","Xiaomi","Xiaomi 12 Lite","Black","Xiaomi 12 Lite Black official product phone white background","https://tse1.mm.bing.net/th?q=Xiaomi%2012%20Lite%20Black%20official%20product%20phone%20white%20background&w=700&h=700&c=7&rs=1&p=0","xiaomi-12-lite-6gb-128gb-black.jpg"
"129","Xiaomi","Xiaomi 12 Lite","Silver","Xiaomi 12 Lite Silver official product phone white background","https://tse1.mm.bing.net/th?q=Xiaomi%2012%20Lite%20Silver%20official%20product%20phone%20white%20background&w=700&h=700&c=7&rs=1&p=0","xiaomi-12-lite-6gb-128gb-silver.jpg"
"129","Xiaomi","Xiaomi 12 Lite","Blue","Xiaomi 12 Lite Blue official product phone white background","https://tse1.mm.bing.net/th?q=Xiaomi%2012%20Lite%20Blue%20official%20product%20phone%20white%20background&w=700&h=700&c=7&rs=1&p=0","xiaomi-12-lite-6gb-128gb-blue.jpg"
"129","Xiaomi","Xiaomi 12 Lite","Green","Xiaomi 12 Lite Green official product phone white background","https://tse1.mm.bing.net/th?q=Xiaomi%2012%20Lite%20Green%20official%20product%20phone%20white%20background&w=700&h=700&c=7&rs=1&p=0","xiaomi-12-lite-6gb-128gb-green.jpg"
"130","Xiaomi","Xiaomi Mi 11 Lite","Black","Xiaomi Mi 11 Lite Black official product phone white background","https://tse1.mm.bing.net/th?q=Xiaomi%20Mi%2011%20Lite%20Black%20official%20product%20phone%20white%20background&w=700&h=700&c=7&rs=1&p=0","xiaomi-mi-11-lite-6gb-128gb-black.jpg"
"130","Xiaomi","Xiaomi Mi 11 Lite","Silver","Xiaomi Mi 11 Lite Silver official product phone white background","https://tse1.mm.bing.net/th?q=Xiaomi%20Mi%2011%20Lite%20Silver%20official%20product%20phone%20white%20background&w=700&h=700&c=7&rs=1&p=0","xiaomi-mi-11-lite-6gb-128gb-silver.jpg"
"130","Xiaomi","Xiaomi Mi 11 Lite","Blue","Xiaomi Mi 11 Lite Blue official product phone white background","https://tse1.mm.bing.net/th?q=Xiaomi%20Mi%2011%20Lite%20Blue%20official%20product%20phone%20white%20background&w=700&h=700&c=7&rs=1&p=0","xiaomi-mi-11-lite-6gb-128gb-blue.jpg"
"130","Xiaomi","Xiaomi Mi 11 Lite","Green","Xiaomi Mi 11 Lite Green official product phone white background","https://tse1.mm.bing.net/th?q=Xiaomi%20Mi%2011%20Lite%20Green%20official%20product%20phone%20white%20background&w=700&h=700&c=7&rs=1&p=0","xiaomi-mi-11-lite-6gb-128gb-green.jpg"
"131","Xiaomi","Xiaomi Mi 10","Black","Xiaomi Mi 10 Black official product phone white background","https://tse1.mm.bing.net/th?q=Xiaomi%20Mi%2010%20Black%20official%20product%20phone%20white%20background&w=700&h=700&c=7&rs=1&p=0","xiaomi-mi-10-6gb-128gb-black.jpg"
"131","Xiaomi","Xiaomi Mi 10","Silver","Xiaomi Mi 10 Silver official product phone white background","https://tse1.mm.bing.net/th?q=Xiaomi%20Mi%2010%20Silver%20official%20product%20phone%20white%20background&w=700&h=700&c=7&rs=1&p=0","xiaomi-mi-10-6gb-128gb-silver.jpg"
"131","Xiaomi","Xiaomi Mi 10","Blue","Xiaomi Mi 10 Blue official product phone white background","https://tse1.mm.bing.net/th?q=Xiaomi%20Mi%2010%20Blue%20official%20product%20phone%20white%20background&w=700&h=700&c=7&rs=1&p=0","xiaomi-mi-10-6gb-128gb-blue.jpg"
"131","Xiaomi","Xiaomi Mi 10","Green","Xiaomi Mi 10 Green official product phone white background","https://tse1.mm.bing.net/th?q=Xiaomi%20Mi%2010%20Green%20official%20product%20phone%20white%20background&w=700&h=700&c=7&rs=1&p=0","xiaomi-mi-10-6gb-128gb-green.jpg"
"132","Xiaomi","Xiaomi Mi 10 Lite","Black","Xiaomi Mi 10 Lite Black official product phone white background","https://tse1.mm.bing.net/th?q=Xiaomi%20Mi%2010%20Lite%20Black%20official%20product%20phone%20white%20background&w=700&h=700&c=7&rs=1&p=0","xiaomi-mi-10-lite-6gb-128gb-black.jpg"
"132","Xiaomi","Xiaomi Mi 10 Lite","Silver","Xiaomi Mi 10 Lite Silver official product phone white background","https://tse1.mm.bing.net/th?q=Xiaomi%20Mi%2010%20Lite%20Silver%20official%20product%20phone%20white%20background&w=700&h=700&c=7&rs=1&p=0","xiaomi-mi-10-lite-6gb-128gb-silver.jpg"
"132","Xiaomi","Xiaomi Mi 10 Lite","Blue","Xiaomi Mi 10 Lite Blue official product phone white background","https://tse1.mm.bing.net/th?q=Xiaomi%20Mi%2010%20Lite%20Blue%20official%20product%20phone%20white%20background&w=700&h=700&c=7&rs=1&p=0","xiaomi-mi-10-lite-6gb-128gb-blue.jpg"
"132","Xiaomi","Xiaomi Mi 10 Lite","Green","Xiaomi Mi 10 Lite Green official product phone white background","https://tse1.mm.bing.net/th?q=Xiaomi%20Mi%2010%20Lite%20Green%20official%20product%20phone%20white%20background&w=700&h=700&c=7&rs=1&p=0","xiaomi-mi-10-lite-6gb-128gb-green.jpg"
"133","Xiaomi","Redmi Note 15 Pro 5G","Black","Redmi Note 15 Pro 5G Black official product phone white background","https://tse1.mm.bing.net/th?q=Redmi%20Note%2015%20Pro%205G%20Black%20official%20product%20phone%20white%20background&w=700&h=700&c=7&rs=1&p=0","redmi-note-15-pro-5g-6gb-128gb-black.jpg"
"133","Xiaomi","Redmi Note 15 Pro 5G","Silver","Redmi Note 15 Pro 5G Silver official product phone white background","https://tse1.mm.bing.net/th?q=Redmi%20Note%2015%20Pro%205G%20Silver%20official%20product%20phone%20white%20background&w=700&h=700&c=7&rs=1&p=0","redmi-note-15-pro-5g-6gb-128gb-silver.jpg"
"133","Xiaomi","Redmi Note 15 Pro 5G","Blue","Redmi Note 15 Pro 5G Blue official product phone white background","https://tse1.mm.bing.net/th?q=Redmi%20Note%2015%20Pro%205G%20Blue%20official%20product%20phone%20white%20background&w=700&h=700&c=7&rs=1&p=0","redmi-note-15-pro-5g-6gb-128gb-blue.jpg"
"133","Xiaomi","Redmi Note 15 Pro 5G","Green","Redmi Note 15 Pro 5G Green official product phone white background","https://tse1.mm.bing.net/th?q=Redmi%20Note%2015%20Pro%205G%20Green%20official%20product%20phone%20white%20background&w=700&h=700&c=7&rs=1&p=0","redmi-note-15-pro-5g-6gb-128gb-green.jpg"
"134","Xiaomi","Redmi Note 15 5G","Black","Redmi Note 15 5G Black official product phone white background","https://tse1.mm.bing.net/th?q=Redmi%20Note%2015%205G%20Black%20official%20product%20phone%20white%20background&w=700&h=700&c=7&rs=1&p=0","redmi-note-15-5g-6gb-128gb-black.jpg"
"134","Xiaomi","Redmi Note 15 5G","Silver","Redmi Note 15 5G Silver official product phone white background","https://tse1.mm.bing.net/th?q=Redmi%20Note%2015%205G%20Silver%20official%20product%20phone%20white%20background&w=700&h=700&c=7&rs=1&p=0","redmi-note-15-5g-6gb-128gb-silver.jpg"
"134","Xiaomi","Redmi Note 15 5G","Blue","Redmi Note 15 5G Blue official product phone white background","https://tse1.mm.bing.net/th?q=Redmi%20Note%2015%205G%20Blue%20official%20product%20phone%20white%20background&w=700&h=700&c=7&rs=1&p=0","redmi-note-15-5g-6gb-128gb-blue.jpg"
"134","Xiaomi","Redmi Note 15 5G","Green","Redmi Note 15 5G Green official product phone white background","https://tse1.mm.bing.net/th?q=Redmi%20Note%2015%205G%20Green%20official%20product%20phone%20white%20background&w=700&h=700&c=7&rs=1&p=0","redmi-note-15-5g-6gb-128gb-green.jpg"
"135","Xiaomi","Redmi Note 14 Pro 5G","Black","Redmi Note 14 Pro 5G Black official product phone white background","https://tse1.mm.bing.net/th?q=Redmi%20Note%2014%20Pro%205G%20Black%20official%20product%20phone%20white%20background&w=700&h=700&c=7&rs=1&p=0","redmi-note-14-pro-5g-6gb-128gb-black.jpg"
"135","Xiaomi","Redmi Note 14 Pro 5G","Silver","Redmi Note 14 Pro 5G Silver official product phone white background","https://tse1.mm.bing.net/th?q=Redmi%20Note%2014%20Pro%205G%20Silver%20official%20product%20phone%20white%20background&w=700&h=700&c=7&rs=1&p=0","redmi-note-14-pro-5g-6gb-128gb-silver.jpg"
"135","Xiaomi","Redmi Note 14 Pro 5G","Blue","Redmi Note 14 Pro 5G Blue official product phone white background","https://tse1.mm.bing.net/th?q=Redmi%20Note%2014%20Pro%205G%20Blue%20official%20product%20phone%20white%20background&w=700&h=700&c=7&rs=1&p=0","redmi-note-14-pro-5g-6gb-128gb-blue.jpg"
"135","Xiaomi","Redmi Note 14 Pro 5G","Green","Redmi Note 14 Pro 5G Green official product phone white background","https://tse1.mm.bing.net/th?q=Redmi%20Note%2014%20Pro%205G%20Green%20official%20product%20phone%20white%20background&w=700&h=700&c=7&rs=1&p=0","redmi-note-14-pro-5g-6gb-128gb-green.jpg"
"136","Xiaomi","Redmi Note 14 5G","Black","Redmi Note 14 5G Black official product phone white background","https://tse1.mm.bing.net/th?q=Redmi%20Note%2014%205G%20Black%20official%20product%20phone%20white%20background&w=700&h=700&c=7&rs=1&p=0","redmi-note-14-5g-6gb-128gb-black.jpg"
"136","Xiaomi","Redmi Note 14 5G","Silver","Redmi Note 14 5G Silver official product phone white background","https://tse1.mm.bing.net/th?q=Redmi%20Note%2014%205G%20Silver%20official%20product%20phone%20white%20background&w=700&h=700&c=7&rs=1&p=0","redmi-note-14-5g-6gb-128gb-silver.jpg"
"136","Xiaomi","Redmi Note 14 5G","Blue","Redmi Note 14 5G Blue official product phone white background","https://tse1.mm.bing.net/th?q=Redmi%20Note%2014%205G%20Blue%20official%20product%20phone%20white%20background&w=700&h=700&c=7&rs=1&p=0","redmi-note-14-5g-6gb-128gb-blue.jpg"
"136","Xiaomi","Redmi Note 14 5G","Green","Redmi Note 14 5G Green official product phone white background","https://tse1.mm.bing.net/th?q=Redmi%20Note%2014%205G%20Green%20official%20product%20phone%20white%20background&w=700&h=700&c=7&rs=1&p=0","redmi-note-14-5g-6gb-128gb-green.jpg"
"137","Xiaomi","Redmi Note 13 Pro+ 5G","Black","Redmi Note 13 Pro+ 5G Black official product phone white background","https://tse1.mm.bing.net/th?q=Redmi%20Note%2013%20Pro%2B%205G%20Black%20official%20product%20phone%20white%20background&w=700&h=700&c=7&rs=1&p=0","redmi-note-13-pro-plus-5g-6gb-128gb-black.jpg"
"137","Xiaomi","Redmi Note 13 Pro+ 5G","Silver","Redmi Note 13 Pro+ 5G Silver official product phone white background","https://tse1.mm.bing.net/th?q=Redmi%20Note%2013%20Pro%2B%205G%20Silver%20official%20product%20phone%20white%20background&w=700&h=700&c=7&rs=1&p=0","redmi-note-13-pro-plus-5g-6gb-128gb-silver.jpg"
"137","Xiaomi","Redmi Note 13 Pro+ 5G","Blue","Redmi Note 13 Pro+ 5G Blue official product phone white background","https://tse1.mm.bing.net/th?q=Redmi%20Note%2013%20Pro%2B%205G%20Blue%20official%20product%20phone%20white%20background&w=700&h=700&c=7&rs=1&p=0","redmi-note-13-pro-plus-5g-6gb-128gb-blue.jpg"
"137","Xiaomi","Redmi Note 13 Pro+ 5G","Green","Redmi Note 13 Pro+ 5G Green official product phone white background","https://tse1.mm.bing.net/th?q=Redmi%20Note%2013%20Pro%2B%205G%20Green%20official%20product%20phone%20white%20background&w=700&h=700&c=7&rs=1&p=0","redmi-note-13-pro-plus-5g-6gb-128gb-green.jpg"
"138","Xiaomi","POCO F6 Pro","Black","POCO F6 Pro Black official product phone white background","https://tse1.mm.bing.net/th?q=POCO%20F6%20Pro%20Black%20official%20product%20phone%20white%20background&w=700&h=700&c=7&rs=1&p=0","poco-f6-pro-6gb-128gb-black.jpg"
"138","Xiaomi","POCO F6 Pro","Silver","POCO F6 Pro Silver official product phone white background","https://tse1.mm.bing.net/th?q=POCO%20F6%20Pro%20Silver%20official%20product%20phone%20white%20background&w=700&h=700&c=7&rs=1&p=0","poco-f6-pro-6gb-128gb-silver.jpg"
"138","Xiaomi","POCO F6 Pro","Blue","POCO F6 Pro Blue official product phone white background","https://tse1.mm.bing.net/th?q=POCO%20F6%20Pro%20Blue%20official%20product%20phone%20white%20background&w=700&h=700&c=7&rs=1&p=0","poco-f6-pro-6gb-128gb-blue.jpg"
"138","Xiaomi","POCO F6 Pro","Green","POCO F6 Pro Green official product phone white background","https://tse1.mm.bing.net/th?q=POCO%20F6%20Pro%20Green%20official%20product%20phone%20white%20background&w=700&h=700&c=7&rs=1&p=0","poco-f6-pro-6gb-128gb-green.jpg"
"139","Xiaomi","Redmi Note 15","Black","Redmi Note 15 Black official product phone white background","https://tse1.mm.bing.net/th?q=Redmi%20Note%2015%20Black%20official%20product%20phone%20white%20background&w=700&h=700&c=7&rs=1&p=0","redmi-note-15-4gb-64gb-black.jpg"
"139","Xiaomi","Redmi Note 15","Silver","Redmi Note 15 Silver official product phone white background","https://tse1.mm.bing.net/th?q=Redmi%20Note%2015%20Silver%20official%20product%20phone%20white%20background&w=700&h=700&c=7&rs=1&p=0","redmi-note-15-4gb-64gb-silver.jpg"
"139","Xiaomi","Redmi Note 15","Blue","Redmi Note 15 Blue official product phone white background","https://tse1.mm.bing.net/th?q=Redmi%20Note%2015%20Blue%20official%20product%20phone%20white%20background&w=700&h=700&c=7&rs=1&p=0","redmi-note-15-4gb-64gb-blue.jpg"
"139","Xiaomi","Redmi Note 15","Green","Redmi Note 15 Green official product phone white background","https://tse1.mm.bing.net/th?q=Redmi%20Note%2015%20Green%20official%20product%20phone%20white%20background&w=700&h=700&c=7&rs=1&p=0","redmi-note-15-4gb-64gb-green.jpg"
"140","Xiaomi","Redmi Note 14","Black","Redmi Note 14 Black official product phone white background","https://tse1.mm.bing.net/th?q=Redmi%20Note%2014%20Black%20official%20product%20phone%20white%20background&w=700&h=700&c=7&rs=1&p=0","redmi-note-14-4gb-64gb-black.jpg"
"140","Xiaomi","Redmi Note 14","Silver","Redmi Note 14 Silver official product phone white background","https://tse1.mm.bing.net/th?q=Redmi%20Note%2014%20Silver%20official%20product%20phone%20white%20background&w=700&h=700&c=7&rs=1&p=0","redmi-note-14-4gb-64gb-silver.jpg"
"140","Xiaomi","Redmi Note 14","Blue","Redmi Note 14 Blue official product phone white background","https://tse1.mm.bing.net/th?q=Redmi%20Note%2014%20Blue%20official%20product%20phone%20white%20background&w=700&h=700&c=7&rs=1&p=0","redmi-note-14-4gb-64gb-blue.jpg"
"140","Xiaomi","Redmi Note 14","Green","Redmi Note 14 Green official product phone white background","https://tse1.mm.bing.net/th?q=Redmi%20Note%2014%20Green%20official%20product%20phone%20white%20background&w=700&h=700&c=7&rs=1&p=0","redmi-note-14-4gb-64gb-green.jpg"
"141","Xiaomi","Redmi Note 13 Pro 5G","Black","Redmi Note 13 Pro 5G Black official product phone white background","https://tse1.mm.bing.net/th?q=Redmi%20Note%2013%20Pro%205G%20Black%20official%20product%20phone%20white%20background&w=700&h=700&c=7&rs=1&p=0","redmi-note-13-pro-5g-4gb-64gb-black.jpg"
"141","Xiaomi","Redmi Note 13 Pro 5G","Silver","Redmi Note 13 Pro 5G Silver official product phone white background","https://tse1.mm.bing.net/th?q=Redmi%20Note%2013%20Pro%205G%20Silver%20official%20product%20phone%20white%20background&w=700&h=700&c=7&rs=1&p=0","redmi-note-13-pro-5g-4gb-64gb-silver.jpg"
"141","Xiaomi","Redmi Note 13 Pro 5G","Blue","Redmi Note 13 Pro 5G Blue official product phone white background","https://tse1.mm.bing.net/th?q=Redmi%20Note%2013%20Pro%205G%20Blue%20official%20product%20phone%20white%20background&w=700&h=700&c=7&rs=1&p=0","redmi-note-13-pro-5g-4gb-64gb-blue.jpg"
"141","Xiaomi","Redmi Note 13 Pro 5G","Green","Redmi Note 13 Pro 5G Green official product phone white background","https://tse1.mm.bing.net/th?q=Redmi%20Note%2013%20Pro%205G%20Green%20official%20product%20phone%20white%20background&w=700&h=700&c=7&rs=1&p=0","redmi-note-13-pro-5g-4gb-64gb-green.jpg"
"142","Xiaomi","Redmi Note 13 5G","Black","Redmi Note 13 5G Black official product phone white background","https://tse1.mm.bing.net/th?q=Redmi%20Note%2013%205G%20Black%20official%20product%20phone%20white%20background&w=700&h=700&c=7&rs=1&p=0","redmi-note-13-5g-4gb-64gb-black.jpg"
"142","Xiaomi","Redmi Note 13 5G","Silver","Redmi Note 13 5G Silver official product phone white background","https://tse1.mm.bing.net/th?q=Redmi%20Note%2013%205G%20Silver%20official%20product%20phone%20white%20background&w=700&h=700&c=7&rs=1&p=0","redmi-note-13-5g-4gb-64gb-silver.jpg"
"142","Xiaomi","Redmi Note 13 5G","Blue","Redmi Note 13 5G Blue official product phone white background","https://tse1.mm.bing.net/th?q=Redmi%20Note%2013%205G%20Blue%20official%20product%20phone%20white%20background&w=700&h=700&c=7&rs=1&p=0","redmi-note-13-5g-4gb-64gb-blue.jpg"
"142","Xiaomi","Redmi Note 13 5G","Green","Redmi Note 13 5G Green official product phone white background","https://tse1.mm.bing.net/th?q=Redmi%20Note%2013%205G%20Green%20official%20product%20phone%20white%20background&w=700&h=700&c=7&rs=1&p=0","redmi-note-13-5g-4gb-64gb-green.jpg"
"143","Xiaomi","Redmi Note 13","Black","Redmi Note 13 Black official product phone white background","https://tse1.mm.bing.net/th?q=Redmi%20Note%2013%20Black%20official%20product%20phone%20white%20background&w=700&h=700&c=7&rs=1&p=0","redmi-note-13-4gb-64gb-black.jpg"
"143","Xiaomi","Redmi Note 13","Silver","Redmi Note 13 Silver official product phone white background","https://tse1.mm.bing.net/th?q=Redmi%20Note%2013%20Silver%20official%20product%20phone%20white%20background&w=700&h=700&c=7&rs=1&p=0","redmi-note-13-4gb-64gb-silver.jpg"
"143","Xiaomi","Redmi Note 13","Blue","Redmi Note 13 Blue official product phone white background","https://tse1.mm.bing.net/th?q=Redmi%20Note%2013%20Blue%20official%20product%20phone%20white%20background&w=700&h=700&c=7&rs=1&p=0","redmi-note-13-4gb-64gb-blue.jpg"
"143","Xiaomi","Redmi Note 13","Green","Redmi Note 13 Green official product phone white background","https://tse1.mm.bing.net/th?q=Redmi%20Note%2013%20Green%20official%20product%20phone%20white%20background&w=700&h=700&c=7&rs=1&p=0","redmi-note-13-4gb-64gb-green.jpg"
"144","Xiaomi","Redmi Note 12 Pro+ 5G","Black","Redmi Note 12 Pro+ 5G Black official product phone white background","https://tse1.mm.bing.net/th?q=Redmi%20Note%2012%20Pro%2B%205G%20Black%20official%20product%20phone%20white%20background&w=700&h=700&c=7&rs=1&p=0","redmi-note-12-pro-plus-5g-4gb-64gb-black.jpg"
"144","Xiaomi","Redmi Note 12 Pro+ 5G","Silver","Redmi Note 12 Pro+ 5G Silver official product phone white background","https://tse1.mm.bing.net/th?q=Redmi%20Note%2012%20Pro%2B%205G%20Silver%20official%20product%20phone%20white%20background&w=700&h=700&c=7&rs=1&p=0","redmi-note-12-pro-plus-5g-4gb-64gb-silver.jpg"
"144","Xiaomi","Redmi Note 12 Pro+ 5G","Blue","Redmi Note 12 Pro+ 5G Blue official product phone white background","https://tse1.mm.bing.net/th?q=Redmi%20Note%2012%20Pro%2B%205G%20Blue%20official%20product%20phone%20white%20background&w=700&h=700&c=7&rs=1&p=0","redmi-note-12-pro-plus-5g-4gb-64gb-blue.jpg"
"144","Xiaomi","Redmi Note 12 Pro+ 5G","Green","Redmi Note 12 Pro+ 5G Green official product phone white background","https://tse1.mm.bing.net/th?q=Redmi%20Note%2012%20Pro%2B%205G%20Green%20official%20product%20phone%20white%20background&w=700&h=700&c=7&rs=1&p=0","redmi-note-12-pro-plus-5g-4gb-64gb-green.jpg"
"145","Xiaomi","Redmi Note 12 Pro 5G","Black","Redmi Note 12 Pro 5G Black official product phone white background","https://tse1.mm.bing.net/th?q=Redmi%20Note%2012%20Pro%205G%20Black%20official%20product%20phone%20white%20background&w=700&h=700&c=7&rs=1&p=0","redmi-note-12-pro-5g-4gb-64gb-black.jpg"
"145","Xiaomi","Redmi Note 12 Pro 5G","Silver","Redmi Note 12 Pro 5G Silver official product phone white background","https://tse1.mm.bing.net/th?q=Redmi%20Note%2012%20Pro%205G%20Silver%20official%20product%20phone%20white%20background&w=700&h=700&c=7&rs=1&p=0","redmi-note-12-pro-5g-4gb-64gb-silver.jpg"
"145","Xiaomi","Redmi Note 12 Pro 5G","Blue","Redmi Note 12 Pro 5G Blue official product phone white background","https://tse1.mm.bing.net/th?q=Redmi%20Note%2012%20Pro%205G%20Blue%20official%20product%20phone%20white%20background&w=700&h=700&c=7&rs=1&p=0","redmi-note-12-pro-5g-4gb-64gb-blue.jpg"
"145","Xiaomi","Redmi Note 12 Pro 5G","Green","Redmi Note 12 Pro 5G Green official product phone white background","https://tse1.mm.bing.net/th?q=Redmi%20Note%2012%20Pro%205G%20Green%20official%20product%20phone%20white%20background&w=700&h=700&c=7&rs=1&p=0","redmi-note-12-pro-5g-4gb-64gb-green.jpg"
"146","Xiaomi","Redmi Note 12 5G","Black","Redmi Note 12 5G Black official product phone white background","https://tse1.mm.bing.net/th?q=Redmi%20Note%2012%205G%20Black%20official%20product%20phone%20white%20background&w=700&h=700&c=7&rs=1&p=0","redmi-note-12-5g-4gb-64gb-black.jpg"
"146","Xiaomi","Redmi Note 12 5G","Silver","Redmi Note 12 5G Silver official product phone white background","https://tse1.mm.bing.net/th?q=Redmi%20Note%2012%205G%20Silver%20official%20product%20phone%20white%20background&w=700&h=700&c=7&rs=1&p=0","redmi-note-12-5g-4gb-64gb-silver.jpg"
"146","Xiaomi","Redmi Note 12 5G","Blue","Redmi Note 12 5G Blue official product phone white background","https://tse1.mm.bing.net/th?q=Redmi%20Note%2012%205G%20Blue%20official%20product%20phone%20white%20background&w=700&h=700&c=7&rs=1&p=0","redmi-note-12-5g-4gb-64gb-blue.jpg"
"146","Xiaomi","Redmi Note 12 5G","Green","Redmi Note 12 5G Green official product phone white background","https://tse1.mm.bing.net/th?q=Redmi%20Note%2012%205G%20Green%20official%20product%20phone%20white%20background&w=700&h=700&c=7&rs=1&p=0","redmi-note-12-5g-4gb-64gb-green.jpg"
"147","Xiaomi","Redmi Note 12","Black","Redmi Note 12 Black official product phone white background","https://tse1.mm.bing.net/th?q=Redmi%20Note%2012%20Black%20official%20product%20phone%20white%20background&w=700&h=700&c=7&rs=1&p=0","redmi-note-12-4gb-64gb-black.jpg"
"147","Xiaomi","Redmi Note 12","Silver","Redmi Note 12 Silver official product phone white background","https://tse1.mm.bing.net/th?q=Redmi%20Note%2012%20Silver%20official%20product%20phone%20white%20background&w=700&h=700&c=7&rs=1&p=0","redmi-note-12-4gb-64gb-silver.jpg"
"147","Xiaomi","Redmi Note 12","Blue","Redmi Note 12 Blue official product phone white background","https://tse1.mm.bing.net/th?q=Redmi%20Note%2012%20Blue%20official%20product%20phone%20white%20background&w=700&h=700&c=7&rs=1&p=0","redmi-note-12-4gb-64gb-blue.jpg"
"147","Xiaomi","Redmi Note 12","Green","Redmi Note 12 Green official product phone white background","https://tse1.mm.bing.net/th?q=Redmi%20Note%2012%20Green%20official%20product%20phone%20white%20background&w=700&h=700&c=7&rs=1&p=0","redmi-note-12-4gb-64gb-green.jpg"
"148","Xiaomi","POCO F6","Black","POCO F6 Black official product phone white background","https://tse1.mm.bing.net/th?q=POCO%20F6%20Black%20official%20product%20phone%20white%20background&w=700&h=700&c=7&rs=1&p=0","poco-f6-4gb-64gb-black.jpg"
"148","Xiaomi","POCO F6","Silver","POCO F6 Silver official product phone white background","https://tse1.mm.bing.net/th?q=POCO%20F6%20Silver%20official%20product%20phone%20white%20background&w=700&h=700&c=7&rs=1&p=0","poco-f6-4gb-64gb-silver.jpg"
"148","Xiaomi","POCO F6","Blue","POCO F6 Blue official product phone white background","https://tse1.mm.bing.net/th?q=POCO%20F6%20Blue%20official%20product%20phone%20white%20background&w=700&h=700&c=7&rs=1&p=0","poco-f6-4gb-64gb-blue.jpg"
"148","Xiaomi","POCO F6","Green","POCO F6 Green official product phone white background","https://tse1.mm.bing.net/th?q=POCO%20F6%20Green%20official%20product%20phone%20white%20background&w=700&h=700&c=7&rs=1&p=0","poco-f6-4gb-64gb-green.jpg"
"149","Xiaomi","POCO X7 Pro","Black","POCO X7 Pro Black official product phone white background","https://tse1.mm.bing.net/th?q=POCO%20X7%20Pro%20Black%20official%20product%20phone%20white%20background&w=700&h=700&c=7&rs=1&p=0","poco-x7-pro-4gb-64gb-black.jpg"
"149","Xiaomi","POCO X7 Pro","Silver","POCO X7 Pro Silver official product phone white background","https://tse1.mm.bing.net/th?q=POCO%20X7%20Pro%20Silver%20official%20product%20phone%20white%20background&w=700&h=700&c=7&rs=1&p=0","poco-x7-pro-4gb-64gb-silver.jpg"
"149","Xiaomi","POCO X7 Pro","Blue","POCO X7 Pro Blue official product phone white background","https://tse1.mm.bing.net/th?q=POCO%20X7%20Pro%20Blue%20official%20product%20phone%20white%20background&w=700&h=700&c=7&rs=1&p=0","poco-x7-pro-4gb-64gb-blue.jpg"
"149","Xiaomi","POCO X7 Pro","Green","POCO X7 Pro Green official product phone white background","https://tse1.mm.bing.net/th?q=POCO%20X7%20Pro%20Green%20official%20product%20phone%20white%20background&w=700&h=700&c=7&rs=1&p=0","poco-x7-pro-4gb-64gb-green.jpg"
"150","Xiaomi","POCO X7","Black","POCO X7 Black official product phone white background","https://tse1.mm.bing.net/th?q=POCO%20X7%20Black%20official%20product%20phone%20white%20background&w=700&h=700&c=7&rs=1&p=0","poco-x7-4gb-64gb-black.jpg"
"150","Xiaomi","POCO X7","Silver","POCO X7 Silver official product phone white background","https://tse1.mm.bing.net/th?q=POCO%20X7%20Silver%20official%20product%20phone%20white%20background&w=700&h=700&c=7&rs=1&p=0","poco-x7-4gb-64gb-silver.jpg"
"150","Xiaomi","POCO X7","Blue","POCO X7 Blue official product phone white background","https://tse1.mm.bing.net/th?q=POCO%20X7%20Blue%20official%20product%20phone%20white%20background&w=700&h=700&c=7&rs=1&p=0","poco-x7-4gb-64gb-blue.jpg"
"150","Xiaomi","POCO X7","Green","POCO X7 Green official product phone white background","https://tse1.mm.bing.net/th?q=POCO%20X7%20Green%20official%20product%20phone%20white%20background&w=700&h=700&c=7&rs=1&p=0","poco-x7-4gb-64gb-green.jpg"
"151","Oppo","OPPO Find X9 Ultra","Black","OPPO Find X9 Ultra Black official product phone white background","https://tse1.mm.bing.net/th?q=OPPO%20Find%20X9%20Ultra%20Black%20official%20product%20phone%20white%20background&w=700&h=700&c=7&rs=1&p=0","oppo-find-x9-ultra-12gb-256gb-black.jpg"
"151","Oppo","OPPO Find X9 Ultra","White","OPPO Find X9 Ultra White official product phone white background","https://tse1.mm.bing.net/th?q=OPPO%20Find%20X9%20Ultra%20White%20official%20product%20phone%20white%20background&w=700&h=700&c=7&rs=1&p=0","oppo-find-x9-ultra-12gb-256gb-white.jpg"
"151","Oppo","OPPO Find X9 Ultra","Blue","OPPO Find X9 Ultra Blue official product phone white background","https://tse1.mm.bing.net/th?q=OPPO%20Find%20X9%20Ultra%20Blue%20official%20product%20phone%20white%20background&w=700&h=700&c=7&rs=1&p=0","oppo-find-x9-ultra-12gb-256gb-blue.jpg"
"151","Oppo","OPPO Find X9 Ultra","Gold","OPPO Find X9 Ultra Gold official product phone white background","https://tse1.mm.bing.net/th?q=OPPO%20Find%20X9%20Ultra%20Gold%20official%20product%20phone%20white%20background&w=700&h=700&c=7&rs=1&p=0","oppo-find-x9-ultra-12gb-256gb-gold.jpg"
"152","Oppo","OPPO Find X9 Pro","Black","OPPO Find X9 Pro Black official product phone white background","https://tse1.mm.bing.net/th?q=OPPO%20Find%20X9%20Pro%20Black%20official%20product%20phone%20white%20background&w=700&h=700&c=7&rs=1&p=0","oppo-find-x9-pro-12gb-256gb-black.jpg"
"152","Oppo","OPPO Find X9 Pro","White","OPPO Find X9 Pro White official product phone white background","https://tse1.mm.bing.net/th?q=OPPO%20Find%20X9%20Pro%20White%20official%20product%20phone%20white%20background&w=700&h=700&c=7&rs=1&p=0","oppo-find-x9-pro-12gb-256gb-white.jpg"
"152","Oppo","OPPO Find X9 Pro","Blue","OPPO Find X9 Pro Blue official product phone white background","https://tse1.mm.bing.net/th?q=OPPO%20Find%20X9%20Pro%20Blue%20official%20product%20phone%20white%20background&w=700&h=700&c=7&rs=1&p=0","oppo-find-x9-pro-12gb-256gb-blue.jpg"
"152","Oppo","OPPO Find X9 Pro","Gold","OPPO Find X9 Pro Gold official product phone white background","https://tse1.mm.bing.net/th?q=OPPO%20Find%20X9%20Pro%20Gold%20official%20product%20phone%20white%20background&w=700&h=700&c=7&rs=1&p=0","oppo-find-x9-pro-12gb-256gb-gold.jpg"
"153","Oppo","OPPO Find X9","Black","OPPO Find X9 Black official product phone white background","https://tse1.mm.bing.net/th?q=OPPO%20Find%20X9%20Black%20official%20product%20phone%20white%20background&w=700&h=700&c=7&rs=1&p=0","oppo-find-x9-12gb-256gb-black.jpg"
"153","Oppo","OPPO Find X9","White","OPPO Find X9 White official product phone white background","https://tse1.mm.bing.net/th?q=OPPO%20Find%20X9%20White%20official%20product%20phone%20white%20background&w=700&h=700&c=7&rs=1&p=0","oppo-find-x9-12gb-256gb-white.jpg"
"153","Oppo","OPPO Find X9","Blue","OPPO Find X9 Blue official product phone white background","https://tse1.mm.bing.net/th?q=OPPO%20Find%20X9%20Blue%20official%20product%20phone%20white%20background&w=700&h=700&c=7&rs=1&p=0","oppo-find-x9-12gb-256gb-blue.jpg"
"153","Oppo","OPPO Find X9","Gold","OPPO Find X9 Gold official product phone white background","https://tse1.mm.bing.net/th?q=OPPO%20Find%20X9%20Gold%20official%20product%20phone%20white%20background&w=700&h=700&c=7&rs=1&p=0","oppo-find-x9-12gb-256gb-gold.jpg"
"154","Oppo","OPPO Find X8 Ultra","Black","OPPO Find X8 Ultra Black official product phone white background","https://tse1.mm.bing.net/th?q=OPPO%20Find%20X8%20Ultra%20Black%20official%20product%20phone%20white%20background&w=700&h=700&c=7&rs=1&p=0","oppo-find-x8-ultra-12gb-256gb-black.jpg"
"154","Oppo","OPPO Find X8 Ultra","White","OPPO Find X8 Ultra White official product phone white background","https://tse1.mm.bing.net/th?q=OPPO%20Find%20X8%20Ultra%20White%20official%20product%20phone%20white%20background&w=700&h=700&c=7&rs=1&p=0","oppo-find-x8-ultra-12gb-256gb-white.jpg"
"154","Oppo","OPPO Find X8 Ultra","Blue","OPPO Find X8 Ultra Blue official product phone white background","https://tse1.mm.bing.net/th?q=OPPO%20Find%20X8%20Ultra%20Blue%20official%20product%20phone%20white%20background&w=700&h=700&c=7&rs=1&p=0","oppo-find-x8-ultra-12gb-256gb-blue.jpg"
"154","Oppo","OPPO Find X8 Ultra","Gold","OPPO Find X8 Ultra Gold official product phone white background","https://tse1.mm.bing.net/th?q=OPPO%20Find%20X8%20Ultra%20Gold%20official%20product%20phone%20white%20background&w=700&h=700&c=7&rs=1&p=0","oppo-find-x8-ultra-12gb-256gb-gold.jpg"
"155","Oppo","OPPO Find X8 Pro","Black","OPPO Find X8 Pro Black official product phone white background","https://tse1.mm.bing.net/th?q=OPPO%20Find%20X8%20Pro%20Black%20official%20product%20phone%20white%20background&w=700&h=700&c=7&rs=1&p=0","oppo-find-x8-pro-12gb-256gb-black.jpg"
"155","Oppo","OPPO Find X8 Pro","White","OPPO Find X8 Pro White official product phone white background","https://tse1.mm.bing.net/th?q=OPPO%20Find%20X8%20Pro%20White%20official%20product%20phone%20white%20background&w=700&h=700&c=7&rs=1&p=0","oppo-find-x8-pro-12gb-256gb-white.jpg"
"155","Oppo","OPPO Find X8 Pro","Blue","OPPO Find X8 Pro Blue official product phone white background","https://tse1.mm.bing.net/th?q=OPPO%20Find%20X8%20Pro%20Blue%20official%20product%20phone%20white%20background&w=700&h=700&c=7&rs=1&p=0","oppo-find-x8-pro-12gb-256gb-blue.jpg"
"155","Oppo","OPPO Find X8 Pro","Gold","OPPO Find X8 Pro Gold official product phone white background","https://tse1.mm.bing.net/th?q=OPPO%20Find%20X8%20Pro%20Gold%20official%20product%20phone%20white%20background&w=700&h=700&c=7&rs=1&p=0","oppo-find-x8-pro-12gb-256gb-gold.jpg"
"156","Oppo","OPPO Find X8","Black","OPPO Find X8 Black official product phone white background","https://tse1.mm.bing.net/th?q=OPPO%20Find%20X8%20Black%20official%20product%20phone%20white%20background&w=700&h=700&c=7&rs=1&p=0","oppo-find-x8-12gb-256gb-black.jpg"
"156","Oppo","OPPO Find X8","White","OPPO Find X8 White official product phone white background","https://tse1.mm.bing.net/th?q=OPPO%20Find%20X8%20White%20official%20product%20phone%20white%20background&w=700&h=700&c=7&rs=1&p=0","oppo-find-x8-12gb-256gb-white.jpg"
"156","Oppo","OPPO Find X8","Blue","OPPO Find X8 Blue official product phone white background","https://tse1.mm.bing.net/th?q=OPPO%20Find%20X8%20Blue%20official%20product%20phone%20white%20background&w=700&h=700&c=7&rs=1&p=0","oppo-find-x8-12gb-256gb-blue.jpg"
"156","Oppo","OPPO Find X8","Gold","OPPO Find X8 Gold official product phone white background","https://tse1.mm.bing.net/th?q=OPPO%20Find%20X8%20Gold%20official%20product%20phone%20white%20background&w=700&h=700&c=7&rs=1&p=0","oppo-find-x8-12gb-256gb-gold.jpg"
"157","Oppo","OPPO Find X7 Ultra","Black","OPPO Find X7 Ultra Black official product phone white background","https://tse1.mm.bing.net/th?q=OPPO%20Find%20X7%20Ultra%20Black%20official%20product%20phone%20white%20background&w=700&h=700&c=7&rs=1&p=0","oppo-find-x7-ultra-12gb-256gb-black.jpg"
"157","Oppo","OPPO Find X7 Ultra","White","OPPO Find X7 Ultra White official product phone white background","https://tse1.mm.bing.net/th?q=OPPO%20Find%20X7%20Ultra%20White%20official%20product%20phone%20white%20background&w=700&h=700&c=7&rs=1&p=0","oppo-find-x7-ultra-12gb-256gb-white.jpg"
"157","Oppo","OPPO Find X7 Ultra","Blue","OPPO Find X7 Ultra Blue official product phone white background","https://tse1.mm.bing.net/th?q=OPPO%20Find%20X7%20Ultra%20Blue%20official%20product%20phone%20white%20background&w=700&h=700&c=7&rs=1&p=0","oppo-find-x7-ultra-12gb-256gb-blue.jpg"
"157","Oppo","OPPO Find X7 Ultra","Gold","OPPO Find X7 Ultra Gold official product phone white background","https://tse1.mm.bing.net/th?q=OPPO%20Find%20X7%20Ultra%20Gold%20official%20product%20phone%20white%20background&w=700&h=700&c=7&rs=1&p=0","oppo-find-x7-ultra-12gb-256gb-gold.jpg"
"158","Oppo","OPPO Find X7","Black","OPPO Find X7 Black official product phone white background","https://tse1.mm.bing.net/th?q=OPPO%20Find%20X7%20Black%20official%20product%20phone%20white%20background&w=700&h=700&c=7&rs=1&p=0","oppo-find-x7-12gb-256gb-black.jpg"
"158","Oppo","OPPO Find X7","White","OPPO Find X7 White official product phone white background","https://tse1.mm.bing.net/th?q=OPPO%20Find%20X7%20White%20official%20product%20phone%20white%20background&w=700&h=700&c=7&rs=1&p=0","oppo-find-x7-12gb-256gb-white.jpg"
"158","Oppo","OPPO Find X7","Blue","OPPO Find X7 Blue official product phone white background","https://tse1.mm.bing.net/th?q=OPPO%20Find%20X7%20Blue%20official%20product%20phone%20white%20background&w=700&h=700&c=7&rs=1&p=0","oppo-find-x7-12gb-256gb-blue.jpg"
"158","Oppo","OPPO Find X7","Gold","OPPO Find X7 Gold official product phone white background","https://tse1.mm.bing.net/th?q=OPPO%20Find%20X7%20Gold%20official%20product%20phone%20white%20background&w=700&h=700&c=7&rs=1&p=0","oppo-find-x7-12gb-256gb-gold.jpg"
"159","Oppo","OPPO Find X6 Pro","Black","OPPO Find X6 Pro Black official product phone white background","https://tse1.mm.bing.net/th?q=OPPO%20Find%20X6%20Pro%20Black%20official%20product%20phone%20white%20background&w=700&h=700&c=7&rs=1&p=0","oppo-find-x6-pro-12gb-256gb-black.jpg"
"159","Oppo","OPPO Find X6 Pro","White","OPPO Find X6 Pro White official product phone white background","https://tse1.mm.bing.net/th?q=OPPO%20Find%20X6%20Pro%20White%20official%20product%20phone%20white%20background&w=700&h=700&c=7&rs=1&p=0","oppo-find-x6-pro-12gb-256gb-white.jpg"
"159","Oppo","OPPO Find X6 Pro","Blue","OPPO Find X6 Pro Blue official product phone white background","https://tse1.mm.bing.net/th?q=OPPO%20Find%20X6%20Pro%20Blue%20official%20product%20phone%20white%20background&w=700&h=700&c=7&rs=1&p=0","oppo-find-x6-pro-12gb-256gb-blue.jpg"
"159","Oppo","OPPO Find X6 Pro","Gold","OPPO Find X6 Pro Gold official product phone white background","https://tse1.mm.bing.net/th?q=OPPO%20Find%20X6%20Pro%20Gold%20official%20product%20phone%20white%20background&w=700&h=700&c=7&rs=1&p=0","oppo-find-x6-pro-12gb-256gb-gold.jpg"
"160","Oppo","OPPO Find X6","Black","OPPO Find X6 Black official product phone white background","https://tse1.mm.bing.net/th?q=OPPO%20Find%20X6%20Black%20official%20product%20phone%20white%20background&w=700&h=700&c=7&rs=1&p=0","oppo-find-x6-12gb-256gb-black.jpg"
"160","Oppo","OPPO Find X6","White","OPPO Find X6 White official product phone white background","https://tse1.mm.bing.net/th?q=OPPO%20Find%20X6%20White%20official%20product%20phone%20white%20background&w=700&h=700&c=7&rs=1&p=0","oppo-find-x6-12gb-256gb-white.jpg"
"160","Oppo","OPPO Find X6","Blue","OPPO Find X6 Blue official product phone white background","https://tse1.mm.bing.net/th?q=OPPO%20Find%20X6%20Blue%20official%20product%20phone%20white%20background&w=700&h=700&c=7&rs=1&p=0","oppo-find-x6-12gb-256gb-blue.jpg"
"160","Oppo","OPPO Find X6","Gold","OPPO Find X6 Gold official product phone white background","https://tse1.mm.bing.net/th?q=OPPO%20Find%20X6%20Gold%20official%20product%20phone%20white%20background&w=700&h=700&c=7&rs=1&p=0","oppo-find-x6-12gb-256gb-gold.jpg"
"161","Oppo","OPPO Find X5 Pro","Black","OPPO Find X5 Pro Black official product phone white background","https://tse1.mm.bing.net/th?q=OPPO%20Find%20X5%20Pro%20Black%20official%20product%20phone%20white%20background&w=700&h=700&c=7&rs=1&p=0","oppo-find-x5-pro-12gb-256gb-black.jpg"
"161","Oppo","OPPO Find X5 Pro","White","OPPO Find X5 Pro White official product phone white background","https://tse1.mm.bing.net/th?q=OPPO%20Find%20X5%20Pro%20White%20official%20product%20phone%20white%20background&w=700&h=700&c=7&rs=1&p=0","oppo-find-x5-pro-12gb-256gb-white.jpg"
"161","Oppo","OPPO Find X5 Pro","Blue","OPPO Find X5 Pro Blue official product phone white background","https://tse1.mm.bing.net/th?q=OPPO%20Find%20X5%20Pro%20Blue%20official%20product%20phone%20white%20background&w=700&h=700&c=7&rs=1&p=0","oppo-find-x5-pro-12gb-256gb-blue.jpg"
"161","Oppo","OPPO Find X5 Pro","Gold","OPPO Find X5 Pro Gold official product phone white background","https://tse1.mm.bing.net/th?q=OPPO%20Find%20X5%20Pro%20Gold%20official%20product%20phone%20white%20background&w=700&h=700&c=7&rs=1&p=0","oppo-find-x5-pro-12gb-256gb-gold.jpg"
"162","Oppo","OPPO Find N6","Black","OPPO Find N6 Black official product phone white background","https://tse1.mm.bing.net/th?q=OPPO%20Find%20N6%20Black%20official%20product%20phone%20white%20background&w=700&h=700&c=7&rs=1&p=0","oppo-find-n6-12gb-256gb-black.jpg"
"162","Oppo","OPPO Find N6","White","OPPO Find N6 White official product phone white background","https://tse1.mm.bing.net/th?q=OPPO%20Find%20N6%20White%20official%20product%20phone%20white%20background&w=700&h=700&c=7&rs=1&p=0","oppo-find-n6-12gb-256gb-white.jpg"
"162","Oppo","OPPO Find N6","Blue","OPPO Find N6 Blue official product phone white background","https://tse1.mm.bing.net/th?q=OPPO%20Find%20N6%20Blue%20official%20product%20phone%20white%20background&w=700&h=700&c=7&rs=1&p=0","oppo-find-n6-12gb-256gb-blue.jpg"
"162","Oppo","OPPO Find N6","Gold","OPPO Find N6 Gold official product phone white background","https://tse1.mm.bing.net/th?q=OPPO%20Find%20N6%20Gold%20official%20product%20phone%20white%20background&w=700&h=700&c=7&rs=1&p=0","oppo-find-n6-12gb-256gb-gold.jpg"
"163","Oppo","OPPO Find N5","Black","OPPO Find N5 Black official product phone white background","https://tse1.mm.bing.net/th?q=OPPO%20Find%20N5%20Black%20official%20product%20phone%20white%20background&w=700&h=700&c=7&rs=1&p=0","oppo-find-n5-12gb-256gb-black.jpg"
"163","Oppo","OPPO Find N5","White","OPPO Find N5 White official product phone white background","https://tse1.mm.bing.net/th?q=OPPO%20Find%20N5%20White%20official%20product%20phone%20white%20background&w=700&h=700&c=7&rs=1&p=0","oppo-find-n5-12gb-256gb-white.jpg"
"163","Oppo","OPPO Find N5","Blue","OPPO Find N5 Blue official product phone white background","https://tse1.mm.bing.net/th?q=OPPO%20Find%20N5%20Blue%20official%20product%20phone%20white%20background&w=700&h=700&c=7&rs=1&p=0","oppo-find-n5-12gb-256gb-blue.jpg"
"163","Oppo","OPPO Find N5","Gold","OPPO Find N5 Gold official product phone white background","https://tse1.mm.bing.net/th?q=OPPO%20Find%20N5%20Gold%20official%20product%20phone%20white%20background&w=700&h=700&c=7&rs=1&p=0","oppo-find-n5-12gb-256gb-gold.jpg"
"164","Oppo","OPPO Find X5","Black","OPPO Find X5 Black official product phone white background","https://tse1.mm.bing.net/th?q=OPPO%20Find%20X5%20Black%20official%20product%20phone%20white%20background&w=700&h=700&c=7&rs=1&p=0","oppo-find-x5-8gb-128gb-black.jpg"
"164","Oppo","OPPO Find X5","White","OPPO Find X5 White official product phone white background","https://tse1.mm.bing.net/th?q=OPPO%20Find%20X5%20White%20official%20product%20phone%20white%20background&w=700&h=700&c=7&rs=1&p=0","oppo-find-x5-8gb-128gb-white.jpg"
"164","Oppo","OPPO Find X5","Blue","OPPO Find X5 Blue official product phone white background","https://tse1.mm.bing.net/th?q=OPPO%20Find%20X5%20Blue%20official%20product%20phone%20white%20background&w=700&h=700&c=7&rs=1&p=0","oppo-find-x5-8gb-128gb-blue.jpg"
"164","Oppo","OPPO Find X5","Gold","OPPO Find X5 Gold official product phone white background","https://tse1.mm.bing.net/th?q=OPPO%20Find%20X5%20Gold%20official%20product%20phone%20white%20background&w=700&h=700&c=7&rs=1&p=0","oppo-find-x5-8gb-128gb-gold.jpg"
"165","Oppo","OPPO Find X3 Pro","Black","OPPO Find X3 Pro Black official product phone white background","https://tse1.mm.bing.net/th?q=OPPO%20Find%20X3%20Pro%20Black%20official%20product%20phone%20white%20background&w=700&h=700&c=7&rs=1&p=0","oppo-find-x3-pro-8gb-128gb-black.jpg"
"165","Oppo","OPPO Find X3 Pro","White","OPPO Find X3 Pro White official product phone white background","https://tse1.mm.bing.net/th?q=OPPO%20Find%20X3%20Pro%20White%20official%20product%20phone%20white%20background&w=700&h=700&c=7&rs=1&p=0","oppo-find-x3-pro-8gb-128gb-white.jpg"
"165","Oppo","OPPO Find X3 Pro","Blue","OPPO Find X3 Pro Blue official product phone white background","https://tse1.mm.bing.net/th?q=OPPO%20Find%20X3%20Pro%20Blue%20official%20product%20phone%20white%20background&w=700&h=700&c=7&rs=1&p=0","oppo-find-x3-pro-8gb-128gb-blue.jpg"
"165","Oppo","OPPO Find X3 Pro","Gold","OPPO Find X3 Pro Gold official product phone white background","https://tse1.mm.bing.net/th?q=OPPO%20Find%20X3%20Pro%20Gold%20official%20product%20phone%20white%20background&w=700&h=700&c=7&rs=1&p=0","oppo-find-x3-pro-8gb-128gb-gold.jpg"
"166","Oppo","OPPO Find N3","Black","OPPO Find N3 Black official product phone white background","https://tse1.mm.bing.net/th?q=OPPO%20Find%20N3%20Black%20official%20product%20phone%20white%20background&w=700&h=700&c=7&rs=1&p=0","oppo-find-n3-8gb-128gb-black.jpg"
"166","Oppo","OPPO Find N3","White","OPPO Find N3 White official product phone white background","https://tse1.mm.bing.net/th?q=OPPO%20Find%20N3%20White%20official%20product%20phone%20white%20background&w=700&h=700&c=7&rs=1&p=0","oppo-find-n3-8gb-128gb-white.jpg"
"166","Oppo","OPPO Find N3","Blue","OPPO Find N3 Blue official product phone white background","https://tse1.mm.bing.net/th?q=OPPO%20Find%20N3%20Blue%20official%20product%20phone%20white%20background&w=700&h=700&c=7&rs=1&p=0","oppo-find-n3-8gb-128gb-blue.jpg"
"166","Oppo","OPPO Find N3","Gold","OPPO Find N3 Gold official product phone white background","https://tse1.mm.bing.net/th?q=OPPO%20Find%20N3%20Gold%20official%20product%20phone%20white%20background&w=700&h=700&c=7&rs=1&p=0","oppo-find-n3-8gb-128gb-gold.jpg"
"167","Oppo","OPPO Reno15 Pro Max","Black","OPPO Reno15 Pro Max Black official product phone white background","https://tse1.mm.bing.net/th?q=OPPO%20Reno15%20Pro%20Max%20Black%20official%20product%20phone%20white%20background&w=700&h=700&c=7&rs=1&p=0","oppo-reno15-pro-max-8gb-128gb-black.jpg"
"167","Oppo","OPPO Reno15 Pro Max","White","OPPO Reno15 Pro Max White official product phone white background","https://tse1.mm.bing.net/th?q=OPPO%20Reno15%20Pro%20Max%20White%20official%20product%20phone%20white%20background&w=700&h=700&c=7&rs=1&p=0","oppo-reno15-pro-max-8gb-128gb-white.jpg"
"167","Oppo","OPPO Reno15 Pro Max","Blue","OPPO Reno15 Pro Max Blue official product phone white background","https://tse1.mm.bing.net/th?q=OPPO%20Reno15%20Pro%20Max%20Blue%20official%20product%20phone%20white%20background&w=700&h=700&c=7&rs=1&p=0","oppo-reno15-pro-max-8gb-128gb-blue.jpg"
"167","Oppo","OPPO Reno15 Pro Max","Gold","OPPO Reno15 Pro Max Gold official product phone white background","https://tse1.mm.bing.net/th?q=OPPO%20Reno15%20Pro%20Max%20Gold%20official%20product%20phone%20white%20background&w=700&h=700&c=7&rs=1&p=0","oppo-reno15-pro-max-8gb-128gb-gold.jpg"
"168","Oppo","OPPO Reno15 Pro","Black","OPPO Reno15 Pro Black official product phone white background","https://tse1.mm.bing.net/th?q=OPPO%20Reno15%20Pro%20Black%20official%20product%20phone%20white%20background&w=700&h=700&c=7&rs=1&p=0","oppo-reno15-pro-8gb-128gb-black.jpg"
"168","Oppo","OPPO Reno15 Pro","White","OPPO Reno15 Pro White official product phone white background","https://tse1.mm.bing.net/th?q=OPPO%20Reno15%20Pro%20White%20official%20product%20phone%20white%20background&w=700&h=700&c=7&rs=1&p=0","oppo-reno15-pro-8gb-128gb-white.jpg"
"168","Oppo","OPPO Reno15 Pro","Blue","OPPO Reno15 Pro Blue official product phone white background","https://tse1.mm.bing.net/th?q=OPPO%20Reno15%20Pro%20Blue%20official%20product%20phone%20white%20background&w=700&h=700&c=7&rs=1&p=0","oppo-reno15-pro-8gb-128gb-blue.jpg"
"168","Oppo","OPPO Reno15 Pro","Gold","OPPO Reno15 Pro Gold official product phone white background","https://tse1.mm.bing.net/th?q=OPPO%20Reno15%20Pro%20Gold%20official%20product%20phone%20white%20background&w=700&h=700&c=7&rs=1&p=0","oppo-reno15-pro-8gb-128gb-gold.jpg"
"169","Oppo","OPPO Reno15","Black","OPPO Reno15 Black official product phone white background","https://tse1.mm.bing.net/th?q=OPPO%20Reno15%20Black%20official%20product%20phone%20white%20background&w=700&h=700&c=7&rs=1&p=0","oppo-reno15-8gb-128gb-black.jpg"
"169","Oppo","OPPO Reno15","White","OPPO Reno15 White official product phone white background","https://tse1.mm.bing.net/th?q=OPPO%20Reno15%20White%20official%20product%20phone%20white%20background&w=700&h=700&c=7&rs=1&p=0","oppo-reno15-8gb-128gb-white.jpg"
"169","Oppo","OPPO Reno15","Blue","OPPO Reno15 Blue official product phone white background","https://tse1.mm.bing.net/th?q=OPPO%20Reno15%20Blue%20official%20product%20phone%20white%20background&w=700&h=700&c=7&rs=1&p=0","oppo-reno15-8gb-128gb-blue.jpg"
"169","Oppo","OPPO Reno15","Gold","OPPO Reno15 Gold official product phone white background","https://tse1.mm.bing.net/th?q=OPPO%20Reno15%20Gold%20official%20product%20phone%20white%20background&w=700&h=700&c=7&rs=1&p=0","oppo-reno15-8gb-128gb-gold.jpg"
"170","Oppo","OPPO Reno14 Pro","Black","OPPO Reno14 Pro Black official product phone white background","https://tse1.mm.bing.net/th?q=OPPO%20Reno14%20Pro%20Black%20official%20product%20phone%20white%20background&w=700&h=700&c=7&rs=1&p=0","oppo-reno14-pro-8gb-128gb-black.jpg"
"170","Oppo","OPPO Reno14 Pro","White","OPPO Reno14 Pro White official product phone white background","https://tse1.mm.bing.net/th?q=OPPO%20Reno14%20Pro%20White%20official%20product%20phone%20white%20background&w=700&h=700&c=7&rs=1&p=0","oppo-reno14-pro-8gb-128gb-white.jpg"
"170","Oppo","OPPO Reno14 Pro","Blue","OPPO Reno14 Pro Blue official product phone white background","https://tse1.mm.bing.net/th?q=OPPO%20Reno14%20Pro%20Blue%20official%20product%20phone%20white%20background&w=700&h=700&c=7&rs=1&p=0","oppo-reno14-pro-8gb-128gb-blue.jpg"
"170","Oppo","OPPO Reno14 Pro","Gold","OPPO Reno14 Pro Gold official product phone white background","https://tse1.mm.bing.net/th?q=OPPO%20Reno14%20Pro%20Gold%20official%20product%20phone%20white%20background&w=700&h=700&c=7&rs=1&p=0","oppo-reno14-pro-8gb-128gb-gold.jpg"
"171","Oppo","OPPO Reno14","Black","OPPO Reno14 Black official product phone white background","https://tse1.mm.bing.net/th?q=OPPO%20Reno14%20Black%20official%20product%20phone%20white%20background&w=700&h=700&c=7&rs=1&p=0","oppo-reno14-8gb-128gb-black.jpg"
"171","Oppo","OPPO Reno14","White","OPPO Reno14 White official product phone white background","https://tse1.mm.bing.net/th?q=OPPO%20Reno14%20White%20official%20product%20phone%20white%20background&w=700&h=700&c=7&rs=1&p=0","oppo-reno14-8gb-128gb-white.jpg"
"171","Oppo","OPPO Reno14","Blue","OPPO Reno14 Blue official product phone white background","https://tse1.mm.bing.net/th?q=OPPO%20Reno14%20Blue%20official%20product%20phone%20white%20background&w=700&h=700&c=7&rs=1&p=0","oppo-reno14-8gb-128gb-blue.jpg"
"171","Oppo","OPPO Reno14","Gold","OPPO Reno14 Gold official product phone white background","https://tse1.mm.bing.net/th?q=OPPO%20Reno14%20Gold%20official%20product%20phone%20white%20background&w=700&h=700&c=7&rs=1&p=0","oppo-reno14-8gb-128gb-gold.jpg"
"172","Oppo","OPPO Reno13 Pro","Black","OPPO Reno13 Pro Black official product phone white background","https://tse1.mm.bing.net/th?q=OPPO%20Reno13%20Pro%20Black%20official%20product%20phone%20white%20background&w=700&h=700&c=7&rs=1&p=0","oppo-reno13-pro-8gb-128gb-black.jpg"
"172","Oppo","OPPO Reno13 Pro","White","OPPO Reno13 Pro White official product phone white background","https://tse1.mm.bing.net/th?q=OPPO%20Reno13%20Pro%20White%20official%20product%20phone%20white%20background&w=700&h=700&c=7&rs=1&p=0","oppo-reno13-pro-8gb-128gb-white.jpg"
"172","Oppo","OPPO Reno13 Pro","Blue","OPPO Reno13 Pro Blue official product phone white background","https://tse1.mm.bing.net/th?q=OPPO%20Reno13%20Pro%20Blue%20official%20product%20phone%20white%20background&w=700&h=700&c=7&rs=1&p=0","oppo-reno13-pro-8gb-128gb-blue.jpg"
"172","Oppo","OPPO Reno13 Pro","Gold","OPPO Reno13 Pro Gold official product phone white background","https://tse1.mm.bing.net/th?q=OPPO%20Reno13%20Pro%20Gold%20official%20product%20phone%20white%20background&w=700&h=700&c=7&rs=1&p=0","oppo-reno13-pro-8gb-128gb-gold.jpg"
"173","Oppo","OPPO Reno13","Black","OPPO Reno13 Black official product phone white background","https://tse1.mm.bing.net/th?q=OPPO%20Reno13%20Black%20official%20product%20phone%20white%20background&w=700&h=700&c=7&rs=1&p=0","oppo-reno13-8gb-128gb-black.jpg"
"173","Oppo","OPPO Reno13","White","OPPO Reno13 White official product phone white background","https://tse1.mm.bing.net/th?q=OPPO%20Reno13%20White%20official%20product%20phone%20white%20background&w=700&h=700&c=7&rs=1&p=0","oppo-reno13-8gb-128gb-white.jpg"
"173","Oppo","OPPO Reno13","Blue","OPPO Reno13 Blue official product phone white background","https://tse1.mm.bing.net/th?q=OPPO%20Reno13%20Blue%20official%20product%20phone%20white%20background&w=700&h=700&c=7&rs=1&p=0","oppo-reno13-8gb-128gb-blue.jpg"
"173","Oppo","OPPO Reno13","Gold","OPPO Reno13 Gold official product phone white background","https://tse1.mm.bing.net/th?q=OPPO%20Reno13%20Gold%20official%20product%20phone%20white%20background&w=700&h=700&c=7&rs=1&p=0","oppo-reno13-8gb-128gb-gold.jpg"
"174","Oppo","OPPO Reno12 Pro","Black","OPPO Reno12 Pro Black official product phone white background","https://tse1.mm.bing.net/th?q=OPPO%20Reno12%20Pro%20Black%20official%20product%20phone%20white%20background&w=700&h=700&c=7&rs=1&p=0","oppo-reno12-pro-8gb-128gb-black.jpg"
"174","Oppo","OPPO Reno12 Pro","White","OPPO Reno12 Pro White official product phone white background","https://tse1.mm.bing.net/th?q=OPPO%20Reno12%20Pro%20White%20official%20product%20phone%20white%20background&w=700&h=700&c=7&rs=1&p=0","oppo-reno12-pro-8gb-128gb-white.jpg"
"174","Oppo","OPPO Reno12 Pro","Blue","OPPO Reno12 Pro Blue official product phone white background","https://tse1.mm.bing.net/th?q=OPPO%20Reno12%20Pro%20Blue%20official%20product%20phone%20white%20background&w=700&h=700&c=7&rs=1&p=0","oppo-reno12-pro-8gb-128gb-blue.jpg"
"174","Oppo","OPPO Reno12 Pro","Gold","OPPO Reno12 Pro Gold official product phone white background","https://tse1.mm.bing.net/th?q=OPPO%20Reno12%20Pro%20Gold%20official%20product%20phone%20white%20background&w=700&h=700&c=7&rs=1&p=0","oppo-reno12-pro-8gb-128gb-gold.jpg"
"175","Oppo","OPPO Reno12","Black","OPPO Reno12 Black official product phone white background","https://tse1.mm.bing.net/th?q=OPPO%20Reno12%20Black%20official%20product%20phone%20white%20background&w=700&h=700&c=7&rs=1&p=0","oppo-reno12-8gb-128gb-black.jpg"
"175","Oppo","OPPO Reno12","White","OPPO Reno12 White official product phone white background","https://tse1.mm.bing.net/th?q=OPPO%20Reno12%20White%20official%20product%20phone%20white%20background&w=700&h=700&c=7&rs=1&p=0","oppo-reno12-8gb-128gb-white.jpg"
"175","Oppo","OPPO Reno12","Blue","OPPO Reno12 Blue official product phone white background","https://tse1.mm.bing.net/th?q=OPPO%20Reno12%20Blue%20official%20product%20phone%20white%20background&w=700&h=700&c=7&rs=1&p=0","oppo-reno12-8gb-128gb-blue.jpg"
"175","Oppo","OPPO Reno12","Gold","OPPO Reno12 Gold official product phone white background","https://tse1.mm.bing.net/th?q=OPPO%20Reno12%20Gold%20official%20product%20phone%20white%20background&w=700&h=700&c=7&rs=1&p=0","oppo-reno12-8gb-128gb-gold.jpg"
"176","Oppo","OPPO Reno11 Pro","Black","OPPO Reno11 Pro Black official product phone white background","https://tse1.mm.bing.net/th?q=OPPO%20Reno11%20Pro%20Black%20official%20product%20phone%20white%20background&w=700&h=700&c=7&rs=1&p=0","oppo-reno11-pro-8gb-128gb-black.jpg"
"176","Oppo","OPPO Reno11 Pro","White","OPPO Reno11 Pro White official product phone white background","https://tse1.mm.bing.net/th?q=OPPO%20Reno11%20Pro%20White%20official%20product%20phone%20white%20background&w=700&h=700&c=7&rs=1&p=0","oppo-reno11-pro-8gb-128gb-white.jpg"
"176","Oppo","OPPO Reno11 Pro","Blue","OPPO Reno11 Pro Blue official product phone white background","https://tse1.mm.bing.net/th?q=OPPO%20Reno11%20Pro%20Blue%20official%20product%20phone%20white%20background&w=700&h=700&c=7&rs=1&p=0","oppo-reno11-pro-8gb-128gb-blue.jpg"
"176","Oppo","OPPO Reno11 Pro","Gold","OPPO Reno11 Pro Gold official product phone white background","https://tse1.mm.bing.net/th?q=OPPO%20Reno11%20Pro%20Gold%20official%20product%20phone%20white%20background&w=700&h=700&c=7&rs=1&p=0","oppo-reno11-pro-8gb-128gb-gold.jpg"
"177","Oppo","OPPO Reno11","Black","OPPO Reno11 Black official product phone white background","https://tse1.mm.bing.net/th?q=OPPO%20Reno11%20Black%20official%20product%20phone%20white%20background&w=700&h=700&c=7&rs=1&p=0","oppo-reno11-6gb-128gb-black.jpg"
"177","Oppo","OPPO Reno11","White","OPPO Reno11 White official product phone white background","https://tse1.mm.bing.net/th?q=OPPO%20Reno11%20White%20official%20product%20phone%20white%20background&w=700&h=700&c=7&rs=1&p=0","oppo-reno11-6gb-128gb-white.jpg"
"177","Oppo","OPPO Reno11","Blue","OPPO Reno11 Blue official product phone white background","https://tse1.mm.bing.net/th?q=OPPO%20Reno11%20Blue%20official%20product%20phone%20white%20background&w=700&h=700&c=7&rs=1&p=0","oppo-reno11-6gb-128gb-blue.jpg"
"177","Oppo","OPPO Reno11","Gold","OPPO Reno11 Gold official product phone white background","https://tse1.mm.bing.net/th?q=OPPO%20Reno11%20Gold%20official%20product%20phone%20white%20background&w=700&h=700&c=7&rs=1&p=0","oppo-reno11-6gb-128gb-gold.jpg"
"178","Oppo","OPPO Reno10 Pro+","Black","OPPO Reno10 Pro+ Black official product phone white background","https://tse1.mm.bing.net/th?q=OPPO%20Reno10%20Pro%2B%20Black%20official%20product%20phone%20white%20background&w=700&h=700&c=7&rs=1&p=0","oppo-reno10-pro-plus-6gb-128gb-black.jpg"
"178","Oppo","OPPO Reno10 Pro+","White","OPPO Reno10 Pro+ White official product phone white background","https://tse1.mm.bing.net/th?q=OPPO%20Reno10%20Pro%2B%20White%20official%20product%20phone%20white%20background&w=700&h=700&c=7&rs=1&p=0","oppo-reno10-pro-plus-6gb-128gb-white.jpg"
"178","Oppo","OPPO Reno10 Pro+","Blue","OPPO Reno10 Pro+ Blue official product phone white background","https://tse1.mm.bing.net/th?q=OPPO%20Reno10%20Pro%2B%20Blue%20official%20product%20phone%20white%20background&w=700&h=700&c=7&rs=1&p=0","oppo-reno10-pro-plus-6gb-128gb-blue.jpg"
"178","Oppo","OPPO Reno10 Pro+","Gold","OPPO Reno10 Pro+ Gold official product phone white background","https://tse1.mm.bing.net/th?q=OPPO%20Reno10%20Pro%2B%20Gold%20official%20product%20phone%20white%20background&w=700&h=700&c=7&rs=1&p=0","oppo-reno10-pro-plus-6gb-128gb-gold.jpg"
"179","Oppo","OPPO Reno10 Pro","Black","OPPO Reno10 Pro Black official product phone white background","https://tse1.mm.bing.net/th?q=OPPO%20Reno10%20Pro%20Black%20official%20product%20phone%20white%20background&w=700&h=700&c=7&rs=1&p=0","oppo-reno10-pro-6gb-128gb-black.jpg"
"179","Oppo","OPPO Reno10 Pro","White","OPPO Reno10 Pro White official product phone white background","https://tse1.mm.bing.net/th?q=OPPO%20Reno10%20Pro%20White%20official%20product%20phone%20white%20background&w=700&h=700&c=7&rs=1&p=0","oppo-reno10-pro-6gb-128gb-white.jpg"
"179","Oppo","OPPO Reno10 Pro","Blue","OPPO Reno10 Pro Blue official product phone white background","https://tse1.mm.bing.net/th?q=OPPO%20Reno10%20Pro%20Blue%20official%20product%20phone%20white%20background&w=700&h=700&c=7&rs=1&p=0","oppo-reno10-pro-6gb-128gb-blue.jpg"
"179","Oppo","OPPO Reno10 Pro","Gold","OPPO Reno10 Pro Gold official product phone white background","https://tse1.mm.bing.net/th?q=OPPO%20Reno10%20Pro%20Gold%20official%20product%20phone%20white%20background&w=700&h=700&c=7&rs=1&p=0","oppo-reno10-pro-6gb-128gb-gold.jpg"
"180","Oppo","OPPO Reno10","Black","OPPO Reno10 Black official product phone white background","https://tse1.mm.bing.net/th?q=OPPO%20Reno10%20Black%20official%20product%20phone%20white%20background&w=700&h=700&c=7&rs=1&p=0","oppo-reno10-6gb-128gb-black.jpg"
"180","Oppo","OPPO Reno10","White","OPPO Reno10 White official product phone white background","https://tse1.mm.bing.net/th?q=OPPO%20Reno10%20White%20official%20product%20phone%20white%20background&w=700&h=700&c=7&rs=1&p=0","oppo-reno10-6gb-128gb-white.jpg"
"180","Oppo","OPPO Reno10","Blue","OPPO Reno10 Blue official product phone white background","https://tse1.mm.bing.net/th?q=OPPO%20Reno10%20Blue%20official%20product%20phone%20white%20background&w=700&h=700&c=7&rs=1&p=0","oppo-reno10-6gb-128gb-blue.jpg"
"180","Oppo","OPPO Reno10","Gold","OPPO Reno10 Gold official product phone white background","https://tse1.mm.bing.net/th?q=OPPO%20Reno10%20Gold%20official%20product%20phone%20white%20background&w=700&h=700&c=7&rs=1&p=0","oppo-reno10-6gb-128gb-gold.jpg"
"181","Oppo","OPPO Reno9 Pro+","Black","OPPO Reno9 Pro+ Black official product phone white background","https://tse1.mm.bing.net/th?q=OPPO%20Reno9%20Pro%2B%20Black%20official%20product%20phone%20white%20background&w=700&h=700&c=7&rs=1&p=0","oppo-reno9-pro-plus-6gb-128gb-black.jpg"
"181","Oppo","OPPO Reno9 Pro+","White","OPPO Reno9 Pro+ White official product phone white background","https://tse1.mm.bing.net/th?q=OPPO%20Reno9%20Pro%2B%20White%20official%20product%20phone%20white%20background&w=700&h=700&c=7&rs=1&p=0","oppo-reno9-pro-plus-6gb-128gb-white.jpg"
"181","Oppo","OPPO Reno9 Pro+","Blue","OPPO Reno9 Pro+ Blue official product phone white background","https://tse1.mm.bing.net/th?q=OPPO%20Reno9%20Pro%2B%20Blue%20official%20product%20phone%20white%20background&w=700&h=700&c=7&rs=1&p=0","oppo-reno9-pro-plus-6gb-128gb-blue.jpg"
"181","Oppo","OPPO Reno9 Pro+","Gold","OPPO Reno9 Pro+ Gold official product phone white background","https://tse1.mm.bing.net/th?q=OPPO%20Reno9%20Pro%2B%20Gold%20official%20product%20phone%20white%20background&w=700&h=700&c=7&rs=1&p=0","oppo-reno9-pro-plus-6gb-128gb-gold.jpg"
"182","Oppo","OPPO Reno9 Pro","Black","OPPO Reno9 Pro Black official product phone white background","https://tse1.mm.bing.net/th?q=OPPO%20Reno9%20Pro%20Black%20official%20product%20phone%20white%20background&w=700&h=700&c=7&rs=1&p=0","oppo-reno9-pro-6gb-128gb-black.jpg"
"182","Oppo","OPPO Reno9 Pro","White","OPPO Reno9 Pro White official product phone white background","https://tse1.mm.bing.net/th?q=OPPO%20Reno9%20Pro%20White%20official%20product%20phone%20white%20background&w=700&h=700&c=7&rs=1&p=0","oppo-reno9-pro-6gb-128gb-white.jpg"
"182","Oppo","OPPO Reno9 Pro","Blue","OPPO Reno9 Pro Blue official product phone white background","https://tse1.mm.bing.net/th?q=OPPO%20Reno9%20Pro%20Blue%20official%20product%20phone%20white%20background&w=700&h=700&c=7&rs=1&p=0","oppo-reno9-pro-6gb-128gb-blue.jpg"
"182","Oppo","OPPO Reno9 Pro","Gold","OPPO Reno9 Pro Gold official product phone white background","https://tse1.mm.bing.net/th?q=OPPO%20Reno9%20Pro%20Gold%20official%20product%20phone%20white%20background&w=700&h=700&c=7&rs=1&p=0","oppo-reno9-pro-6gb-128gb-gold.jpg"
"183","Oppo","OPPO Reno9","Black","OPPO Reno9 Black official product phone white background","https://tse1.mm.bing.net/th?q=OPPO%20Reno9%20Black%20official%20product%20phone%20white%20background&w=700&h=700&c=7&rs=1&p=0","oppo-reno9-6gb-128gb-black.jpg"
"183","Oppo","OPPO Reno9","White","OPPO Reno9 White official product phone white background","https://tse1.mm.bing.net/th?q=OPPO%20Reno9%20White%20official%20product%20phone%20white%20background&w=700&h=700&c=7&rs=1&p=0","oppo-reno9-6gb-128gb-white.jpg"
"183","Oppo","OPPO Reno9","Blue","OPPO Reno9 Blue official product phone white background","https://tse1.mm.bing.net/th?q=OPPO%20Reno9%20Blue%20official%20product%20phone%20white%20background&w=700&h=700&c=7&rs=1&p=0","oppo-reno9-6gb-128gb-blue.jpg"
"183","Oppo","OPPO Reno9","Gold","OPPO Reno9 Gold official product phone white background","https://tse1.mm.bing.net/th?q=OPPO%20Reno9%20Gold%20official%20product%20phone%20white%20background&w=700&h=700&c=7&rs=1&p=0","oppo-reno9-6gb-128gb-gold.jpg"
"184","Oppo","OPPO Reno8 Pro","Black","OPPO Reno8 Pro Black official product phone white background","https://tse1.mm.bing.net/th?q=OPPO%20Reno8%20Pro%20Black%20official%20product%20phone%20white%20background&w=700&h=700&c=7&rs=1&p=0","oppo-reno8-pro-6gb-128gb-black.jpg"
"184","Oppo","OPPO Reno8 Pro","White","OPPO Reno8 Pro White official product phone white background","https://tse1.mm.bing.net/th?q=OPPO%20Reno8%20Pro%20White%20official%20product%20phone%20white%20background&w=700&h=700&c=7&rs=1&p=0","oppo-reno8-pro-6gb-128gb-white.jpg"
"184","Oppo","OPPO Reno8 Pro","Blue","OPPO Reno8 Pro Blue official product phone white background","https://tse1.mm.bing.net/th?q=OPPO%20Reno8%20Pro%20Blue%20official%20product%20phone%20white%20background&w=700&h=700&c=7&rs=1&p=0","oppo-reno8-pro-6gb-128gb-blue.jpg"
"184","Oppo","OPPO Reno8 Pro","Gold","OPPO Reno8 Pro Gold official product phone white background","https://tse1.mm.bing.net/th?q=OPPO%20Reno8%20Pro%20Gold%20official%20product%20phone%20white%20background&w=700&h=700&c=7&rs=1&p=0","oppo-reno8-pro-6gb-128gb-gold.jpg"
"185","Oppo","OPPO Reno8","Black","OPPO Reno8 Black official product phone white background","https://tse1.mm.bing.net/th?q=OPPO%20Reno8%20Black%20official%20product%20phone%20white%20background&w=700&h=700&c=7&rs=1&p=0","oppo-reno8-6gb-128gb-black.jpg"
"185","Oppo","OPPO Reno8","White","OPPO Reno8 White official product phone white background","https://tse1.mm.bing.net/th?q=OPPO%20Reno8%20White%20official%20product%20phone%20white%20background&w=700&h=700&c=7&rs=1&p=0","oppo-reno8-6gb-128gb-white.jpg"
"185","Oppo","OPPO Reno8","Blue","OPPO Reno8 Blue official product phone white background","https://tse1.mm.bing.net/th?q=OPPO%20Reno8%20Blue%20official%20product%20phone%20white%20background&w=700&h=700&c=7&rs=1&p=0","oppo-reno8-6gb-128gb-blue.jpg"
"185","Oppo","OPPO Reno8","Gold","OPPO Reno8 Gold official product phone white background","https://tse1.mm.bing.net/th?q=OPPO%20Reno8%20Gold%20official%20product%20phone%20white%20background&w=700&h=700&c=7&rs=1&p=0","oppo-reno8-6gb-128gb-gold.jpg"
"186","Oppo","OPPO Reno7 Pro","Black","OPPO Reno7 Pro Black official product phone white background","https://tse1.mm.bing.net/th?q=OPPO%20Reno7%20Pro%20Black%20official%20product%20phone%20white%20background&w=700&h=700&c=7&rs=1&p=0","oppo-reno7-pro-6gb-128gb-black.jpg"
"186","Oppo","OPPO Reno7 Pro","White","OPPO Reno7 Pro White official product phone white background","https://tse1.mm.bing.net/th?q=OPPO%20Reno7%20Pro%20White%20official%20product%20phone%20white%20background&w=700&h=700&c=7&rs=1&p=0","oppo-reno7-pro-6gb-128gb-white.jpg"
"186","Oppo","OPPO Reno7 Pro","Blue","OPPO Reno7 Pro Blue official product phone white background","https://tse1.mm.bing.net/th?q=OPPO%20Reno7%20Pro%20Blue%20official%20product%20phone%20white%20background&w=700&h=700&c=7&rs=1&p=0","oppo-reno7-pro-6gb-128gb-blue.jpg"
"186","Oppo","OPPO Reno7 Pro","Gold","OPPO Reno7 Pro Gold official product phone white background","https://tse1.mm.bing.net/th?q=OPPO%20Reno7%20Pro%20Gold%20official%20product%20phone%20white%20background&w=700&h=700&c=7&rs=1&p=0","oppo-reno7-pro-6gb-128gb-gold.jpg"
"187","Oppo","OPPO Reno7","Black","OPPO Reno7 Black official product phone white background","https://tse1.mm.bing.net/th?q=OPPO%20Reno7%20Black%20official%20product%20phone%20white%20background&w=700&h=700&c=7&rs=1&p=0","oppo-reno7-6gb-128gb-black.jpg"
"187","Oppo","OPPO Reno7","White","OPPO Reno7 White official product phone white background","https://tse1.mm.bing.net/th?q=OPPO%20Reno7%20White%20official%20product%20phone%20white%20background&w=700&h=700&c=7&rs=1&p=0","oppo-reno7-6gb-128gb-white.jpg"
"187","Oppo","OPPO Reno7","Blue","OPPO Reno7 Blue official product phone white background","https://tse1.mm.bing.net/th?q=OPPO%20Reno7%20Blue%20official%20product%20phone%20white%20background&w=700&h=700&c=7&rs=1&p=0","oppo-reno7-6gb-128gb-blue.jpg"
"187","Oppo","OPPO Reno7","Gold","OPPO Reno7 Gold official product phone white background","https://tse1.mm.bing.net/th?q=OPPO%20Reno7%20Gold%20official%20product%20phone%20white%20background&w=700&h=700&c=7&rs=1&p=0","oppo-reno7-6gb-128gb-gold.jpg"
"188","Oppo","OPPO Reno6 Pro","Black","OPPO Reno6 Pro Black official product phone white background","https://tse1.mm.bing.net/th?q=OPPO%20Reno6%20Pro%20Black%20official%20product%20phone%20white%20background&w=700&h=700&c=7&rs=1&p=0","oppo-reno6-pro-6gb-128gb-black.jpg"
"188","Oppo","OPPO Reno6 Pro","White","OPPO Reno6 Pro White official product phone white background","https://tse1.mm.bing.net/th?q=OPPO%20Reno6%20Pro%20White%20official%20product%20phone%20white%20background&w=700&h=700&c=7&rs=1&p=0","oppo-reno6-pro-6gb-128gb-white.jpg"
"188","Oppo","OPPO Reno6 Pro","Blue","OPPO Reno6 Pro Blue official product phone white background","https://tse1.mm.bing.net/th?q=OPPO%20Reno6%20Pro%20Blue%20official%20product%20phone%20white%20background&w=700&h=700&c=7&rs=1&p=0","oppo-reno6-pro-6gb-128gb-blue.jpg"
"188","Oppo","OPPO Reno6 Pro","Gold","OPPO Reno6 Pro Gold official product phone white background","https://tse1.mm.bing.net/th?q=OPPO%20Reno6%20Pro%20Gold%20official%20product%20phone%20white%20background&w=700&h=700&c=7&rs=1&p=0","oppo-reno6-pro-6gb-128gb-gold.jpg"
"189","Oppo","OPPO Reno6","Black","OPPO Reno6 Black official product phone white background","https://tse1.mm.bing.net/th?q=OPPO%20Reno6%20Black%20official%20product%20phone%20white%20background&w=700&h=700&c=7&rs=1&p=0","oppo-reno6-4gb-64gb-black.jpg"
"189","Oppo","OPPO Reno6","White","OPPO Reno6 White official product phone white background","https://tse1.mm.bing.net/th?q=OPPO%20Reno6%20White%20official%20product%20phone%20white%20background&w=700&h=700&c=7&rs=1&p=0","oppo-reno6-4gb-64gb-white.jpg"
"189","Oppo","OPPO Reno6","Blue","OPPO Reno6 Blue official product phone white background","https://tse1.mm.bing.net/th?q=OPPO%20Reno6%20Blue%20official%20product%20phone%20white%20background&w=700&h=700&c=7&rs=1&p=0","oppo-reno6-4gb-64gb-blue.jpg"
"189","Oppo","OPPO Reno6","Gold","OPPO Reno6 Gold official product phone white background","https://tse1.mm.bing.net/th?q=OPPO%20Reno6%20Gold%20official%20product%20phone%20white%20background&w=700&h=700&c=7&rs=1&p=0","oppo-reno6-4gb-64gb-gold.jpg"
"190","Oppo","OPPO A6 Pro 5G","Black","OPPO A6 Pro 5G Black official product phone white background","https://tse1.mm.bing.net/th?q=OPPO%20A6%20Pro%205G%20Black%20official%20product%20phone%20white%20background&w=700&h=700&c=7&rs=1&p=0","oppo-a6-pro-5g-4gb-64gb-black.jpg"
"190","Oppo","OPPO A6 Pro 5G","White","OPPO A6 Pro 5G White official product phone white background","https://tse1.mm.bing.net/th?q=OPPO%20A6%20Pro%205G%20White%20official%20product%20phone%20white%20background&w=700&h=700&c=7&rs=1&p=0","oppo-a6-pro-5g-4gb-64gb-white.jpg"
"190","Oppo","OPPO A6 Pro 5G","Blue","OPPO A6 Pro 5G Blue official product phone white background","https://tse1.mm.bing.net/th?q=OPPO%20A6%20Pro%205G%20Blue%20official%20product%20phone%20white%20background&w=700&h=700&c=7&rs=1&p=0","oppo-a6-pro-5g-4gb-64gb-blue.jpg"
"190","Oppo","OPPO A6 Pro 5G","Gold","OPPO A6 Pro 5G Gold official product phone white background","https://tse1.mm.bing.net/th?q=OPPO%20A6%20Pro%205G%20Gold%20official%20product%20phone%20white%20background&w=700&h=700&c=7&rs=1&p=0","oppo-a6-pro-5g-4gb-64gb-gold.jpg"
"191","Oppo","OPPO A6 5G","Black","OPPO A6 5G Black official product phone white background","https://tse1.mm.bing.net/th?q=OPPO%20A6%205G%20Black%20official%20product%20phone%20white%20background&w=700&h=700&c=7&rs=1&p=0","oppo-a6-5g-4gb-64gb-black.jpg"
"191","Oppo","OPPO A6 5G","White","OPPO A6 5G White official product phone white background","https://tse1.mm.bing.net/th?q=OPPO%20A6%205G%20White%20official%20product%20phone%20white%20background&w=700&h=700&c=7&rs=1&p=0","oppo-a6-5g-4gb-64gb-white.jpg"
"191","Oppo","OPPO A6 5G","Blue","OPPO A6 5G Blue official product phone white background","https://tse1.mm.bing.net/th?q=OPPO%20A6%205G%20Blue%20official%20product%20phone%20white%20background&w=700&h=700&c=7&rs=1&p=0","oppo-a6-5g-4gb-64gb-blue.jpg"
"191","Oppo","OPPO A6 5G","Gold","OPPO A6 5G Gold official product phone white background","https://tse1.mm.bing.net/th?q=OPPO%20A6%205G%20Gold%20official%20product%20phone%20white%20background&w=700&h=700&c=7&rs=1&p=0","oppo-a6-5g-4gb-64gb-gold.jpg"
"192","Oppo","OPPO A5 Pro 5G","Black","OPPO A5 Pro 5G Black official product phone white background","https://tse1.mm.bing.net/th?q=OPPO%20A5%20Pro%205G%20Black%20official%20product%20phone%20white%20background&w=700&h=700&c=7&rs=1&p=0","oppo-a5-pro-5g-4gb-64gb-black.jpg"
"192","Oppo","OPPO A5 Pro 5G","White","OPPO A5 Pro 5G White official product phone white background","https://tse1.mm.bing.net/th?q=OPPO%20A5%20Pro%205G%20White%20official%20product%20phone%20white%20background&w=700&h=700&c=7&rs=1&p=0","oppo-a5-pro-5g-4gb-64gb-white.jpg"
"192","Oppo","OPPO A5 Pro 5G","Blue","OPPO A5 Pro 5G Blue official product phone white background","https://tse1.mm.bing.net/th?q=OPPO%20A5%20Pro%205G%20Blue%20official%20product%20phone%20white%20background&w=700&h=700&c=7&rs=1&p=0","oppo-a5-pro-5g-4gb-64gb-blue.jpg"
"192","Oppo","OPPO A5 Pro 5G","Gold","OPPO A5 Pro 5G Gold official product phone white background","https://tse1.mm.bing.net/th?q=OPPO%20A5%20Pro%205G%20Gold%20official%20product%20phone%20white%20background&w=700&h=700&c=7&rs=1&p=0","oppo-a5-pro-5g-4gb-64gb-gold.jpg"
"193","Oppo","OPPO A5 5G","Black","OPPO A5 5G Black official product phone white background","https://tse1.mm.bing.net/th?q=OPPO%20A5%205G%20Black%20official%20product%20phone%20white%20background&w=700&h=700&c=7&rs=1&p=0","oppo-a5-5g-4gb-64gb-black.jpg"
"193","Oppo","OPPO A5 5G","White","OPPO A5 5G White official product phone white background","https://tse1.mm.bing.net/th?q=OPPO%20A5%205G%20White%20official%20product%20phone%20white%20background&w=700&h=700&c=7&rs=1&p=0","oppo-a5-5g-4gb-64gb-white.jpg"
"193","Oppo","OPPO A5 5G","Blue","OPPO A5 5G Blue official product phone white background","https://tse1.mm.bing.net/th?q=OPPO%20A5%205G%20Blue%20official%20product%20phone%20white%20background&w=700&h=700&c=7&rs=1&p=0","oppo-a5-5g-4gb-64gb-blue.jpg"
"193","Oppo","OPPO A5 5G","Gold","OPPO A5 5G Gold official product phone white background","https://tse1.mm.bing.net/th?q=OPPO%20A5%205G%20Gold%20official%20product%20phone%20white%20background&w=700&h=700&c=7&rs=1&p=0","oppo-a5-5g-4gb-64gb-gold.jpg"
"194","Oppo","OPPO A5","Black","OPPO A5 Black official product phone white background","https://tse1.mm.bing.net/th?q=OPPO%20A5%20Black%20official%20product%20phone%20white%20background&w=700&h=700&c=7&rs=1&p=0","oppo-a5-4gb-64gb-black.jpg"
"194","Oppo","OPPO A5","White","OPPO A5 White official product phone white background","https://tse1.mm.bing.net/th?q=OPPO%20A5%20White%20official%20product%20phone%20white%20background&w=700&h=700&c=7&rs=1&p=0","oppo-a5-4gb-64gb-white.jpg"
"194","Oppo","OPPO A5","Blue","OPPO A5 Blue official product phone white background","https://tse1.mm.bing.net/th?q=OPPO%20A5%20Blue%20official%20product%20phone%20white%20background&w=700&h=700&c=7&rs=1&p=0","oppo-a5-4gb-64gb-blue.jpg"
"194","Oppo","OPPO A5","Gold","OPPO A5 Gold official product phone white background","https://tse1.mm.bing.net/th?q=OPPO%20A5%20Gold%20official%20product%20phone%20white%20background&w=700&h=700&c=7&rs=1&p=0","oppo-a5-4gb-64gb-gold.jpg"
"195","Oppo","OPPO A3 Pro","Black","OPPO A3 Pro Black official product phone white background","https://tse1.mm.bing.net/th?q=OPPO%20A3%20Pro%20Black%20official%20product%20phone%20white%20background&w=700&h=700&c=7&rs=1&p=0","oppo-a3-pro-4gb-64gb-black.jpg"
"195","Oppo","OPPO A3 Pro","White","OPPO A3 Pro White official product phone white background","https://tse1.mm.bing.net/th?q=OPPO%20A3%20Pro%20White%20official%20product%20phone%20white%20background&w=700&h=700&c=7&rs=1&p=0","oppo-a3-pro-4gb-64gb-white.jpg"
"195","Oppo","OPPO A3 Pro","Blue","OPPO A3 Pro Blue official product phone white background","https://tse1.mm.bing.net/th?q=OPPO%20A3%20Pro%20Blue%20official%20product%20phone%20white%20background&w=700&h=700&c=7&rs=1&p=0","oppo-a3-pro-4gb-64gb-blue.jpg"
"195","Oppo","OPPO A3 Pro","Gold","OPPO A3 Pro Gold official product phone white background","https://tse1.mm.bing.net/th?q=OPPO%20A3%20Pro%20Gold%20official%20product%20phone%20white%20background&w=700&h=700&c=7&rs=1&p=0","oppo-a3-pro-4gb-64gb-gold.jpg"
"196","Oppo","OPPO A3","Black","OPPO A3 Black official product phone white background","https://tse1.mm.bing.net/th?q=OPPO%20A3%20Black%20official%20product%20phone%20white%20background&w=700&h=700&c=7&rs=1&p=0","oppo-a3-4gb-64gb-black.jpg"
"196","Oppo","OPPO A3","White","OPPO A3 White official product phone white background","https://tse1.mm.bing.net/th?q=OPPO%20A3%20White%20official%20product%20phone%20white%20background&w=700&h=700&c=7&rs=1&p=0","oppo-a3-4gb-64gb-white.jpg"
"196","Oppo","OPPO A3","Blue","OPPO A3 Blue official product phone white background","https://tse1.mm.bing.net/th?q=OPPO%20A3%20Blue%20official%20product%20phone%20white%20background&w=700&h=700&c=7&rs=1&p=0","oppo-a3-4gb-64gb-blue.jpg"
"196","Oppo","OPPO A3","Gold","OPPO A3 Gold official product phone white background","https://tse1.mm.bing.net/th?q=OPPO%20A3%20Gold%20official%20product%20phone%20white%20background&w=700&h=700&c=7&rs=1&p=0","oppo-a3-4gb-64gb-gold.jpg"
"197","Oppo","OPPO A98","Black","OPPO A98 Black official product phone white background","https://tse1.mm.bing.net/th?q=OPPO%20A98%20Black%20official%20product%20phone%20white%20background&w=700&h=700&c=7&rs=1&p=0","oppo-a98-4gb-64gb-black.jpg"
"197","Oppo","OPPO A98","White","OPPO A98 White official product phone white background","https://tse1.mm.bing.net/th?q=OPPO%20A98%20White%20official%20product%20phone%20white%20background&w=700&h=700&c=7&rs=1&p=0","oppo-a98-4gb-64gb-white.jpg"
"197","Oppo","OPPO A98","Blue","OPPO A98 Blue official product phone white background","https://tse1.mm.bing.net/th?q=OPPO%20A98%20Blue%20official%20product%20phone%20white%20background&w=700&h=700&c=7&rs=1&p=0","oppo-a98-4gb-64gb-blue.jpg"
"197","Oppo","OPPO A98","Gold","OPPO A98 Gold official product phone white background","https://tse1.mm.bing.net/th?q=OPPO%20A98%20Gold%20official%20product%20phone%20white%20background&w=700&h=700&c=7&rs=1&p=0","oppo-a98-4gb-64gb-gold.jpg"
"198","Oppo","OPPO A96","Black","OPPO A96 Black official product phone white background","https://tse1.mm.bing.net/th?q=OPPO%20A96%20Black%20official%20product%20phone%20white%20background&w=700&h=700&c=7&rs=1&p=0","oppo-a96-4gb-64gb-black.jpg"
"198","Oppo","OPPO A96","White","OPPO A96 White official product phone white background","https://tse1.mm.bing.net/th?q=OPPO%20A96%20White%20official%20product%20phone%20white%20background&w=700&h=700&c=7&rs=1&p=0","oppo-a96-4gb-64gb-white.jpg"
"198","Oppo","OPPO A96","Blue","OPPO A96 Blue official product phone white background","https://tse1.mm.bing.net/th?q=OPPO%20A96%20Blue%20official%20product%20phone%20white%20background&w=700&h=700&c=7&rs=1&p=0","oppo-a96-4gb-64gb-blue.jpg"
"198","Oppo","OPPO A96","Gold","OPPO A96 Gold official product phone white background","https://tse1.mm.bing.net/th?q=OPPO%20A96%20Gold%20official%20product%20phone%20white%20background&w=700&h=700&c=7&rs=1&p=0","oppo-a96-4gb-64gb-gold.jpg"
"199","Oppo","OPPO A78","Black","OPPO A78 Black official product phone white background","https://tse1.mm.bing.net/th?q=OPPO%20A78%20Black%20official%20product%20phone%20white%20background&w=700&h=700&c=7&rs=1&p=0","oppo-a78-4gb-64gb-black.jpg"
"199","Oppo","OPPO A78","White","OPPO A78 White official product phone white background","https://tse1.mm.bing.net/th?q=OPPO%20A78%20White%20official%20product%20phone%20white%20background&w=700&h=700&c=7&rs=1&p=0","oppo-a78-4gb-64gb-white.jpg"
"199","Oppo","OPPO A78","Blue","OPPO A78 Blue official product phone white background","https://tse1.mm.bing.net/th?q=OPPO%20A78%20Blue%20official%20product%20phone%20white%20background&w=700&h=700&c=7&rs=1&p=0","oppo-a78-4gb-64gb-blue.jpg"
"199","Oppo","OPPO A78","Gold","OPPO A78 Gold official product phone white background","https://tse1.mm.bing.net/th?q=OPPO%20A78%20Gold%20official%20product%20phone%20white%20background&w=700&h=700&c=7&rs=1&p=0","oppo-a78-4gb-64gb-gold.jpg"
"200","Oppo","OPPO A57","Black","OPPO A57 Black official product phone white background","https://tse1.mm.bing.net/th?q=OPPO%20A57%20Black%20official%20product%20phone%20white%20background&w=700&h=700&c=7&rs=1&p=0","oppo-a57-4gb-64gb-black.jpg"
"200","Oppo","OPPO A57","White","OPPO A57 White official product phone white background","https://tse1.mm.bing.net/th?q=OPPO%20A57%20White%20official%20product%20phone%20white%20background&w=700&h=700&c=7&rs=1&p=0","oppo-a57-4gb-64gb-white.jpg"
"200","Oppo","OPPO A57","Blue","OPPO A57 Blue official product phone white background","https://tse1.mm.bing.net/th?q=OPPO%20A57%20Blue%20official%20product%20phone%20white%20background&w=700&h=700&c=7&rs=1&p=0","oppo-a57-4gb-64gb-blue.jpg"
"200","Oppo","OPPO A57","Gold","OPPO A57 Gold official product phone white background","https://tse1.mm.bing.net/th?q=OPPO%20A57%20Gold%20official%20product%20phone%20white%20background&w=700&h=700&c=7&rs=1&p=0","oppo-a57-4gb-64gb-gold.jpg"
